dt_end,dt_aligned,P_pred,GTI,GHI,DHI,DNI,T2m,WS10m,CC,CC_low,CC_mid,CC_high,solar_elev_deg
2025-01-01 00:00:00,2024-12-31 23:10:00,0.0,0.0,0.0,0.0,0.0,0.0,0.1,0,0,0,0,-62.28730344272939
2025-01-01 01:00:00,2025-01-01 00:10:00,0.0,0.0,0.0,0.0,0.0,0.0,0.1,0,0,0,0,-67.590061914309
2025-01-01 02:00:00,2025-01-01 01:10:00,0.0,0.0,0.0,0.0,0.0,-0.5,0.21,0,0,0,0,-66.72953167514298
2025-01-01 03:00:00,2025-01-01 02:10:00,0.0,0.0,0.0,0.0,0.0,-1.2,0.92,0,0,0,0,-60.36074241918904
2025-01-01 04:00:00,2025-01-01 03:10:00,0.0,0.0,0.0,0.0,0.0,-1.3,0.32,0,0,0,0,-51.20247061102149
2025-01-01 05:00:00,2025-01-01 04:10:00,0.0,0.0,0.0,0.0,0.0,-1.5,0.05,0,0,0,0,-40.9490382606755
2025-01-01 06:00:00,2025-01-01 05:10:00,0.0,0.0,0.0,0.0,0.0,-1.8,0.18,0,0,0,0,-30.375419056369655
2025-01-01 07:00:00,2025-01-01 06:10:00,0.0,0.0,0.0,0.0,0.0,-1.9,0.27,0,0,0,0,-19.90047239089404
2025-01-01 08:00:00,2025-01-01 07:10:00,0.0,0.0,0.0,0.0,0.0,-1.8,0.16,0,0,0,0,-9.835022046175379
2025-01-01 09:00:00,2025-01-01 08:10:00,8336.970703125,21.0,21.0,11.0,107.1,-0.9,0.49,1,1,0,0,-0.4860989827311935
2025-01-01 10:00:00,2025-01-01 09:10:00,13698.162109375,103.0,103.0,46.0,321.8,0.3,0.45,6,6,0,0,7.789999709076367
2025-01-01 11:00:00,2025-01-01 10:10:00,14055.8466796875,193.0,193.0,73.0,425.5,3.0,0.43,16,16,0,0,14.563936203338868
2025-01-01 12:00:00,2025-01-01 11:10:00,17319.892578125,261.0,261.0,93.0,481.5,5.1,0.2,7,7,0,0,19.352253296718253
2025-01-01 13:00:00,2025-01-01 12:10:00,17172.923828125,299.0,299.0,103.0,525.2,6.4,0.41,5,5,0,0,21.706056602275968
2025-01-01 14:00:00,2025-01-01 13:10:00,16234.3349609375,252.0,252.0,86.0,469.8,6.7,0.6,2,2,0,0,21.361466028006184
2025-01-01 15:00:00,2025-01-01 14:10:00,11781.10546875,198.0,198.0,70.0,440.4,6.1,1.02,2,2,0,0,18.359186245133458
2025-01-01 16:00:00,2025-01-01 15:10:00,6250.1318359375,124.0,124.0,51.0,385.5,4.4,1.06,2,2,0,0,13.02458127984239
2025-01-01 17:00:00,2025-01-01 16:10:00,265.8940124511719,30.0,30.0,16.0,139.4,2.7,1.27,2,2,0,0,5.827963228646163
2025-01-01 18:00:00,2025-01-01 17:10:00,0.0,0.0,0.0,0.0,0.0,2.1,0.81,34,34,0,0,-2.755512752935466
2025-01-01 19:00:00,2025-01-01 18:10:00,0.0,0.0,0.0,0.0,0.0,2.2,0.1,13,13,0,0,-12.315102764541194
2025-01-01 20:00:00,2025-01-01 19:10:00,0.0,0.0,0.0,0.0,0.0,1.6,0.3,100,100,0,0,-22.51003166629895
2025-01-01 21:00:00,2025-01-01 20:10:00,0.0,0.0,0.0,0.0,0.0,0.9,0.71,100,100,0,0,-33.03803093567891
2025-01-01 22:00:00,2025-01-01 21:10:00,0.0,0.0,0.0,0.0,0.0,1.0,0.65,100,100,0,0,-43.57306199649837
2025-01-01 23:00:00,2025-01-01 22:10:00,0.0,0.0,0.0,0.0,0.0,1.1,0.46,100,100,0,0,-53.6371878937327
2025-01-02 00:00:00,2025-01-01 23:10:00,0.0,0.0,0.0,0.0,0.0,0.9,0.38,100,100,0,0,-62.28730344272939
2025-01-02 01:00:00,2025-01-02 00:10:00,0.0,0.0,0.0,0.0,0.0,0.9,0.79,100,100,0,0,-67.49717948320227
2025-01-02 02:00:00,2025-01-02 01:10:00,0.0,0.0,0.0,0.0,0.0,0.9,0.65,77,77,0,0,-66.68713722110937
2025-01-02 03:00:00,2025-01-02 02:10:00,0.0,0.0,0.0,0.0,0.0,1.0,0.81,89,88,0,5,-60.36015925176915
2025-01-02 04:00:00,2025-01-02 03:10:00,0.0,0.0,0.0,0.0,0.0,0.9,1.01,100,95,1,96,-51.22290214969914
2025-01-02 05:00:00,2025-01-02 04:10:00,0.0,0.0,0.0,0.0,0.0,0.6,0.81,100,84,0,100,-40.977622947806985
2025-01-02 06:00:00,2025-01-02 05:10:00,0.0,0.0,0.0,0.0,0.0,0.6,1.05,90,83,0,42,-30.404925234278693
2025-01-02 07:00:00,2025-01-02 06:10:00,0.0,0.0,0.0,0.0,0.0,0.5,1.32,100,99,2,95,-19.92612584303574
2025-01-02 08:00:00,2025-01-02 07:10:00,0.0,0.0,0.0,0.0,0.0,0.4,1.44,100,100,4,77,-9.852951058547829
2025-01-02 09:00:00,2025-01-02 08:10:00,2331.463623046875,8.0,8.0,8.0,0.0,0.5,1.16,100,100,7,83,-0.49261674008031275
2025-01-02 10:00:00,2025-01-02 09:10:00,4095.4853515625,42.0,42.0,34.0,45.1,1.4,1.2,100,100,7,96,7.798650941054406
2025-01-02 11:00:00,2025-01-02 10:10:00,3849.617431640625,69.0,69.0,57.0,42.5,2.5,0.89,100,97,30,99,14.591399267055305
2025-01-02 12:00:00,2025-01-02 11:10:00,3966.595947265625,84.0,84.0,84.0,0.0,3.2,0.6,100,93,57,100,19.401314656415806
2025-01-02 13:00:00,2025-01-02 12:10:00,3945.141357421875,82.0,82.0,82.0,0.0,3.6,0.18,100,90,12,99,21.77747945914865
2025-01-02 14:00:00,2025-01-02 13:10:00,5264.939453125,110.0,110.0,110.0,0.0,5.3,0.74,100,64,66,99,21.45318785670656
2025-01-02 15:00:00,2025-01-02 14:10:00,4411.8291015625,101.0,101.0,101.0,0.0,5.7,0.61,100,19,40,100,18.46684078263952
2025-01-02 16:00:00,2025-01-02 15:10:00,3590.98779296875,85.0,85.0,74.0,57.4,5.4,0.81,98,15,3,98,13.143111500032171
2025-01-02 17:00:00,2025-01-02 16:10:00,236.05259704589844,27.0,27.0,18.0,88.6,3.8,0.87,99,30,52,96,5.953047527415657
2025-01-02 18:00:00,2025-01-02 17:10:00,0.0,0.0,0.0,0.0,0.0,3.5,0.96,93,32,12,88,-2.6269178535916033
2025-01-02 19:00:00,2025-01-02 18:10:00,0.0,0.0,0.0,0.0,0.0,3.2,1.1,100,33,25,100,-12.18485890227459
2025-01-02 20:00:00,2025-01-02 19:10:00,0.0,0.0,0.0,0.0,0.0,2.7,1.19,98,63,56,88,-22.37912024116341
2025-01-02 21:00:00,2025-01-02 20:10:00,0.0,0.0,0.0,0.0,0.0,2.5,1.53,100,96,34,91,-32.906854126544594
2025-01-02 22:00:00,2025-01-02 21:10:00,0.0,0.0,0.0,0.0,0.0,1.2,1.45,99,93,8,89,-43.4417950832903
2025-01-02 23:00:00,2025-01-02 22:10:00,0.0,0.0,0.0,0.0,0.0,0.2,1.06,100,100,54,77,-53.5066731042851
2025-01-03 00:00:00,2025-01-02 23:10:00,0.0,0.0,0.0,0.0,0.0,-0.4,0.21,100,99,12,93,-62.16248489920128
2025-01-03 01:00:00,2025-01-03 00:10:00,0.0,0.0,0.0,0.0,0.0,-0.5,0.29,100,100,62,89,-67.39668941062072
2025-01-03 02:00:00,2025-01-03 01:10:00,0.0,0.0,0.0,0.0,0.0,-1.3,0.49,100,100,68,83,-66.63667095010986
2025-01-03 03:00:00,2025-01-03 02:10:00,0.0,0.0,0.0,0.0,0.0,-1.5,0.28,100,100,75,97,-60.352463020878794
2025-01-03 04:00:00,2025-01-03 03:10:00,0.0,0.0,0.0,0.0,0.0,-1.4,0.65,100,100,39,96,-51.23709814833264
2025-01-03 05:00:00,2025-01-03 04:10:00,0.0,0.0,0.0,0.0,0.0,-1.4,1.58,100,100,31,78,-41.00042133683604
2025-01-03 06:00:00,2025-01-03 05:10:00,0.0,0.0,0.0,0.0,0.0,-1.1,1.92,100,100,48,89,-30.428773795942025
2025-01-03 07:00:00,2025-01-03 06:10:00,0.0,0.0,0.0,0.0,0.0,-1.1,1.99,99,99,8,18,-19.946034865424537
2025-01-03 08:00:00,2025-01-03 07:10:00,0.0,0.0,0.0,0.0,0.0,-0.9,1.66,97,95,40,34,-9.864898773513621
2025-01-03 09:00:00,2025-01-03 08:10:00,5211.03271484375,21.0,21.0,14.0,74.8,-0.3,1.54,98,96,32,42,-0.49281183479568674
2025-01-03 10:00:00,2025-01-03 09:10:00,6690.3017578125,89.0,89.0,65.0,134.9,1.1,0.68,100,100,14,72,7.814024854039114
2025-01-03 11:00:00,2025-01-03 10:10:00,11879.736328125,180.0,180.0,85.0,335.1,2.8,0.2,100,99,15,75,14.625979802041323
2025-01-03 12:00:00,2025-01-03 11:10:00,18091.9765625,301.0,301.0,89.0,603.8,4.8,0.42,50,30,2,26,19.457790808408795
2025-01-03 13:00:00,2025-01-03 12:10:00,18199.392578125,323.0,323.0,92.0,614.1,6.2,1.1,30,19,7,8,21.856410191334362
2025-01-03 14:00:00,2025-01-03 13:10:00,17236.37890625,323.0,323.0,72.0,703.2,7.6,1.09,25,24,0,1,21.55223547132265
2025-01-03 15:00:00,2025-01-03 14:10:00,13675.158203125,260.0,260.0,64.0,664.8,7.9,1.16,11,9,0,2,18.581381933537063
2025-01-03 16:00:00,2025-01-03 15:10:00,7708.65234375,155.0,155.0,46.0,561.9,6.4,0.83,16,3,0,13,13.26793194720982
2025-01-03 17:00:00,2025-01-03 16:10:00,317.55181884765625,38.0,38.0,16.0,213.9,4.1,0.56,33,1,0,32,6.083788233389695
2025-01-03 18:00:00,2025-01-03 17:10:00,0.0,0.0,0.0,0.0,0.0,3.2,0.49,95,0,0,95,-2.493246488698037
2025-01-03 19:00:00,2025-01-03 18:10:00,0.0,0.0,0.0,0.0,0.0,2.2,0.53,98,0,0,98,-12.05000831028753
2025-01-03 20:00:00,2025-01-03 19:10:00,0.0,0.0,0.0,0.0,0.0,1.5,0.45,97,0,0,97,-22.243923524378285
2025-01-03 21:00:00,2025-01-03 20:10:00,0.0,0.0,0.0,0.0,0.0,0.7,0.21,92,0,0,92,-32.771523259163644
2025-01-03 22:00:00,2025-01-03 21:10:00,0.0,0.0,0.0,0.0,0.0,0.0,0.21,10,0,0,9,-43.30624427159681
2025-01-03 23:00:00,2025-01-03 22:10:00,0.0,0.0,0.0,0.0,0.0,-0.8,0.32,0,0,0,0,-53.37135053914224
2025-01-04 00:00:00,2025-01-03 23:10:00,0.0,0.0,0.0,0.0,0.0,-1.8,0.98,0,0,0,0,-62.03173802728805
2025-01-04 01:00:00,2025-01-04 00:10:00,0.0,0.0,0.0,0.0,0.0,-2.2,0.85,0,0,0,0,-67.28866946591386
2025-01-04 02:00:00,2025-01-04 01:10:00,0.0,0.0,0.0,0.0,0.0,-0.1,1.05,0,0,0,0,-66.57812789904438
2025-01-04 03:00:00,2025-01-04 02:10:00,0.0,0.0,0.0,0.0,0.0,-0.7,0.62,3,3,0,0,-60.33759065561542
2025-01-04 04:00:00,2025-01-04 03:10:00,0.0,0.0,0.0,0.0,0.0,-0.6,0.05,14,14,0,0,-51.24498499716438
2025-01-04 05:00:00,2025-01-04 04:10:00,0.0,0.0,0.0,0.0,0.0,-0.6,0.05,100,100,0,0,-41.017364851391314
2025-01-04 06:00:00,2025-01-04 05:10:00,0.0,0.0,0.0,0.0,0.0,-0.8,0.32,100,100,0,3,-30.44690536978451
2025-01-04 07:00:00,2025-01-04 06:10:00,0.0,0.0,0.0,0.0,0.0,-1.0,0.35,100,100,0,3,-19.96015087992077
2025-01-04 08:00:00,2025-01-04 07:10:00,0.0,0.0,0.0,0.0,0.0,-0.9,0.55,100,100,0,7,-9.870828499888455
2025-01-04 09:00:00,2025-01-04 08:10:00,5054.70068359375,19.0,19.0,11.0,85.3,-0.4,0.57,100,100,0,74,-0.48666044252096113
2025-01-04 10:00:00,2025-01-04 09:10:00,9874.630859375,98.0,98.0,55.0,240.9,0.6,0.6,100,100,0,42,7.836131641908734
2025-01-04 11:00:00,2025-01-04 10:10:00,12451.755859375,183.0,183.0,80.0,362.2,1.5,0.88,88,83,0,30,14.667674064578177
2025-01-04 12:00:00,2025-01-04 11:10:00,11248.0263671875,203.0,203.0,111.0,261.1,3.0,1.27,96,62,0,90,19.521664290070223
2025-01-04 13:00:00,2025-01-04 12:10:00,11356.943359375,215.0,215.0,122.0,246.2,3.5,1.17,79,56,0,53,21.942818001861877
2025-01-04 14:00:00,2025-01-04 13:10:00,8540.734375,176.0,176.0,119.0,158.8,4.0,1.31,90,5,57,75,21.658564917231296
2025-01-04 15:00:00,2025-01-04 14:10:00,2950.090576171875,96.0,96.0,80.0,53.9,3.5,1.57,93,15,61,78,18.702753026565368
2025-01-04 16:00:00,2025-01-04 15:10:00,2311.673583984375,61.0,61.0,51.0,50.9,3.2,1.52,98,22,82,87,13.398974799949597
2025-01-04 17:00:00,2025-01-04 16:10:00,199.94252014160156,12.0,12.0,12.0,0.0,2.8,1.57,78,49,48,18,6.220109054011473
2025-01-04 18:00:00,2025-01-04 17:10:00,0.0,0.0,0.0,0.0,0.0,2.3,1.43,88,75,45,31,-2.354580412587723
2025-01-04 19:00:00,2025-01-04 18:10:00,0.0,0.0,0.0,0.0,0.0,2.0,1.22,99,93,37,77,-11.91063556785397
2025-01-04 20:00:00,2025-01-04 19:10:00,0.0,0.0,0.0,0.0,0.0,1.6,1.25,100,98,74,98,-22.104526992468383
2025-01-04 21:00:00,2025-01-04 20:10:00,0.0,0.0,0.0,0.0,0.0,1.3,0.92,100,100,63,93,-32.63212366680207
2025-01-04 22:00:00,2025-01-04 21:10:00,0.0,0.0,0.0,0.0,0.0,0.9,0.69,99,75,87,85,-43.16649496616523
2025-01-04 23:00:00,2025-01-04 22:10:00,0.0,0.0,0.0,0.0,0.0,0.6,0.25,97,90,18,61,-53.231308026772815
2025-01-05 00:00:00,2025-01-04 23:10:00,0.0,0.0,0.0,0.0,0.0,0.2,0.2,100,96,71,69,-61.89515687280753
2025-01-05 01:00:00,2025-01-05 00:10:00,0.0,0.0,0.0,0.0,0.0,-0.5,0.22,99,94,27,67,-67.17320103090302
2025-01-05 02:00:00,2025-01-05 01:10:00,0.0,0.0,0.0,0.0,0.0,0.2,0.54,100,100,29,89,-66.5115092661079
2025-01-05 03:00:00,2025-01-05 02:10:00,0.0,0.0,0.0,0.0,0.0,-0.1,0.64,100,100,49,89,-60.315483009351304
2025-01-05 04:00:00,2025-01-05 03:10:00,0.0,0.0,0.0,0.0,0.0,-0.2,0.5,100,100,25,95,-51.24649151012648
2025-01-05 05:00:00,2025-01-05 04:10:00,0.0,0.0,0.0,0.0,0.0,-0.3,0.45,100,100,24,89,-41.02838696234979
2025-01-05 06:00:00,2025-01-05 05:10:00,0.0,0.0,0.0,0.0,0.0,-0.3,0.63,100,100,6,98,-30.459262705334613
2025-01-05 07:00:00,2025-01-05 06:10:00,0.0,0.0,0.0,0.0,0.0,-0.2,0.71,100,100,4,100,-19.968427655592233
2025-01-05 08:00:00,2025-01-05 07:10:00,0.0,0.0,0.0,0.0,0.0,-0.2,0.71,100,100,5,100,-9.870706153945425
2025-01-05 09:00:00,2025-01-05 08:10:00,2294.441162109375,14.0,14.0,13.0,10.6,-0.1,0.6,100,63,2,100,-0.4741415830181113
2025-01-05 10:00:00,2025-01-05 09:10:00,4973.0830078125,79.0,79.0,63.0,89.3,1.0,0.46,100,81,1,100,7.864978477535843
2025-01-05 11:00:00,2025-01-05 10:10:00,5220.35791015625,115.0,115.0,95.0,70.1,1.4,0.52,100,80,2,99,14.716475192100306
2025-01-05 12:00:00,2025-01-05 11:10:00,7577.7548828125,180.0,180.0,142.0,107.4,2.0,0.6,100,77,6,99,19.5929144926025
2025-01-05 13:00:00,2025-01-05 12:10:00,6196.05908203125,184.0,184.0,154.0,79.0,2.2,0.76,100,78,16,98,22.036668952953946
2025-01-05 14:00:00,2025-01-05 13:10:00,6081.33984375,158.0,158.0,145.0,36.0,2.1,0.55,100,41,31,99,21.772129110759856
2025-01-05 15:00:00,2025-01-05 14:10:00,3556.382080078125,135.0,135.0,118.0,56.8,2.2,1.04,99,14,13,98,18.830894317677934
2025-01-05 16:00:00,2025-01-05 15:10:00,3234.996826171875,87.0,87.0,80.0,35.2,1.9,1.33,96,5,6,95,13.53616933966496
2025-01-05 17:00:00,2025-01-05 16:10:00,342.9417724609375,30.0,30.0,24.0,56.9,0.8,1.1,97,5,11,96,6.361931127894087
2025-01-05 18:00:00,2025-01-05 17:10:00,0.0,0.0,0.0,0.0,0.0,0.6,1.0,95,8,13,94,-2.211003492963291
2025-01-05 19:00:00,2025-01-05 18:10:00,0.0,0.0,0.0,0.0,0.0,0.6,0.73,95,22,24,92,-11.766826833384
2025-01-05 20:00:00,2025-01-05 19:10:00,0.0,0.0,0.0,0.0,0.0,0.6,1.03,94,34,36,89,-21.961017130554172
2025-01-05 21:00:00,2025-01-05 20:10:00,0.0,0.0,0.0,0.0,0.0,0.2,0.8,94,27,41,89,-32.48874111846948
2025-01-05 22:00:00,2025-01-05 21:10:00,0.0,0.0,0.0,0.0,0.0,-0.2,0.76,84,23,45,68,-43.02263248278435
2025-01-05 23:00:00,2025-01-05 22:10:00,0.0,0.0,0.0,0.0,0.0,-0.6,0.96,80,52,39,38,-53.0866329931414
2025-01-06 00:00:00,2025-01-05 23:10:00,0.0,0.0,0.0,0.0,0.0,-0.7,1.07,89,84,27,21,-61.75283563842775
2025-01-06 01:00:00,2025-01-06 00:10:00,0.0,0.0,0.0,0.0,0.0,-1.0,1.32,100,100,28,91,-67.05036886545099
2025-01-06 02:00:00,2025-01-06 01:10:00,0.0,0.0,0.0,0.0,0.0,0.2,1.84,100,92,57,98,-66.43682245229596
2025-01-06 03:00:00,2025-01-06 02:10:00,0.0,0.0,0.0,0.0,0.0,0.4,1.64,100,73,26,100,-60.286085092020016
2025-01-06 04:00:00,2025-01-06 03:10:00,0.0,0.0,0.0,0.0,0.0,0.6,1.27,100,100,63,99,-51.241549115967715
2025-01-06 05:00:00,2025-01-06 04:10:00,0.0,0.0,0.0,0.0,0.0,0.5,1.07,100,100,95,69,-41.033423321385094
2025-01-06 06:00:00,2025-01-06 05:10:00,0.0,0.0,0.0,0.0,0.0,0.8,1.39,100,100,40,22,-30.465790763498216
2025-01-06 07:00:00,2025-01-06 06:10:00,0.0,0.0,0.0,0.0,0.0,0.7,1.14,100,100,72,29,-19.970821366066264
2025-01-06 08:00:00,2025-01-06 07:10:00,0.0,0.0,0.0,0.0,0.0,0.9,1.0,100,100,100,18,-9.864500290268289
2025-01-06 09:00:00,2025-01-06 08:10:00,1736.669921875,6.0,6.0,6.0,0.0,1.0,1.06,100,100,100,85,-0.4552371292261076
2025-01-06 10:00:00,2025-01-06 09:10:00,2207.344970703125,30.0,30.0,29.0,5.6,1.6,1.22,100,100,100,12,7.900569521117157
2025-01-06 11:00:00,2025-01-06 10:10:00,2272.139892578125,46.0,46.0,45.0,3.5,2.3,1.41,100,100,100,30,14.772373224258612
2025-01-06 12:00:00,2025-01-06 11:10:00,2579.6396484375,61.0,61.0,61.0,0.0,2.6,1.48,100,100,100,34,19.67151769018173
2025-01-06 13:00:00,2025-01-06 12:10:00,2319.677490234375,60.0,60.0,60.0,0.0,2.3,1.25,100,100,100,100,22.137925999223757
2025-01-06 14:00:00,2025-01-06 13:10:00,2698.472900390625,84.0,84.0,84.0,0.0,2.2,0.85,100,100,74,48,21.892877873831537
2025-01-06 15:00:00,2025-01-06 14:10:00,2074.5361328125,72.0,72.0,71.0,3.3,2.2,0.4,100,100,97,64,18.965743026037956
2025-01-06 16:00:00,2025-01-06 15:10:00,1107.743896484375,36.0,36.0,36.0,0.0,1.7,0.84,100,100,100,100,13.679441989906225
2025-01-06 17:00:00,2025-01-06 16:10:00,173.3863983154297,10.0,10.0,10.0,0.0,1.5,0.78,100,100,74,100,6.509173068882458
2025-01-06 18:00:00,2025-01-06 17:10:00,0.0,0.0,0.0,0.0,0.0,1.6,0.49,100,100,56,100,-2.0626016627606805
2025-01-06 19:00:00,2025-01-06 18:10:00,0.0,0.0,0.0,0.0,0.0,1.7,0.96,100,100,77,100,-11.618669794679406
2025-01-06 20:00:00,2025-01-06 19:10:00,0.0,0.0,0.0,0.0,0.0,1.6,0.76,100,100,55,100,-21.81348138408539
2025-01-06 21:00:00,2025-01-06 20:10:00,0.0,0.0,0.0,0.0,0.0,1.4,0.89,100,100,43,99,-32.34146177463506
2025-01-06 22:00:00,2025-01-06 21:10:00,0.0,0.0,0.0,0.0,0.0,1.4,0.92,100,100,98,100,-42.87474200769817
2025-01-06 23:00:00,2025-01-06 22:10:00,0.0,0.0,0.0,0.0,0.0,1.2,1.1,100,100,84,100,-52.93741241346907
2025-01-07 00:00:00,2025-01-06 23:10:00,0.0,0.0,0.0,0.0,0.0,1.3,1.14,100,100,52,100,-61.604868574701264
2025-01-07 01:00:00,2025-01-07 00:10:00,0.0,0.0,0.0,0.0,0.0,1.1,1.61,100,100,69,54,-66.92026087409197
2025-01-07 02:00:00,2025-01-07 01:10:00,0.0,0.0,0.0,0.0,0.0,1.0,0.93,100,100,99,94,-66.35408107945244
2025-01-07 03:00:00,2025-01-07 02:10:00,0.0,0.0,0.0,0.0,0.0,1.1,1.61,99,98,50,30,-60.249346295461265
2025-01-07 04:00:00,2025-01-07 03:10:00,0.0,0.0,0.0,0.0,0.0,0.4,1.18,100,100,28,47,-51.23009205089445
2025-01-07 05:00:00,2025-01-07 04:10:00,0.0,0.0,0.0,0.0,0.0,-0.4,1.0,100,100,4,8,-41.03241189705991
2025-01-07 06:00:00,2025-01-07 05:10:00,0.0,0.0,0.0,0.0,0.0,-0.8,0.54,100,100,0,0,-30.466436808784106
2025-01-07 07:00:00,2025-01-07 06:10:00,0.0,0.0,0.0,0.0,0.0,-0.4,0.3,100,100,0,0,-19.967290648033973
2025-01-07 08:00:00,2025-01-07 07:10:00,0.0,0.0,0.0,0.0,0.0,-0.1,0.6,100,100,0,0,-9.852182133028085
2025-01-07 09:00:00,2025-01-07 08:10:00,4253.1259765625,18.0,18.0,15.0,31.6,0.1,1.5,100,100,0,0,-0.4299318161149177
2025-01-07 10:00:00,2025-01-07 09:10:00,6975.27783203125,94.0,94.0,73.0,116.0,0.6,1.51,100,100,0,0,7.942905929272623
2025-01-07 11:00:00,2025-01-07 10:10:00,13771.5908203125,199.0,199.0,115.0,291.7,1.7,1.32,100,100,0,0,14.835355125311843
2025-01-07 12:00:00,2025-01-07 11:10:00,15112.185546875,295.0,295.0,111.0,515.5,3.8,1.27,93,93,0,0,19.75744707101082
2025-01-07 13:00:00,2025-01-07 12:10:00,19746.380859375,344.0,344.0,91.0,659.9,5.3,0.89,15,15,0,0,22.246549023336144
2025-01-07 14:00:00,2025-01-07 13:10:00,18445.234375,342.0,342.0,72.0,738.9,7.3,0.14,47,0,0,47,22.020757971532102
2025-01-07 15:00:00,2025-01-07 14:10:00,15001.3369140625,274.0,274.0,61.0,700.1,7.7,0.27,70,0,0,70,19.107233373286025
2025-01-07 16:00:00,2025-01-07 15:10:00,7632.63037109375,162.0,162.0,51.0,543.9,7.0,0.67,52,0,0,52,13.828716359160248
2025-01-07 17:00:00,2025-01-07 16:10:00,301.791259765625,42.0,42.0,22.0,184.9,4.5,0.83,52,0,2,52,6.661751013614831
2025-01-07 18:00:00,2025-01-07 17:10:00,0.0,0.0,0.0,0.0,0.0,3.8,0.32,42,0,3,41,-1.9094628688551807
2025-01-07 19:00:00,2025-01-07 18:10:00,0.0,0.0,0.0,0.0,0.0,3.2,0.16,66,0,2,65,-11.46625361674093
2025-01-07 20:00:00,2025-01-07 19:10:00,0.0,0.0,0.0,0.0,0.0,2.8,0.16,100,0,18,100,-21.66200810919744
2025-01-07 21:00:00,2025-01-07 20:10:00,0.0,0.0,0.0,0.0,0.0,2.0,0.51,100,18,71,100,-32.19037214304947
2025-01-07 22:00:00,2025-01-07 21:10:00,0.0,0.0,0.0,0.0,0.0,1.6,0.28,100,100,24,13,-42.72290855923404
2025-01-07 23:00:00,2025-01-07 22:10:00,0.0,0.0,0.0,0.0,0.0,0.8,0.3,100,100,21,3,-52.78373276949935
2025-01-08 00:00:00,2025-01-07 23:10:00,0.0,0.0,0.0,0.0,0.0,0.4,0.11,100,99,36,32,-61.45134988127764
2025-01-08 01:00:00,2025-01-08 00:10:00,0.0,0.0,0.0,0.0,0.0,0.2,0.18,100,100,42,59,-66.78296787512629
2025-01-08 02:00:00,2025-01-08 01:10:00,0.0,0.0,0.0,0.0,0.0,-0.4,0.21,99,99,16,46,-66.26330498482473
2025-01-08 03:00:00,2025-01-08 02:10:00,0.0,0.0,0.0,0.0,0.0,0.2,0.82,99,98,25,29,-60.20522061016924
2025-01-08 04:00:00,2025-01-08 03:10:00,0.0,0.0,0.0,0.0,0.0,-0.6,0.57,99,99,30,1,-51.21205755175864
2025-01-08 05:00:00,2025-01-08 04:10:00,0.0,0.0,0.0,0.0,0.0,-0.9,0.32,100,100,73,4,-41.02529311297537
2025-01-08 06:00:00,2025-01-08 05:10:00,0.0,0.0,0.0,0.0,0.0,-0.7,0.45,100,99,71,26,-30.461150503241186
2025-01-08 07:00:00,2025-01-08 06:10:00,0.0,0.0,0.0,0.0,0.0,-0.9,0.65,100,100,84,0,-19.957796660808675
2025-01-08 08:00:00,2025-01-08 07:10:00,0.0,0.0,0.0,0.0,0.0,-0.7,0.93,100,100,69,17,-9.833725607676417
2025-01-08 09:00:00,2025-01-08 08:10:00,3931.029052734375,19.0,19.0,13.0,63.0,-0.4,0.97,100,100,40,5,-0.3982132493879243
2025-01-08 10:00:00,2025-01-08 09:10:00,8659.0048828125,104.0,104.0,53.0,280.0,0.8,0.47,100,99,24,15,7.991985864825716
2025-01-08 11:00:00,2025-01-08 10:10:00,11430.0771484375,178.0,178.0,80.0,338.7,2.3,0.6,99,95,7,88,14.905404807741144
2025-01-08 12:00:00,2025-01-08 11:10:00,12500.349609375,237.0,237.0,117.0,334.5,4.0,0.49,68,5,14,61,19.850672770176377
2025-01-08 13:00:00,2025-01-08 12:10:00,17594.263671875,304.0,304.0,124.0,467.0,5.5,1.2,31,1,15,18,22.362494874043218
2025-01-08 14:00:00,2025-01-08 13:10:00,15139.1005859375,267.0,267.0,113.0,418.7,5.4,0.82,65,7,16,59,22.155713152534535
2025-01-08 15:00:00,2025-01-08 14:10:00,9993.5791015625,239.0,239.0,84.0,505.1,5.1,0.89,100,2,10,100,19.255296626054477
2025-01-08 16:00:00,2025-01-08 15:10:00,4544.220703125,121.0,121.0,88.0,159.5,3.7,0.5,99,1,0,99,13.983913287169633
2025-01-08 17:00:00,2025-01-08 16:10:00,311.106689453125,36.0,36.0,29.0,63.8,2.2,0.21,40,2,1,38,6.819578672640148
2025-01-08 18:00:00,2025-01-08 17:10:00,0.0,0.0,0.0,0.0,0.0,2.0,0.21,36,5,0,33,-1.7516770175191523
2025-01-08 19:00:00,2025-01-08 18:10:00,0.0,0.0,0.0,0.0,0.0,1.4,0.2,83,16,1,80,-11.30966888700008
2025-01-08 20:00:00,2025-01-08 19:10:00,0.0,0.0,0.0,0.0,0.0,0.6,0.87,100,30,2,100,-21.506686521515167
2025-01-08 21:00:00,2025-01-08 20:10:00,0.0,0.0,0.0,0.0,0.0,0.2,0.67,100,33,61,100,-32.03555903442433
2025-01-08 22:00:00,2025-01-08 21:10:00,0.0,0.0,0.0,0.0,0.0,0.4,1.17,100,47,43,100,-42.56721695129053
2025-01-08 23:00:00,2025-01-08 22:10:00,0.0,0.0,0.0,0.0,0.0,0.8,1.11,100,94,63,100,-52.62568001176207
2025-01-09 00:00:00,2025-01-08 23:10:00,0.0,0.0,0.0,0.0,0.0,0.4,1.05,100,100,13,100,-61.29237361784333
2025-01-09 01:00:00,2025-01-09 00:10:00,0.0,0.0,0.0,0.0,0.0,0.3,1.35,100,100,5,94,-66.6385833734507
2025-01-09 02:00:00,2025-01-09 01:10:00,0.0,0.0,0.0,0.0,0.0,3.2,1.53,100,100,32,94,-66.16452019233999
2025-01-09 03:00:00,2025-01-09 02:10:00,0.0,0.0,0.0,0.0,0.0,3.2,0.46,100,100,16,91,-60.15366683182697
2025-01-09 04:00:00,2025-01-09 03:10:00,0.0,0.0,0.0,0.0,0.0,3.2,0.54,100,100,5,4,-51.18738604878448
2025-01-09 05:00:00,2025-01-09 04:10:00,0.0,0.0,0.0,0.0,0.0,3.2,0.36,100,100,15,4,-41.01200998744747
2025-01-09 06:00:00,2025-01-09 05:10:00,0.0,0.0,0.0,0.0,0.0,3.1,0.82,100,100,0,31,-30.449884001835372
2025-01-09 07:00:00,2025-01-09 06:10:00,0.0,0.0,0.0,0.0,0.0,2.2,0.57,100,100,3,48,-19.94230314681731
2025-01-09 08:00:00,2025-01-09 07:10:00,0.0,0.0,0.0,0.0,0.0,1.6,0.97,100,100,16,17,-9.809107373030942
2025-01-09 09:00:00,2025-01-09 08:10:00,3598.943115234375,20.0,20.0,14.0,62.6,2.1,1.2,100,100,27,39,-0.360071914071878
2025-01-09 10:00:00,2025-01-09 09:10:00,8532.6298828125,106.0,106.0,66.0,218.2,3.2,0.86,98,98,7,7,8.047804507184127
2025-01-09 11:00:00,2025-01-09 10:10:00,13057.9990234375,213.0,213.0,87.0,433.1,4.8,0.92,91,74,8,60,14.982503156986844
2025-01-09 12:00:00,2025-01-09 11:10:00,14965.978515625,276.0,276.0,103.0,479.7,6.1,0.36,72,65,7,15,19.951161904204614
2025-01-09 13:00:00,2025-01-09 12:10:00,17241.310546875,267.0,267.0,131.0,350.8,6.7,0.75,38,6,10,27,22.48571740650009
2025-01-09 14:00:00,2025-01-09 13:10:00,7381.53076171875,179.0,179.0,151.0,75.6,7.2,0.98,97,95,17,18,22.297684192312545
2025-01-09 15:00:00,2025-01-09 14:10:00,4327.85400390625,135.0,135.0,122.0,42.0,7.1,0.92,91,90,4,1,19.409861141695174
2025-01-09 16:00:00,2025-01-09 15:10:00,2579.14453125,89.0,89.0,68.0,100.1,7.0,0.72,99,99,24,0,14.144950894778328
2025-01-09 17:00:00,2025-01-09 16:10:00,256.3704833984375,27.0,27.0,20.0,63.0,6.0,0.75,100,100,9,0,6.98256738513541
2025-01-09 18:00:00,2025-01-09 17:10:00,0.0,0.0,0.0,0.0,0.0,5.4,1.18,100,100,10,51,-1.589335916555449
2025-01-09 19:00:00,2025-01-09 18:10:00,0.0,0.0,0.0,0.0,0.0,3.8,0.7,78,67,5,30,-11.14900755786368
2025-01-09 20:00:00,2025-01-09 19:10:00,0.0,0.0,0.0,0.0,0.0,3.0,0.36,85,24,69,37,-21.347606643243438
2025-01-09 21:00:00,2025-01-09 20:10:00,0.0,0.0,0.0,0.0,0.0,2.8,0.32,100,99,68,67,-31.87710951773799
2025-01-09 22:00:00,2025-01-09 21:10:00,0.0,0.0,0.0,0.0,0.0,2.2,0.55,100,100,68,2,-42.407751758337206
2025-01-09 23:00:00,2025-01-09 22:10:00,0.0,0.0,0.0,0.0,0.0,2.1,0.6,100,100,41,35,-52.46333952632568
2025-01-10 00:00:00,2025-01-09 23:10:00,0.0,0.0,0.0,0.0,0.0,2.2,0.27,100,100,46,0,-61.12803362428131
2025-01-10 01:00:00,2025-01-10 00:10:00,0.0,0.0,0.0,0.0,0.0,1.7,1.42,100,100,32,0,-66.48720333825605
2025-01-10 02:00:00,2025-01-10 01:10:00,0.0,0.0,0.0,0.0,0.0,2.0,1.01,100,100,37,30,-66.0577588610578
2025-01-10 03:00:00,2025-01-10 02:10:00,0.0,0.0,0.0,0.0,0.0,1.9,1.1,100,100,62,15,-60.094648756069944
2025-01-10 04:00:00,2025-01-10 03:10:00,0.0,0.0,0.0,0.0,0.0,1.9,0.16,100,100,58,40,-51.15602135678635
2025-01-10 05:00:00,2025-01-10 04:10:00,0.0,0.0,0.0,0.0,0.0,1.5,1.08,100,100,50,41,-40.992508274145024
2025-01-10 06:00:00,2025-01-10 05:10:00,0.0,0.0,0.0,0.0,0.0,1.2,0.35,100,100,71,18,-30.432592048964167
2025-01-10 07:00:00,2025-01-10 06:10:00,0.0,0.0,0.0,0.0,0.0,0.7,1.03,100,100,75,28,-19.920776492879845
2025-01-10 08:00:00,2025-01-10 07:10:00,0.0,0.0,0.0,0.0,0.0,0.3,0.62,100,100,88,26,-9.778306853709841
2025-01-10 09:00:00,2025-01-10 08:10:00,2726.685302734375,14.0,14.0,12.0,20.7,1.0,0.74,100,100,91,26,-0.3155011830208357
2025-01-10 10:00:00,2025-01-10 09:10:00,6591.54296875,87.0,87.0,58.0,157.0,2.5,0.21,100,100,91,86,8.110354063251034
2025-01-10 11:00:00,2025-01-10 10:10:00,3852.226318359375,100.0,100.0,87.0,44.4,3.5,0.68,100,100,89,96,15.066628057211325
2025-01-10 12:00:00,2025-01-10 11:10:00,7900.3642578125,183.0,183.0,139.0,121.3,4.8,0.94,100,93,81,100,20.058878607212254
2025-01-10 13:00:00,2025-01-10 12:10:00,11733.9306640625,264.0,264.0,116.0,379.4,6.1,1.0,100,10,65,100,22.616167524764666
2025-01-10 14:00:00,2025-01-10 13:10:00,10982.16796875,215.0,215.0,113.0,273.5,7.6,0.78,97,7,93,50,22.44660893906741
2025-01-10 15:00:00,2025-01-10 14:10:00,6774.607421875,180.0,180.0,133.0,150.4,7.8,1.07,93,20,83,57,19.570852417178767
2025-01-10 16:00:00,2025-01-10 15:10:00,3017.096923828125,114.0,114.0,74.0,188.1,7.4,1.1,100,22,85,100,14.311744637300158
2025-01-10 17:00:00,2025-01-10 16:10:00,319.50201416015625,30.0,30.0,23.0,62.1,5.8,0.81,97,18,96,64,7.150626177253478
2025-01-10 18:00:00,2025-01-10 17:10:00,0.0,0.0,0.0,0.0,0.0,5.1,1.5,70,7,67,6,-1.4225332140447564
2025-01-10 19:00:00,2025-01-10 18:10:00,0.0,0.0,0.0,0.0,0.0,4.2,1.22,73,15,64,15,-10.98436288647532
2025-01-10 20:00:00,2025-01-10 19:10:00,0.0,0.0,0.0,0.0,0.0,3.2,0.86,100,38,21,100,-21.184859248400286
2025-01-10 21:00:00,2025-01-10 20:10:00,0.0,0.0,0.0,0.0,0.0,2.9,0.3,99,87,19,95,-31.715110874947733
2025-01-10 22:00:00,2025-01-10 21:10:00,0.0,0.0,0.0,0.0,0.0,2.8,0.61,80,68,7,33,-42.244597281594736
2025-01-10 23:00:00,2025-01-10 22:10:00,0.0,0.0,0.0,0.0,0.0,2.5,0.88,93,90,18,23,-52.29679610553351
2025-01-11 00:00:00,2025-01-10 23:10:00,0.0,0.0,0.0,0.0,0.0,2.3,0.97,100,85,5,100,-60.958423449498504
2025-01-11 01:00:00,2025-01-11 00:10:00,0.0,0.0,0.0,0.0,0.0,2.5,0.72,94,78,2,73,-66.32892598657837
2025-01-11 02:00:00,2025-01-11 01:10:00,0.0,0.0,0.0,0.0,0.0,0.6,0.47,71,29,3,58,-65.94305921148302
2025-01-11 03:00:00,2025-01-11 02:10:00,0.0,0.0,0.0,0.0,0.0,-0.2,0.16,100,100,2,23,-60.028135360000356
2025-01-11 04:00:00,2025-01-11 03:10:00,0.0,0.0,0.0,0.0,0.0,-0.9,0.47,100,100,14,80,-51.11791086380942
2025-01-11 05:00:00,2025-01-11 04:10:00,0.0,0.0,0.0,0.0,0.0,-1.5,0.32,100,100,3,85,-40.966736603086844
2025-01-11 06:00:00,2025-01-11 05:10:00,0.0,0.0,0.0,0.0,0.0,-2.0,0.28,100,100,7,74,-30.409232075778988
2025-01-11 07:00:00,2025-01-11 06:10:00,0.0,0.0,0.0,0.0,0.0,-2.0,0.36,100,100,1,100,-19.893185792108998
2025-01-11 08:00:00,2025-01-11 07:10:00,0.0,0.0,0.0,0.0,0.0,-1.2,0.1,100,99,24,100,-9.741306272854866
2025-01-11 09:00:00,2025-01-11 08:10:00,3912.06494140625,21.0,21.0,18.0,30.9,-0.9,0.51,100,95,1,100,-0.26449732534623294
2025-01-11 10:00:00,2025-01-11 09:10:00,4705.32958984375,95.0,95.0,80.0,80.6,0.6,0.56,100,96,47,100,8.179623778804471
2025-01-11 11:00:00,2025-01-11 10:10:00,6501.55029296875,143.0,143.0,128.0,50.9,1.6,0.98,100,57,44,100,15.157754417997731
2025-01-11 12:00:00,2025-01-11 11:10:00,8986.978515625,177.0,177.0,157.0,54.8,2.7,0.89,96,58,73,89,20.17378406854976
2025-01-11 13:00:00,2025-01-11 12:10:00,12208.005859375,271.0,271.0,155.0,295.5,4.4,0.57,100,17,3,100,22.7537932263824
2025-01-11 14:00:00,2025-01-11 13:10:00,14397.4306640625,273.0,273.0,145.0,340.7,6.1,0.85,100,2,7,100,22.602422362287687
2025-01-11 15:00:00,2025-01-11 14:10:00,9642.3046875,220.0,220.0,136.0,266.3,6.1,0.45,100,0,1,100,19.738193141115676
2025-01-11 16:00:00,2025-01-11 15:10:00,5031.39794921875,135.0,135.0,91.0,203.9,5.6,0.82,85,0,0,85,14.484207361395878
2025-01-11 17:00:00,2025-01-11 16:10:00,297.35662841796875,50.0,50.0,27.0,201.2,3.8,1.18,3,0,3,0,7.323661824119172
2025-01-11 18:00:00,2025-01-11 17:10:00,0.0,0.0,0.0,0.0,0.0,2.5,1.1,17,0,17,0,-1.2513643336608573
2025-01-11 19:00:00,2025-01-11 18:10:00,0.0,0.0,0.0,0.0,0.0,1.9,0.78,12,0,12,0,-10.8158293716142
2025-01-11 20:00:00,2025-01-11 19:10:00,0.0,0.0,0.0,0.0,0.0,1.5,0.15,8,0,8,0,-21.018535806065756
2025-01-11 21:00:00,2025-01-11 20:10:00,0.0,0.0,0.0,0.0,0.0,0.9,0.11,2,0,2,0,-31.54965055490958
2025-01-11 22:00:00,2025-01-11 21:10:00,0.0,0.0,0.0,0.0,0.0,-0.2,0.43,4,0,4,0,-42.077837516077665
2025-01-11 23:00:00,2025-01-11 22:10:00,0.0,0.0,0.0,0.0,0.0,-1.1,0.86,13,3,13,0,-52.126133922228
2025-01-12 00:00:00,2025-01-11 23:10:00,0.0,0.0,0.0,0.0,0.0,-1.2,1.12,41,0,41,0,-60.78363628833729
2025-01-12 01:00:00,2025-01-12 00:10:00,0.0,0.0,0.0,0.0,0.0,-0.9,0.96,76,0,76,0,-66.16385157354695
2025-01-12 02:00:00,2025-01-12 01:10:00,0.0,0.0,0.0,0.0,0.0,-0.4,0.25,0,0,0,0,-65.82046543063556
2025-01-12 03:00:00,2025-01-12 02:10:00,0.0,0.0,0.0,0.0,0.0,-1.1,0.9,0,0,0,0,-59.95410096907648
2025-01-12 04:00:00,2025-01-12 03:10:00,0.0,0.0,0.0,0.0,0.0,-1.6,0.94,1,1,0,0,-51.073005716106394
2025-01-12 05:00:00,2025-01-12 04:10:00,0.0,0.0,0.0,0.0,0.0,-1.9,0.83,4,2,2,0,-40.93464662136967
2025-01-12 06:00:00,2025-01-12 05:10:00,0.0,0.0,0.0,0.0,0.0,-2.0,0.25,2,2,0,0,-30.379764297958765
2025-01-12 07:00:00,2025-01-12 06:10:00,0.0,0.0,0.0,0.0,0.0,-2.0,0.16,3,3,0,0,-19.85950290624168
2025-01-12 08:00:00,2025-01-12 07:10:00,0.0,0.0,0.0,0.0,0.0,-2.4,0.25,1,1,0,0,-9.69809068506527
2025-01-12 09:00:00,2025-01-12 08:10:00,9781.4951171875,31.0,31.0,15.0,163.5,-1.5,0.75,3,3,0,0,-0.2070595147726852
2025-01-12 10:00:00,2025-01-12 09:10:00,16888.349609375,150.0,150.0,44.0,564.5,0.4,0.87,0,0,0,0,8.255599950293492
2025-01-12 11:00:00,2025-01-12 10:10:00,20072.6953125,268.0,268.0,57.0,711.9,2.9,0.67,0,0,0,0,15.25585420189862
2025-01-12 12:00:00,2025-01-12 11:10:00,21932.43359375,350.0,350.0,65.0,776.3,4.6,0.45,0,0,0,0,20.295836571835853
2025-01-12 13:00:00,2025-01-12 12:10:00,21903.880859375,382.0,382.0,67.0,797.1,5.4,0.36,0,0,0,0,22.898539648955364
2025-01-12 14:00:00,2025-01-12 13:10:00,20427.37890625,361.0,361.0,66.0,779.3,6.7,0.18,0,0,0,0,22.765056603856845
2025-01-12 15:00:00,2025-01-12 14:10:00,15977.953125,291.0,291.0,60.0,725.3,6.7,0.07,0,0,0,0,19.91180324884104
2025-01-12 16:00:00,2025-01-12 15:10:00,9075.7177734375,181.0,181.0,49.0,602.8,5.8,0.43,0,0,0,0,14.662249365433956
2025-01-12 17:00:00,2025-01-12 16:10:00,304.45025634765625,56.0,56.0,22.0,293.1,3.3,1.1,0,0,0,0,7.501578915477676
2025-01-12 18:00:00,2025-01-12 17:10:00,0.0,0.0,0.0,0.0,0.0,2.0,1.37,0,0,0,0,-1.0759264065242065
2025-01-12 19:00:00,2025-01-12 18:10:00,0.0,0.0,0.0,0.0,0.0,1.0,1.0,0,0,0,0,-10.643502687670786
2025-01-12 20:00:00,2025-01-12 19:10:00,0.0,0.0,0.0,0.0,0.0,0.3,0.65,0,0,0,0,-20.848728421538894
2025-01-12 21:00:00,2025-01-12 20:10:00,0.0,0.0,0.0,0.0,0.0,-0.4,0.65,0,0,0,0,-31.380816126324053
2025-01-12 22:00:00,2025-01-12 21:10:00,0.0,0.0,0.0,0.0,0.0,-0.7,0.35,0,0,0,0,-41.9075561182036
2025-01-12 23:00:00,2025-01-12 22:10:00,0.0,0.0,0.0,0.0,0.0,-0.9,0.15,0,0,0,0,-51.951436506984976
2025-01-13 00:00:00,2025-01-12 23:10:00,0.0,0.0,0.0,0.0,0.0,-1.1,0.1,0,0,0,0,-60.60376492596439
2025-01-13 01:00:00,2025-01-13 00:10:00,0.0,0.0,0.0,0.0,0.0,-1.5,1.17,0,0,0,0,-65.99208219003036
2025-01-13 02:00:00,2025-01-13 01:10:00,0.0,0.0,0.0,0.0,0.0,-1.4,1.11,0,0,0,0,-65.69002755696816
2025-01-13 03:00:00,2025-01-13 02:10:00,0.0,0.0,0.0,0.0,0.0,-1.8,0.54,0,0,0,0,-59.87252540811768
2025-01-13 04:00:00,2025-01-13 03:10:00,0.0,0.0,0.0,0.0,0.0,-2.0,0.71,0,0,0,0,-51.02126099836182
2025-01-13 05:00:00,2025-01-13 04:10:00,0.0,0.0,0.0,0.0,0.0,-1.9,1.53,0,0,0,0,-40.89619313297267
2025-01-13 06:00:00,2025-01-13 05:10:00,0.0,0.0,0.0,0.0,0.0,-2.1,1.38,0,0,0,0,-30.344151813555836
2025-01-13 07:00:00,2025-01-13 06:10:00,0.0,0.0,0.0,0.0,0.0,-2.5,1.17,0,0,0,0,-19.81970252819369
2025-01-13 08:00:00,2025-01-13 07:10:00,0.0,0.0,0.0,0.0,0.0,-2.6,0.72,0,0,0,0,-9.648648009448406
2025-01-13 09:00:00,2025-01-13 08:10:00,10739.927734375,32.0,32.0,14.0,182.5,-1.4,0.82,0,0,0,0,-0.14318983790541928
2025-01-13 10:00:00,2025-01-13 09:10:00,17174.21484375,153.0,153.0,44.0,575.2,0.9,0.97,0,0,0,0,8.33826593700866
2025-01-13 11:00:00,2025-01-13 10:10:00,20044.2109375,273.0,273.0,58.0,720.3,3.7,0.2,0,0,0,0,15.360896452756277
2025-01-13 12:00:00,2025-01-13 11:10:00,21982.2421875,357.0,357.0,64.0,792.9,5.7,1.06,0,0,0,0,20.424991535284928
2025-01-13 13:00:00,2025-01-13 12:10:00,22281.58984375,390.0,390.0,67.0,811.8,6.6,1.98,0,0,0,0,23.05034911859423
2025-01-13 14:00:00,2025-01-13 13:10:00,20495.072265625,370.0,370.0,65.0,799.4,7.1,1.37,0,0,0,0,22.93444103161834
2025-01-13 15:00:00,2025-01-13 14:10:00,16740.20703125,301.0,301.0,60.0,749.3,6.8,1.73,0,0,0,0,20.091599980498774
2025-01-13 16:00:00,2025-01-13 15:10:00,9165.4365234375,190.0,190.0,50.0,629.8,5.2,1.68,0,0,0,0,14.845778463299801
2025-01-13 17:00:00,2025-01-13 16:10:00,310.6527099609375,61.0,61.0,24.0,314.3,2.2,1.75,0,0,0,0,7.684279924985455
2025-01-13 18:00:00,2025-01-13 17:10:00,0.0,0.0,0.0,0.0,0.0,-0.5,1.35,0,0,0,0,-0.8963181995803183
2025-01-13 19:00:00,2025-01-13 18:10:00,0.0,0.0,0.0,0.0,0.0,-1.2,1.36,0,0,0,0,-10.46747961565664
2025-01-13 20:00:00,2025-01-13 19:10:00,0.0,0.0,0.0,0.0,0.0,-1.4,1.45,0,0,0,0,-20.67552977531489
2025-01-13 21:00:00,2025-01-13 20:10:00,0.0,0.0,0.0,0.0,0.0,-1.5,1.42,0,0,0,0,-31.20869522954788
2025-01-13 22:00:00,2025-01-13 21:10:00,0.0,0.0,0.0,0.0,0.0,-2.0,1.21,0,0,0,0,-41.7338363736922
2025-01-13 23:00:00,2025-01-13 22:10:00,0.0,0.0,0.0,0.0,0.0,-2.2,0.92,0,0,0,0,-51.77278672789659
2025-01-14 00:00:00,2025-01-13 23:10:00,0.0,0.0,0.0,0.0,0.0,-2.5,0.66,0,0,0,0,-60.41890168912151
2025-01-14 01:00:00,2025-01-14 00:10:00,0.0,0.0,0.0,0.0,0.0,-2.8,0.78,0,0,0,0,-65.8137215682432
2025-01-14 02:00:00,2025-01-14 01:10:00,0.0,0.0,0.0,0.0,0.0,-2.2,1.01,0,0,0,0,-65.55180134639318
2025-01-14 03:00:00,2025-01-14 02:10:00,0.0,0.0,0.0,0.0,0.0,-2.5,0.86,0,0,0,0,-59.783394135303396
2025-01-14 04:00:00,2025-01-14 03:10:00,0.0,0.0,0.0,0.0,0.0,-2.8,0.65,0,0,0,0,-50.962635908083115
2025-01-14 05:00:00,2025-01-14 04:10:00,0.0,0.0,0.0,0.0,0.0,-3.0,0.9,0,0,0,0,-40.8513342369665
2025-01-14 06:00:00,2025-01-14 05:10:00,0.0,0.0,0.0,0.0,0.0,-3.2,1.0,0,0,0,0,-30.302360700514388
2025-01-14 07:00:00,2025-01-14 06:10:00,0.0,0.0,0.0,0.0,0.0,-3.3,0.72,48,0,12,47,-19.773762244610374
2025-01-14 08:00:00,2025-01-14 07:10:00,0.0,0.0,0.0,0.0,0.0,-3.2,0.32,86,0,19,85,-9.592969062676913
2025-01-14 09:00:00,2025-01-14 08:10:00,6257.0380859375,28.0,28.0,19.0,90.5,-2.3,0.86,82,0,52,80,-0.07289330238246804
2025-01-14 10:00:00,2025-01-14 09:10:00,12033.6337890625,129.0,129.0,70.0,308.4,-0.2,0.46,57,0,38,52,8.427602173593904
2025-01-14 11:00:00,2025-01-14 10:10:00,19511.5703125,258.0,258.0,75.0,608.7,1.6,0.64,21,0,3,19,15.472847324720819
2025-01-14 12:00:00,2025-01-14 11:10:00,21243.568359375,351.0,351.0,69.0,757.9,3.0,0.5,41,0,0,41,20.561201553230894
2025-01-14 13:00:00,2025-01-14 12:10:00,21846.072265625,384.0,384.0,72.0,778.6,3.8,0.59,0,0,0,0,23.209161200149783
2025-01-14 14:00:00,2025-01-14 13:10:00,20477.81640625,367.0,367.0,68.0,777.4,3.8,1.08,0,0,0,0,23.110502295304745
2025-01-14 15:00:00,2025-01-14 14:10:00,15856.734375,296.0,296.0,64.0,714.0,3.8,1.0,0,0,0,0,20.277497942052435
2025-01-14 16:00:00,2025-01-14 15:10:00,9230.466796875,187.0,187.0,50.0,607.1,3.0,0.55,0,0,0,0,15.034700051607505
2025-01-14 17:00:00,2025-01-14 16:10:00,260.86712646484375,61.0,61.0,24.0,309.7,1.1,0.32,0,0,0,0,7.8716652831204845
2025-01-14 18:00:00,2025-01-14 17:10:00,0.0,0.0,0.0,0.0,0.0,0.3,0.07,0,0,0,0,-0.7126400405064379
2025-01-14 19:00:00,2025-01-14 18:10:00,0.0,0.0,0.0,0.0,0.0,-0.6,0.39,0,0,0,0,-10.287857971224936
2025-01-14 20:00:00,2025-01-14 19:10:00,0.0,0.0,0.0,0.0,0.0,-1.4,0.93,0,0,0,0,-20.49903305981508
2025-01-14 21:00:00,2025-01-14 20:10:00,0.0,0.0,0.0,0.0,0.0,-1.5,0.36,0,0,0,0,-31.033375527135124
2025-01-14 22:00:00,2025-01-14 21:10:00,0.0,0.0,0.0,0.0,0.0,-1.6,0.22,0,0,0,0,-41.55676116550441
2025-01-14 23:00:00,2025-01-14 22:10:00,0.0,0.0,0.0,0.0,0.0,-2.2,0.72,0,0,0,0,-51.59026677246885
2025-01-15 00:00:00,2025-01-14 23:10:00,0.0,0.0,0.0,0.0,0.0,-2.4,0.96,0,0,0,0,-60.229138403619125
2025-01-15 01:00:00,2025-01-15 00:10:00,0.0,0.0,0.0,0.0,0.0,-2.5,0.53,0,0,0,0,-65.6288748957469
2025-01-15 02:00:00,2025-01-15 01:10:00,0.0,0.0,0.0,0.0,0.0,-3.2,0.16,0,0,0,0,-65.4058481208267
2025-01-15 03:00:00,2025-01-15 02:10:00,0.0,0.0,0.0,0.0,0.0,-3.5,0.16,0,0,0,0,-59.68669835819351
2025-01-15 04:00:00,2025-01-15 03:10:00,0.0,0.0,0.0,0.0,0.0,-3.9,0.75,0,0,0,0,-50.89709392309627
2025-01-15 05:00:00,2025-01-15 04:10:00,0.0,0.0,0.0,0.0,0.0,-4.1,0.3,12,0,0,12,-40.80003146344264
2025-01-15 06:00:00,2025-01-15 05:10:00,0.0,0.0,0.0,0.0,0.0,-4.2,0.4,0,0,0,0,-30.25436011344437
2025-01-15 07:00:00,2025-01-15 06:10:00,0.0,0.0,0.0,0.0,0.0,-4.3,0.6,0,0,0,0,-19.721662598170305
2025-01-15 08:00:00,2025-01-15 07:10:00,0.0,0.0,0.0,0.0,0.0,-4.3,0.8,5,0,0,5,-9.531047591928283
2025-01-15 09:00:00,2025-01-15 08:10:00,10003.1845703125,33.0,33.0,15.0,179.3,-3.0,1.67,7,1,0,6,0.0038221551271890725
2025-01-15 10:00:00,2025-01-15 09:10:00,16871.685546875,154.0,154.0,45.0,564.0,-0.6,0.45,4,0,2,2,8.523586182877326
2025-01-15 11:00:00,2025-01-15 10:10:00,19877.39453125,270.0,270.0,61.0,689.9,2.3,0.82,40,0,0,40,15.59167011190013
2025-01-15 12:00:00,2025-01-15 11:10:00,20368.40234375,352.0,352.0,71.0,749.9,4.8,1.15,65,2,0,65,20.704416438754812
2025-01-15 13:00:00,2025-01-15 12:10:00,20729.021484375,370.0,370.0,96.0,678.8,6.3,0.32,25,1,0,25,23.374912749122014
2025-01-15 14:00:00,2025-01-15 13:10:00,20268.845703125,370.0,370.0,68.0,778.7,6.6,0.83,15,0,0,15,23.293164384733387
2025-01-15 15:00:00,2025-01-15 14:10:00,16008.0693359375,298.0,298.0,67.0,703.6,6.7,1.21,3,3,0,0,20.469409169144434
2025-01-15 16:00:00,2025-01-15 15:10:00,9143.259765625,190.0,190.0,51.0,606.6,5.4,0.07,1,1,0,0,15.228917180258495
2025-01-15 17:00:00,2025-01-15 16:10:00,189.69485473632812,64.0,64.0,26.0,313.3,2.5,1.65,0,0,0,0,8.063633453674024
2025-01-15 18:00:00,2025-01-15 17:10:00,258.4876403808594,1.0,1.0,1.0,0.0,1.9,2.53,0,0,0,0,-0.5249937391676794
2025-01-15 19:00:00,2025-01-15 18:10:00,0.0,0.0,0.0,0.0,0.0,0.6,1.86,0,0,0,0,-10.104736529698451
2025-01-15 20:00:00,2025-01-15 19:10:00,0.0,0.0,0.0,0.0,0.0,-0.6,1.37,0,0,0,0,-20.319331913826165
2025-01-15 21:00:00,2025-01-15 20:10:00,0.0,0.0,0.0,0.0,0.0,-0.4,0.21,0,0,0,0,-30.854944652992934
2025-01-15 22:00:00,2025-01-15 21:10:00,0.0,0.0,0.0,0.0,0.0,-1.2,0.92,1,0,1,0,-41.3764129415949
2025-01-15 23:00:00,2025-01-15 22:10:00,0.0,0.0,0.0,0.0,0.0,-0.9,0.41,50,0,50,0,-51.40395813122448
2025-01-16 00:00:00,2025-01-15 23:10:00,0.0,0.0,0.0,0.0,0.0,-0.4,0.29,97,0,97,0,-60.03456635746315
2025-01-16 01:00:00,2025-01-16 00:10:00,0.0,0.0,0.0,0.0,0.0,0.1,0.05,92,0,92,0,-65.4376486381548
2025-01-16 02:00:00,2025-01-16 01:10:00,0.0,0.0,0.0,0.0,0.0,-1.2,0.07,1,0,0,1,-65.25223460077815
2025-01-16 03:00:00,2025-01-16 02:10:00,0.0,0.0,0.0,0.0,0.0,-2.2,1.1,4,0,4,0,-59.582435130959944
2025-01-16 04:00:00,2025-01-16 03:10:00,0.0,0.0,0.0,0.0,0.0,-2.8,0.98,70,0,70,0,-50.82460296111426
2025-01-16 05:00:00,2025-01-16 04:10:00,0.0,0.0,0.0,0.0,0.0,-2.7,0.22,96,0,96,0,-40.742249906471336
2025-01-16 06:00:00,2025-01-16 05:10:00,0.0,0.0,0.0,0.0,0.0,-2.5,1.3,99,2,99,0,-30.200122379220236
2025-01-16 07:00:00,2025-01-16 06:10:00,0.0,0.0,0.0,0.0,0.0,-2.1,1.56,59,1,59,0,-19.66338714938346
2025-01-16 08:00:00,2025-01-16 07:10:00,0.0,0.0,0.0,0.0,0.0,-1.6,1.27,61,1,60,0,-9.462880307568376
2025-01-16 09:00:00,2025-01-16 08:10:00,5867.828125,28.0,28.0,17.0,108.5,-1.1,0.89,99,1,99,1,0.08694566113066894
2025-01-16 10:00:00,2025-01-16 09:10:00,4291.0537109375,73.0,73.0,68.0,25.6,0.9,0.67,100,0,100,7,8.626192589006607
2025-01-16 11:00:00,2025-01-16 10:10:00,5119.59326171875,101.0,101.0,95.0,19.6,2.5,1.01,99,0,98,37,15.717325278581347
2025-01-16 12:00:00,2025-01-16 11:10:00,5580.970703125,129.0,129.0,129.0,0.0,3.8,0.97,100,0,100,0,20.854583267326213
2025-01-16 13:00:00,2025-01-16 12:10:00,11034.2734375,166.0,166.0,131.0,86.1,4.9,0.57,54,0,54,0,23.547537965142936
2025-01-16 14:00:00,2025-01-16 13:10:00,5191.8994140625,113.0,113.0,110.0,7.7,5.1,0.71,100,0,100,0,23.48234869016805
2025-01-16 15:00:00,2025-01-16 14:10:00,2927.9130859375,72.0,72.0,72.0,0.0,4.3,0.84,100,0,100,0,20.667243193718072
2025-01-16 16:00:00,2025-01-16 15:10:00,4078.804931640625,73.0,73.0,61.0,51.6,4.0,1.14,85,0,85,0,15.428330626281223
2025-01-16 17:00:00,2025-01-16 16:10:00,310.89483642578125,33.0,33.0,24.0,73.1,2.9,1.52,67,0,67,0,8.260081013773453
2025-01-16 18:00:00,2025-01-16 17:10:00,220.29075622558594,1.0,1.0,1.0,0.0,2.0,1.2,80,1,80,0,-0.333482505660188
2025-01-16 19:00:00,2025-01-16 18:10:00,0.0,0.0,0.0,0.0,0.0,1.9,1.08,79,4,79,0,-9.918214948121536
2025-01-16 20:00:00,2025-01-16 19:10:00,0.0,0.0,0.0,0.0,0.0,1.5,1.17,71,0,71,0,-20.136520354623922
2025-01-16 21:00:00,2025-01-16 20:10:00,0.0,0.0,0.0,0.0,0.0,1.6,1.15,82,0,82,0,-30.673490160063636
2025-01-16 22:00:00,2025-01-16 21:10:00,0.0,0.0,0.0,0.0,0.0,1.6,0.65,54,7,54,0,-41.192873682281544
2025-01-16 23:00:00,2025-01-16 22:10:00,0.0,0.0,0.0,0.0,0.0,1.2,0.07,46,17,46,0,-51.2139415826349
2025-01-17 00:00:00,2025-01-16 23:10:00,0.0,0.0,0.0,0.0,0.0,0.3,0.62,17,9,10,0,-59.83527626901896
2025-01-17 01:00:00,2025-01-17 00:10:00,0.0,0.0,0.0,0.0,0.0,-0.4,0.43,5,2,3,0,-65.24015037073964
2025-01-17 02:00:00,2025-01-17 01:10:00,0.0,0.0,0.0,0.0,0.0,-1.5,0.85,3,0,3,0,-65.09103272360824
2025-01-17 03:00:00,2025-01-17 02:10:00,0.0,0.0,0.0,0.0,0.0,-1.4,0.4,2,0,2,0,-59.47060743219288
2025-01-17 04:00:00,2025-01-17 03:10:00,0.0,0.0,0.0,0.0,0.0,-1.8,0.36,0,0,0,0,-50.74513553038859
2025-01-17 05:00:00,2025-01-17 04:10:00,0.0,0.0,0.0,0.0,0.0,-1.9,0.18,4,4,0,0,-40.67795835339691
2025-01-17 06:00:00,2025-01-17 05:10:00,0.0,0.0,0.0,0.0,0.0,-2.0,0.35,3,3,0,0,-30.13962309096358
2025-01-17 07:00:00,2025-01-17 06:10:00,0.0,0.0,0.0,0.0,0.0,-2.5,0.7,3,3,0,0,-19.598922537613856
2025-01-17 08:00:00,2025-01-17 07:10:00,0.0,0.0,0.0,0.0,0.0,-2.5,0.49,0,0,0,0,-9.388466915428626
2025-01-17 09:00:00,2025-01-17 08:10:00,10428.44140625,34.0,34.0,16.0,175.9,-1.5,1.17,0,0,0,0,0.17646339778536912
2025-01-17 10:00:00,2025-01-17 09:10:00,16674.6484375,153.0,153.0,46.0,541.7,1.2,0.94,0,0,0,0,8.73539313088506
2025-01-17 11:00:00,2025-01-17 10:10:00,20121.85546875,271.0,271.0,61.0,682.1,4.1,0.47,0,0,0,0,15.849770489970238
2025-01-17 12:00:00,2025-01-17 11:10:00,21263.046875,352.0,352.0,70.0,741.5,5.8,0.62,0,0,0,0,21.01164642137244
2025-01-17 13:00:00,2025-01-17 12:10:00,21829.673828125,387.0,387.0,72.0,768.6,6.5,0.4,0,0,0,0,23.72696844693159
2025-01-17 14:00:00,2025-01-17 13:10:00,19829.15234375,365.0,365.0,73.0,740.2,6.7,0.94,4,4,0,0,23.677974064743772
2025-01-17 15:00:00,2025-01-17 14:10:00,15895.3564453125,299.0,299.0,67.0,691.9,6.8,0.67,0,0,0,0,20.870907113311713
2025-01-17 16:00:00,2025-01-17 15:10:00,9224.4599609375,192.0,192.0,53.0,588.2,5.4,0.2,0,0,0,0,15.632838970876334
2025-01-17 17:00:00,2025-01-17 16:10:00,376.5293884277344,68.0,68.0,28.0,320.0,2.5,0.89,0,0,0,0,8.460902737370816
2025-01-17 18:00:00,2025-01-17 17:10:00,376.11737060546875,1.0,1.0,1.0,0.0,0.8,1.31,0,0,0,0,-0.13821086499726384
2025-01-17 19:00:00,2025-01-17 18:10:00,0.0,0.0,0.0,0.0,0.0,0.3,0.82,0,0,0,0,-9.728393684373373
2025-01-17 20:00:00,2025-01-17 19:10:00,0.0,0.0,0.0,0.0,0.0,-0.4,1.08,0,0,0,0,-19.950692707783052
2025-01-17 21:00:00,2025-01-17 20:10:00,0.0,0.0,0.0,0.0,0.0,-0.4,1.35,0,0,0,0,-30.48909946646861
2025-01-17 22:00:00,2025-01-17 21:10:00,0.0,0.0,0.0,0.0,0.0,-1.2,1.09,0,0,0,0,-41.0062248670616
2025-01-17 23:00:00,2025-01-17 22:10:00,0.0,0.0,0.0,0.0,0.0,-1.2,0.22,0,0,0,0,-51.020297179035495
2025-01-18 00:00:00,2025-01-17 23:10:00,0.0,0.0,0.0,0.0,0.0,-1.4,0.25,0,0,0,0,-59.6313582596398
2025-01-18 01:00:00,2025-01-18 00:10:00,0.0,0.0,0.0,0.0,0.0,-1.5,0.35,0,0,0,0,-65.03648861903918
2025-01-18 02:00:00,2025-01-18 01:10:00,0.0,0.0,0.0,0.0,0.0,-1.5,1.37,0,0,0,0,-64.92231944914319
2025-01-18 03:00:00,2025-01-18 02:10:00,0.0,0.0,0.0,0.0,0.0,-1.6,0.98,32,0,32,0,-59.35122422282104
2025-01-18 04:00:00,2025-01-18 03:10:00,0.0,0.0,0.0,0.0,0.0,-1.1,1.85,30,0,30,0,-50.65866887050685
2025-01-18 05:00:00,2025-01-18 04:10:00,0.0,0.0,0.0,0.0,0.0,-1.0,1.01,32,0,32,0,-40.607129409784896
2025-01-18 06:00:00,2025-01-18 05:10:00,0.0,0.0,0.0,0.0,0.0,-0.6,1.61,35,0,35,0,-30.072841199961193
2025-01-18 07:00:00,2025-01-18 06:10:00,0.0,0.0,0.0,0.0,0.0,-0.6,1.87,21,0,21,0,-19.528258541045698
2025-01-18 08:00:00,2025-01-18 07:10:00,0.0,0.0,0.0,0.0,0.0,-0.6,1.85,13,0,13,0,-9.307810148515783
2025-01-18 09:00:00,2025-01-18 08:10:00,9251.658203125,32.0,32.0,16.0,154.7,-0.1,1.92,9,0,9,0,0.27235859571256804
2025-01-18 10:00:00,2025-01-18 09:10:00,11359.6357421875,143.0,143.0,59.0,420.4,2.4,1.49,100,0,100,0,8.851156675912499
2025-01-18 11:00:00,2025-01-18 10:10:00,6454.6416015625,133.0,133.0,104.0,93.4,3.8,0.87,100,0,100,0,15.988960643401908
2025-01-18 12:00:00,2025-01-18 11:10:00,7696.34326171875,117.0,117.0,110.0,18.3,4.0,0.2,96,0,96,0,21.17554763569318
2025-01-18 13:00:00,2025-01-18 12:10:00,9146.74609375,179.0,179.0,154.0,60.5,5.1,0.43,100,0,100,0,23.91313324861934
2025-01-18 14:00:00,2025-01-18 13:10:00,12185.6474609375,255.0,255.0,163.0,231.2,7.9,0.82,100,0,100,0,23.879956888849346
2025-01-18 15:00:00,2025-01-18 14:10:00,3197.47802734375,109.0,109.0,93.0,47.2,6.6,0.8,100,0,100,42,21.080305662928453
2025-01-18 16:00:00,2025-01-18 15:10:00,2205.300048828125,52.0,52.0,52.0,0.0,4.9,1.43,100,0,100,38,15.842338679582964
2025-01-18 17:00:00,2025-01-18 16:10:00,206.99107360839844,15.0,15.0,15.0,0.0,3.3,1.06,100,0,100,68,8.665991682118953
2025-01-18 18:00:00,2025-01-18 17:10:00,0.0,0.0,0.0,0.0,0.0,3.7,0.35,100,0,99,78,0.060715431489224744
2025-01-18 19:00:00,2025-01-18 18:10:00,0.0,0.0,0.0,0.0,0.0,3.7,0.3,100,0,100,62,-9.535373913398605
2025-01-18 20:00:00,2025-01-18 19:10:00,0.0,0.0,0.0,0.0,0.0,2.7,1.14,100,0,100,100,-19.761943534694705
2025-01-18 21:00:00,2025-01-18 20:10:00,0.0,0.0,0.0,0.0,0.0,2.3,0.29,100,0,99,100,-30.301859800075956
2025-01-18 22:00:00,2025-01-18 21:10:00,0.0,0.0,0.0,0.0,0.0,2.0,1.1,100,0,100,100,-40.81654744073632
2025-01-18 23:00:00,2025-01-18 22:10:00,0.0,0.0,0.0,0.0,0.0,1.5,1.15,100,0,100,69,-50.823104233216036
2025-01-19 00:00:00,2025-01-18 23:10:00,0.0,0.0,0.0,0.0,0.0,1.1,1.0,99,0,98,60,-59.422901830213256
2025-01-19 01:00:00,2025-01-19 00:10:00,0.0,0.0,0.0,0.0,0.0,1.0,1.93,100,0,98,98,-64.82677270846568
2025-01-19 02:00:00,2025-01-19 01:10:00,0.0,0.0,0.0,0.0,0.0,3.0,1.57,100,0,100,82,-64.7461765543754
2025-01-19 03:00:00,2025-01-19 02:10:00,0.0,0.0,0.0,0.0,0.0,2.2,1.17,100,0,100,100,-59.22430048387151
2025-01-19 04:00:00,2025-01-19 03:10:00,0.0,0.0,0.0,0.0,0.0,2.1,1.35,100,3,100,100,-50.56518508246036
2025-01-19 05:00:00,2025-01-19 04:10:00,0.0,0.0,0.0,0.0,0.0,2.9,2.01,100,1,100,11,-40.52973961934726
2025-01-19 06:00:00,2025-01-19 05:10:00,0.0,0.0,0.0,0.0,0.0,3.2,2.12,100,5,100,0,-29.999759105068662
2025-01-19 07:00:00,2025-01-19 06:10:00,0.0,0.0,0.0,0.0,0.0,3.0,2.45,100,3,100,0,-19.45138813530482
2025-01-19 08:00:00,2025-01-19 07:10:00,0.0,0.0,0.0,0.0,0.0,3.5,2.67,100,0,100,0,-9.220915797983082
2025-01-19 09:00:00,2025-01-19 08:10:00,2515.90771484375,9.0,9.0,9.0,0.0,3.8,2.07,99,16,99,0,0.3746115272322835
2025-01-19 10:00:00,2025-01-19 09:10:00,2634.411865234375,39.0,39.0,37.0,9.9,4.0,2.84,100,13,100,1,8.973449234043612
2025-01-19 11:00:00,2025-01-19 10:10:00,2905.822998046875,81.0,81.0,77.0,12.8,5.1,0.4,100,17,100,10,16.134847899981935
2025-01-19 12:00:00,2025-01-19 11:10:00,2709.20703125,91.0,91.0,82.0,23.3,5.3,2.18,100,44,100,48,21.346226043642435
2025-01-19 13:00:00,2025-01-19 12:10:00,3709.4501953125,136.0,136.0,128.0,19.2,5.9,1.24,100,95,100,38,24.105958937345417
2025-01-19 14:00:00,2025-01-19 13:10:00,3071.770263671875,99.0,99.0,94.0,12.5,4.5,0.74,100,73,100,0,24.088211136360663
2025-01-19 15:00:00,2025-01-19 14:10:00,2661.88232421875,103.0,103.0,90.0,37.9,5.0,1.2,100,22,100,0,21.29534128937984
2025-01-19 16:00:00,2025-01-19 15:10:00,1899.06103515625,70.0,70.0,58.0,49.2,4.9,1.03,100,93,100,0,16.05672418547194
2025-01-19 17:00:00,2025-01-19 16:10:00,181.37298583984375,13.0,13.0,13.0,0.0,4.2,0.57,100,100,100,0,8.875239279543772
2025-01-19 18:00:00,2025-01-19 17:10:00,0.0,0.0,0.0,0.0,0.0,4.0,0.53,100,100,100,0,0.2631894979416978
2025-01-19 19:00:00,2025-01-19 18:10:00,0.0,0.0,0.0,0.0,0.0,3.9,0.61,100,100,100,3,-9.339257440634382
2025-01-19 20:00:00,2025-01-19 19:10:00,0.0,0.0,0.0,0.0,0.0,3.7,0.67,100,99,100,99,-19.57036755783805
2025-01-19 21:00:00,2025-01-19 20:10:00,0.0,0.0,0.0,0.0,0.0,3.4,0.78,100,100,100,100,-30.111858141479498
2025-01-19 22:00:00,2025-01-19 21:10:00,0.0,0.0,0.0,0.0,0.0,3.4,0.81,100,100,100,100,-40.623921778733724
2025-01-19 23:00:00,2025-01-19 22:10:00,0.0,0.0,0.0,0.0,0.0,3.2,0.73,100,100,100,100,-50.622441305412444
2025-01-20 00:00:00,2025-01-19 23:10:00,0.0,0.0,0.0,0.0,0.0,3.0,0.96,100,100,100,100,-59.20999584111373
2025-01-20 01:00:00,2025-01-20 00:10:00,0.0,0.0,0.0,0.0,0.0,3.0,0.79,100,100,100,98,-64.61111262284517
2025-01-20 02:00:00,2025-01-20 01:10:00,0.0,0.0,0.0,0.0,0.0,3.7,0.74,100,100,100,1,-64.56269041899353
2025-01-20 03:00:00,2025-01-20 02:10:00,0.0,0.0,0.0,0.0,0.0,3.5,0.97,100,100,100,83,-59.08985723397489
2025-01-20 04:00:00,2025-01-20 03:10:00,0.0,0.0,0.0,0.0,0.0,3.5,0.83,100,100,100,80,-50.46467124717982
2025-01-20 05:00:00,2025-01-20 04:10:00,0.0,0.0,0.0,0.0,0.0,3.5,0.21,100,100,100,63,-40.44576957819127
2025-01-20 06:00:00,2025-01-20 05:10:00,0.0,0.0,0.0,0.0,0.0,3.4,1.24,100,100,100,100,-29.9203627391488
2025-01-20 07:00:00,2025-01-20 06:10:00,0.0,0.0,0.0,0.0,0.0,3.3,0.96,100,100,100,100,-19.368307550440942
2025-01-20 08:00:00,2025-01-20 07:10:00,0.0,0.0,0.0,0.0,0.0,3.4,0.2,100,100,100,97,-9.127792743184312
2025-01-20 09:00:00,2025-01-20 08:10:00,1741.6837158203125,4.0,4.0,4.0,0.0,3.5,0.54,100,100,100,93,0.48319950010995866
2025-01-20 10:00:00,2025-01-20 09:10:00,1952.0364990234375,15.0,15.0,15.0,0.0,3.7,1.34,100,100,100,76,9.102233972184672
2025-01-20 11:00:00,2025-01-20 10:10:00,2205.605712890625,33.0,33.0,33.0,0.0,4.2,1.94,100,100,100,6,16.28738171662439
2025-01-20 12:00:00,2025-01-20 11:10:00,2320.9921875,42.0,42.0,42.0,0.0,4.6,1.91,100,100,100,92,21.523618224003453
2025-01-20 13:00:00,2025-01-20 12:10:00,2105.537353515625,35.0,35.0,35.0,0.0,4.9,1.38,100,100,100,99,24.30536965202405
2025-01-20 14:00:00,2025-01-20 13:10:00,2025.38330078125,37.0,37.0,37.0,0.0,5.2,0.7,100,100,100,44,24.30264844261655
2025-01-20 15:00:00,2025-01-20 14:10:00,1357.0888671875,29.0,29.0,29.0,0.0,5.4,0.93,100,100,100,100,21.515914227997335
2025-01-20 16:00:00,2025-01-20 15:10:00,1195.0733642578125,20.0,20.0,20.0,0.0,5.6,1.79,100,100,100,100,16.27588797526398
2025-01-20 17:00:00,2025-01-20 16:10:00,201.2669219970703,8.0,8.0,8.0,0.0,5.3,2.22,100,100,100,100,9.088535428407512
2025-01-20 18:00:00,2025-01-20 17:10:00,0.0,0.0,0.0,0.0,0.0,5.0,1.56,100,100,100,100,0.46910340885755525
2025-01-20 19:00:00,2025-01-20 18:10:00,0.0,0.0,0.0,0.0,0.0,4.7,1.8,100,100,100,97,-9.140146612729987
2025-01-20 20:00:00,2025-01-20 19:10:00,0.0,0.0,0.0,0.0,0.0,4.6,1.57,100,100,97,83,-19.37605958387415
2025-01-20 21:00:00,2025-01-20 20:10:00,0.0,0.0,0.0,0.0,0.0,4.4,1.3,100,100,100,93,-29.919181165402673
2025-01-20 22:00:00,2025-01-20 21:10:00,0.0,0.0,0.0,0.0,0.0,4.3,1.2,100,100,100,100,-40.42842765155163
2025-01-20 23:00:00,2025-01-20 22:10:00,0.0,0.0,0.0,0.0,0.0,4.3,1.26,100,100,100,4,-50.4183861904636
2025-01-21 00:00:00,2025-01-20 23:10:00,0.0,0.0,0.0,0.0,0.0,4.2,1.26,100,100,100,0,-58.99272849508348
2025-01-21 01:00:00,2025-01-21 00:10:00,0.0,0.0,0.0,0.0,0.0,4.1,1.01,100,100,100,0,-64.3896188717445
2025-01-21 02:00:00,2025-01-21 01:10:00,0.0,0.0,0.0,0.0,0.0,4.2,1.6,100,100,100,2,-64.37195180347835
2025-01-21 03:00:00,2025-01-21 02:10:00,0.0,0.0,0.0,0.0,0.0,4.1,1.93,100,100,100,0,-58.94792152670555
2025-01-21 04:00:00,2025-01-21 03:10:00,0.0,0.0,0.0,0.0,0.0,4.0,1.39,100,100,100,0,-50.35711953181549
2025-01-21 05:00:00,2025-01-21 04:10:00,0.0,0.0,0.0,0.0,0.0,3.9,1.72,100,100,100,0,-40.35520404276114
2025-01-21 06:00:00,2025-01-21 05:10:00,0.0,0.0,0.0,0.0,0.0,3.9,1.79,100,100,100,0,-29.834641652100277
2025-01-21 07:00:00,2025-01-21 06:10:00,0.0,0.0,0.0,0.0,0.0,4.1,1.74,100,100,100,0,-19.279016325974197
2025-01-21 08:00:00,2025-01-21 07:10:00,0.0,0.0,0.0,0.0,0.0,4.2,1.26,100,100,100,0,-9.028452980625945
2025-01-21 09:00:00,2025-01-21 08:10:00,2092.276123046875,8.0,8.0,8.0,0.0,4.3,1.21,100,100,100,0,0.5980968519125804
2025-01-21 10:00:00,2025-01-21 09:10:00,2744.591796875,41.0,41.0,41.0,0.0,5.0,1.27,100,100,100,0,9.237471228956807
2025-01-21 11:00:00,2025-01-21 10:10:00,3276.16796875,82.0,82.0,80.0,6.3,5.8,0.93,100,49,100,0,16.446508878458367
2025-01-21 12:00:00,2025-01-21 11:10:00,12555.546875,159.0,159.0,137.0,56.0,6.9,0.92,5,3,4,0,21.707658248487018
2025-01-21 13:00:00,2025-01-21 12:10:00,18923.4296875,324.0,324.0,116.0,491.4,8.6,1.03,3,3,0,0,24.511287163186502
2025-01-21 14:00:00,2025-01-21 13:10:00,19021.3515625,354.0,354.0,88.0,650.7,9.4,0.93,1,0,1,0,24.523178174027837
2025-01-21 15:00:00,2025-01-21 14:10:00,16074.80078125,301.0,301.0,80.0,631.1,9.6,1.17,5,3,2,0,21.741922581601422
2025-01-21 16:00:00,2025-01-21 15:10:00,9950.3134765625,195.0,195.0,64.0,521.1,9.4,0.71,2,1,1,0,16.499720678262015
2025-01-21 17:00:00,2025-01-21 16:10:00,335.86712646484375,75.0,75.0,36.0,293.5,7.8,0.11,4,2,2,0,9.305768591146126
2025-01-21 18:00:00,2025-01-21 17:10:00,236.23280334472656,3.0,3.0,3.0,0.0,6.4,0.07,2,2,0,0,0.6783482969336875
2025-01-21 19:00:00,2025-01-21 18:10:00,0.0,0.0,0.0,0.0,0.0,5.5,0.07,1,1,0,0,-8.938144225677549
2025-01-21 20:00:00,2025-01-21 19:10:00,0.0,0.0,0.0,0.0,0.0,4.6,0.45,96,1,0,96,-19.17911442465328
2025-01-21 21:00:00,2025-01-21 20:10:00,0.0,0.0,0.0,0.0,0.0,4.1,0.11,100,0,0,100,-29.72391518056629
2025-01-21 22:00:00,2025-01-21 21:10:00,0.0,0.0,0.0,0.0,0.0,3.5,0.16,100,0,0,100,-40.23014418827151
2025-01-21 23:00:00,2025-01-21 22:10:00,0.0,0.0,0.0,0.0,0.0,2.6,0.4,100,20,1,100,-50.211015904936076
2025-01-22 00:00:00,2025-01-21 23:10:00,0.0,0.0,0.0,0.0,0.0,1.8,0.35,100,44,5,100,-58.7711873226062
2025-01-22 01:00:00,2025-01-22 00:10:00,0.0,0.0,0.0,0.0,0.0,1.6,0.15,100,100,7,100,-64.16240236638798
2025-01-22 02:00:00,2025-01-22 01:10:00,0.0,0.0,0.0,0.0,0.0,2.8,0.29,100,99,69,100,-64.1740556214681
2025-01-22 03:00:00,2025-01-22 02:10:00,0.0,0.0,0.0,0.0,0.0,3.0,0.74,100,98,90,100,-58.798526428021496
2025-01-22 04:00:00,2025-01-22 03:10:00,0.0,0.0,0.0,0.0,0.0,3.3,1.06,100,100,96,100,-50.24252728312766
2025-01-22 05:00:00,2025-01-22 04:10:00,0.0,0.0,0.0,0.0,0.0,3.3,1.0,100,100,97,100,-40.258032030872926
2025-01-22 06:00:00,2025-01-22 05:10:00,0.0,0.0,0.0,0.0,0.0,3.5,0.5,100,99,100,100,-29.742589090039534
2025-01-22 07:00:00,2025-01-22 06:10:00,0.0,0.0,0.0,0.0,0.0,3.5,0.15,100,94,100,100,-19.183517363708074
2025-01-22 08:00:00,2025-01-22 07:10:00,0.0,0.0,0.0,0.0,0.0,3.5,0.29,100,95,94,99,-8.922911651627158
2025-01-22 09:00:00,2025-01-22 08:10:00,1867.569580078125,10.0,10.0,10.0,0.0,3.7,0.46,100,100,100,98,0.7192749450789979
2025-01-22 10:00:00,2025-01-22 09:10:00,2143.19189453125,23.0,23.0,23.0,0.0,3.8,0.47,100,100,100,100,9.379118529860474
2025-01-22 11:00:00,2025-01-22 10:10:00,2581.83935546875,56.0,56.0,56.0,0.0,4.3,0.57,100,100,100,84,16.612173531581565
2025-01-22 12:00:00,2025-01-22 11:10:00,2799.33837890625,57.0,57.0,57.0,0.0,4.6,0.83,100,100,100,95,21.898277729787093
2025-01-22 13:00:00,2025-01-22 12:10:00,2569.18603515625,79.0,79.0,79.0,0.0,5.0,0.78,100,100,100,100,24.723630933802895
2025-01-22 14:00:00,2025-01-22 13:10:00,2354.91552734375,51.0,51.0,51.0,0.0,5.4,0.76,100,100,100,60,24.749707499210054
2025-01-22 15:00:00,2025-01-22 14:10:00,2144.077880859375,69.0,69.0,62.0,19.8,5.7,0.35,100,100,100,4,21.97326240161404
2025-01-22 16:00:00,2025-01-22 15:10:00,1472.28759765625,39.0,39.0,38.0,3.9,5.4,0.65,100,100,100,0,16.728111157979285
2025-01-22 17:00:00,2025-01-22 16:10:00,225.4053955078125,18.0,18.0,18.0,0.0,5.2,0.93,100,100,100,0,9.5268258932508
2025-01-22 18:00:00,2025-01-22 17:10:00,0.0,0.0,0.0,0.0,0.0,4.9,0.82,100,100,100,0,0.8908144537354454
2025-01-22 19:00:00,2025-01-22 18:10:00,0.0,0.0,0.0,0.0,0.0,4.8,0.79,100,100,100,36,-8.733353430489354
2025-01-22 20:00:00,2025-01-22 19:10:00,0.0,0.0,0.0,0.0,0.0,4.7,0.95,100,100,98,66,-18.97962681624833
2025-01-22 21:00:00,2025-01-22 20:10:00,0.0,0.0,0.0,0.0,0.0,4.3,0.94,100,100,100,68,-29.526146068084707
2025-01-22 22:00:00,2025-01-22 21:10:00,0.0,0.0,0.0,0.0,0.0,4.2,0.61,100,100,100,72,-40.029149839125154
2025-01-22 23:00:00,2025-01-22 22:10:00,0.0,0.0,0.0,0.0,0.0,4.0,1.18,100,100,100,95,-50.00040667405492
2025-01-23 00:00:00,2025-01-22 23:10:00,0.0,0.0,0.0,0.0,0.0,3.8,1.57,100,100,100,100,-58.54545916937724
2025-01-23 01:00:00,2025-01-23 00:10:00,0.0,0.0,0.0,0.0,0.0,3.7,1.17,100,100,100,85,-63.92957430391939
2025-01-23 02:00:00,2025-01-23 01:10:00,0.0,0.0,0.0,0.0,0.0,4.7,0.56,100,100,100,32,-63.9691007080481
2025-01-23 03:00:00,2025-01-23 02:10:00,0.0,0.0,0.0,0.0,0.0,4.7,0.43,100,100,47,0,-58.641710974239224
2025-01-23 04:00:00,2025-01-23 03:10:00,0.0,0.0,0.0,0.0,0.0,4.4,1.26,81,73,9,24,-50.120897107446055
2025-01-23 05:00:00,2025-01-23 04:10:00,0.0,0.0,0.0,0.0,0.0,4.2,0.89,100,97,12,85,-40.154246915278364
2025-01-23 06:00:00,2025-01-23 05:10:00,0.0,0.0,0.0,0.0,0.0,4.0,0.49,100,100,16,99,-29.644202070211698
2025-01-23 07:00:00,2025-01-23 06:10:00,0.0,0.0,0.0,0.0,0.0,3.8,0.89,100,100,72,96,-19.081816978013478
2025-01-23 08:00:00,2025-01-23 07:10:00,0.0,0.0,0.0,0.0,0.0,3.5,0.82,100,100,19,81,-8.811187068495558
2025-01-23 09:00:00,2025-01-23 08:10:00,2064.87548828125,12.0,12.0,12.0,0.0,3.7,0.32,100,100,31,14,0.8467021628139025
2025-01-23 10:00:00,2025-01-23 09:10:00,5318.8681640625,81.0,81.0,66.0,70.5,4.6,0.07,91,85,43,0,9.527130602882377
2025-01-23 11:00:00,2025-01-23 10:10:00,11111.2978515625,205.0,205.0,108.0,298.4,5.9,0.47,76,65,30,0,16.784317216144196
2025-01-23 12:00:00,2025-01-23 11:10:00,12652.001953125,260.0,260.0,130.0,325.5,6.7,0.94,69,64,15,0,22.095405870132915
2025-01-23 13:00:00,2025-01-23 12:10:00,12343.595703125,231.0,231.0,175.0,130.1,7.2,0.62,19,18,1,0,24.94231818099195
2025-01-23 14:00:00,2025-01-23 13:10:00,7363.0927734375,150.0,150.0,137.0,31.2,6.9,0.96,15,12,4,0,24.982141461529377
2025-01-23 15:00:00,2025-01-23 14:10:00,8994.4853515625,172.0,172.0,148.0,67.0,7.4,1.14,38,37,0,0,22.209827771196977
2025-01-23 16:00:00,2025-01-23 15:10:00,6003.763671875,112.0,112.0,92.0,77.1,7.3,0.74,6,5,1,0,16.96094660633736
2025-01-23 17:00:00,2025-01-23 16:10:00,348.06787109375,65.0,65.0,42.0,167.9,6.6,0.45,23,23,0,0,9.75159322545197
2025-01-23 18:00:00,2025-01-23 17:10:00,207.06948852539062,4.0,4.0,3.0,16.1,4.8,1.08,73,28,0,63,1.1063914330340454
2025-01-23 19:00:00,2025-01-23 18:10:00,0.0,0.0,0.0,0.0,0.0,4.2,1.33,54,5,1,52,-8.525877636578159
2025-01-23 20:00:00,2025-01-23 19:10:00,0.0,0.0,0.0,0.0,0.0,4.1,1.42,34,3,1,32,-18.777691336149143
2025-01-23 21:00:00,2025-01-23 20:10:00,0.0,0.0,0.0,0.0,0.0,3.4,1.45,1,1,0,0,-29.32595921847885
2025-01-23 22:00:00,2025-01-23 21:10:00,0.0,0.0,0.0,0.0,0.0,2.5,0.93,10,10,0,0,-39.825522337124745
2025-01-23 23:00:00,2025-01-23 22:10:00,0.0,0.0,0.0,0.0,0.0,1.9,0.61,27,26,2,0,-49.78663391831789
2025-01-24 00:00:00,2025-01-23 23:10:00,0.0,0.0,0.0,0.0,0.0,1.3,0.92,92,92,0,0,-58.31563018551815
2025-01-24 01:00:00,2025-01-24 00:10:00,0.0,0.0,0.0,0.0,0.0,0.5,0.81,98,98,0,0,-63.691246059728655
2025-01-24 02:00:00,2025-01-24 01:10:00,0.0,0.0,0.0,0.0,0.0,1.5,0.05,100,100,1,0,-63.757189585551984
2025-01-24 03:00:00,2025-01-24 02:10:00,0.0,0.0,0.0,0.0,0.0,1.4,0.22,100,100,16,0,-58.47752011113651
2025-01-24 04:00:00,2025-01-24 03:10:00,0.0,0.0,0.0,0.0,0.0,1.3,0.9,100,100,22,1,-49.99223693675733
2025-01-24 05:00:00,2025-01-24 04:10:00,0.0,0.0,0.0,0.0,0.0,1.0,0.05,100,100,0,0,-40.043846509234484
2025-01-24 06:00:00,2025-01-24 05:10:00,0.0,0.0,0.0,0.0,0.0,0.8,0.11,100,100,7,67,-29.539481451221658
2025-01-24 07:00:00,2025-01-24 06:10:00,0.0,0.0,0.0,0.0,0.0,0.6,0.11,100,99,38,100,-18.973924943292875
2025-01-24 08:00:00,2025-01-24 07:10:00,0.0,0.0,0.0,0.0,0.0,0.4,0.15,100,100,35,100,-8.693300739024552
2025-01-24 09:00:00,2025-01-24 08:10:00,2769.52490234375,27.0,27.0,27.0,0.0,0.6,0.32,100,100,41,93,0.9803439059199193
2025-01-24 10:00:00,2025-01-24 09:10:00,4846.88525390625,98.0,98.0,91.0,32.5,1.5,0.72,100,100,8,75,9.681459394591192
2025-01-24 11:00:00,2025-01-24 10:10:00,10270.46875,185.0,185.0,132.0,161.4,2.7,0.76,99,97,10,77,16.962878899752628
2025-01-24 12:00:00,2025-01-24 11:10:00,14439.3173828125,301.0,301.0,144.0,389.7,4.0,0.25,94,80,60,33,22.29896951028015
2025-01-24 13:00:00,2025-01-24 12:10:00,18418.099609375,374.0,374.0,125.0,573.4,6.3,0.32,48,10,37,9,25.167263938528258
2025-01-24 14:00:00,2025-01-24 13:10:00,18247.5546875,397.0,397.0,90.0,730.5,7.8,0.43,36,27,12,0,25.22038305295262
2025-01-24 15:00:00,2025-01-24 14:10:00,14735.74609375,329.0,329.0,74.0,704.5,8.2,0.39,77,13,15,69,22.451510890295783
2025-01-24 16:00:00,2025-01-24 15:10:00,8431.0185546875,199.0,199.0,82.0,444.5,7.8,0.89,97,0,29,96,17.198112640300963
2025-01-24 17:00:00,2025-01-24 16:10:00,291.1669921875,77.0,77.0,51.0,187.0,6.3,0.7,99,0,29,98,9.979955348552842
2025-01-24 18:00:00,2025-01-24 17:10:00,218.1144561767578,4.0,4.0,4.0,0.0,5.3,0.54,99,0,15,99,1.3249681566418547
2025-01-24 19:00:00,2025-01-24 18:10:00,0.0,0.0,0.0,0.0,0.0,4.9,0.81,95,1,3,95,-8.315820413013437
2025-01-24 20:00:00,2025-01-24 19:10:00,0.0,0.0,0.0,0.0,0.0,4.4,0.61,100,5,0,100,-18.57340231877227
2025-01-24 21:00:00,2025-01-24 20:10:00,0.0,0.0,0.0,0.0,0.0,4.1,0.66,97,12,0,97,-29.123439467419562
2025-01-24 22:00:00,2025-01-24 21:10:00,0.0,0.0,0.0,0.0,0.0,3.8,0.81,97,27,0,96,-39.61933865879537
2025-01-24 23:00:00,2025-01-24 22:10:00,0.0,0.0,0.0,0.0,0.0,3.5,0.35,96,43,0,93,-49.56977223970582
2025-01-25 00:00:00,2025-01-24 23:10:00,0.0,0.0,0.0,0.0,0.0,3.3,0.22,99,62,0,97,-58.08178581622744
2025-01-25 01:00:00,2025-01-25 00:10:00,0.0,0.0,0.0,0.0,0.0,3.2,0.15,99,84,1,95,-63.44752908753678
2025-01-25 02:00:00,2025-01-25 01:10:00,0.0,0.0,0.0,0.0,0.0,4.3,0.07,100,100,9,99,-63.53842822837954
2025-01-25 03:00:00,2025-01-25 02:10:00,0.0,0.0,0.0,0.0,0.0,4.2,0.38,100,100,18,99,-58.30600461492548
2025-01-25 04:00:00,2025-01-25 03:10:00,0.0,0.0,0.0,0.0,0.0,4.2,0.86,100,100,38,99,-49.85656008058161
2025-01-25 05:00:00,2025-01-25 04:10:00,0.0,0.0,0.0,0.0,0.0,4.1,0.82,100,100,18,99,-39.926833143601925
2025-01-25 06:00:00,2025-01-25 05:10:00,0.0,0.0,0.0,0.0,0.0,4.1,0.85,100,100,30,98,-29.428431998196203
2025-01-25 07:00:00,2025-01-25 06:10:00,0.0,0.0,0.0,0.0,0.0,4.2,1.2,100,100,31,94,-18.859854538340155
2025-01-25 08:00:00,2025-01-25 07:10:00,0.0,0.0,0.0,0.0,0.0,4.0,1.14,100,100,8,80,-8.569277389118696
2025-01-25 09:00:00,2025-01-25 08:10:00,2142.68310546875,14.0,14.0,14.0,0.0,4.1,1.29,100,99,21,8,1.1201625906842936
2025-01-25 10:00:00,2025-01-25 09:10:00,3916.01318359375,60.0,60.0,56.0,18.3,4.3,1.22,98,93,22,65,9.842054086773512
2025-01-25 11:00:00,2025-01-25 10:10:00,8685.83984375,140.0,140.0,85.0,165.9,5.2,1.03,96,82,25,75,17.14779501118639
2025-01-25 12:00:00,2025-01-25 11:10:00,8914.5849609375,213.0,213.0,129.0,206.7,6.4,1.08,97,84,29,79,22.508893178887956
2025-01-25 13:00:00,2025-01-25 12:10:00,8670.849609375,223.0,223.0,126.0,221.5,7.1,0.81,100,96,16,92,25.398381120059817
2025-01-25 14:00:00,2025-01-25 13:10:00,7498.6337890625,159.0,159.0,139.0,47.1,6.8,0.64,100,100,30,0,25.464333289091076
2025-01-25 15:00:00,2025-01-25 14:10:00,6732.4951171875,168.0,168.0,119.0,133.9,7.1,0.47,100,100,47,0,22.69820216246625
2025-01-25 16:00:00,2025-01-25 15:10:00,3124.766357421875,96.0,96.0,79.0,63.6,6.8,0.35,96,96,25,0,17.439493400810424
2025-01-25 17:00:00,2025-01-25 16:10:00,236.12399291992188,36.0,36.0,35.0,7.1,6.0,0.72,100,100,15,0,10.211796000748311
2025-01-25 18:00:00,2025-01-25 17:10:00,193.4472198486328,3.0,3.0,3.0,0.0,5.3,0.41,90,83,44,0,1.5464330225599645
2025-01-25 19:00:00,2025-01-25 18:10:00,0.0,0.0,0.0,0.0,0.0,5.2,0.16,100,100,25,0,-8.103285387844425
2025-01-25 20:00:00,2025-01-25 19:10:00,0.0,0.0,0.0,0.0,0.0,5.3,0.52,100,100,45,66,-18.36685376946162
2025-01-25 21:00:00,2025-01-25 20:10:00,0.0,0.0,0.0,0.0,0.0,5.2,0.25,100,100,98,96,-28.918671030335286
2025-01-25 22:00:00,2025-01-25 21:10:00,0.0,0.0,0.0,0.0,0.0,5.1,0.32,100,100,100,7,-39.410674984076806
2025-01-25 23:00:00,2025-01-25 22:10:00,0.0,0.0,0.0,0.0,0.0,4.9,0.35,100,100,100,50,-49.34989540743737
2025-01-26 00:00:00,2025-01-25 23:10:00,0.0,0.0,0.0,0.0,0.0,4.8,0.38,100,100,100,30,-57.84401079360108
2025-01-26 01:00:00,2025-01-26 00:10:00,0.0,0.0,0.0,0.0,0.0,4.8,0.11,100,100,100,55,-63.198534826913296
2025-01-26 02:00:00,2025-01-26 01:10:00,0.0,0.0,0.0,0.0,0.0,5.2,1.15,100,100,100,100,-63.31292582824422
2025-01-26 03:00:00,2025-01-26 02:10:00,0.0,0.0,0.0,0.0,0.0,5.0,0.65,100,100,100,98,-58.12722099596996
2025-01-26 04:00:00,2025-01-26 03:10:00,0.0,0.0,0.0,0.0,0.0,4.6,0.99,100,100,100,99,-49.71388526340469
2025-01-26 05:00:00,2025-01-26 04:10:00,0.0,0.0,0.0,0.0,0.0,4.4,0.28,100,100,100,45,-39.80321373504425
2025-01-26 06:00:00,2025-01-26 05:10:00,0.0,0.0,0.0,0.0,0.0,4.5,0.86,100,24,100,71,-29.311062442510202
2025-01-26 07:00:00,2025-01-26 06:10:00,0.0,0.0,0.0,0.0,0.0,4.3,0.99,99,20,94,79,-18.739622587321684
2025-01-26 08:00:00,2025-01-26 07:10:00,0.0,0.0,0.0,0.0,0.0,3.2,0.46,99,99,0,0,-8.439144983355954
2025-01-26 09:00:00,2025-01-26 08:10:00,4938.14794921875,33.0,33.0,25.0,70.2,3.7,1.59,100,100,0,0,1.2661176479399785
2025-01-26 10:00:00,2025-01-26 09:10:00,6346.29150390625,104.0,104.0,83.0,94.7,4.6,1.49,85,85,0,0,10.008861113664743
2025-01-26 11:00:00,2025-01-26 10:10:00,15086.0009765625,271.0,271.0,105.0,495.6,6.2,1.1,80,80,0,0,17.338999474427162
2025-01-26 12:00:00,2025-01-26 11:10:00,20128.185546875,381.0,381.0,87.0,717.0,8.1,0.56,32,32,0,1,22.72509914223323
2025-01-26 13:00:00,2025-01-26 12:10:00,20163.318359375,396.0,396.0,113.0,640.5,9.1,0.69,19,4,0,15,25.635580582951196
2025-01-26 14:00:00,2025-01-26 13:10:00,16325.189453125,298.0,298.0,166.0,308.3,8.4,0.57,55,19,0,45,25.71389128533029
2025-01-26 15:00:00,2025-01-26 14:10:00,12285.3564453125,276.0,276.0,109.0,451.3,8.6,0.8,100,2,2,100,22.949790283358347
2025-01-26 16:00:00,2025-01-26 15:10:00,7548.48193359375,174.0,174.0,112.0,228.5,7.9,0.51,66,4,5,63,17.68497165386569
2025-01-26 17:00:00,2025-01-26 16:10:00,303.34515380859375,81.0,81.0,41.0,279.3,6.4,0.18,100,2,16,100,10.446998007254539
2025-01-26 18:00:00,2025-01-26 17:10:00,202.09014892578125,4.0,4.0,4.0,0.0,5.6,0.3,84,16,24,75,1.770674015238824
2025-01-26 19:00:00,2025-01-26 18:10:00,0.0,0.0,0.0,0.0,0.0,5.4,0.72,97,59,81,57,-7.888376145697695
2025-01-26 20:00:00,2025-01-26 19:10:00,0.0,0.0,0.0,0.0,0.0,5.1,0.83,100,67,68,100,-18.158139277172552
2025-01-26 21:00:00,2025-01-26 20:10:00,0.0,0.0,0.0,0.0,0.0,5.1,0.67,100,48,53,100,-28.711737436042487
2025-01-26 22:00:00,2025-01-26 21:10:00,0.0,0.0,0.0,0.0,0.0,4.8,0.6,100,40,24,100,-39.19960665548728
2025-01-26 23:00:00,2025-01-26 22:10:00,0.0,0.0,0.0,0.0,0.0,4.4,0.21,100,36,33,100,-49.1270763432501
2025-01-27 00:00:00,2025-01-26 23:10:00,0.0,0.0,0.0,0.0,0.0,4.1,0.32,100,33,35,100,-57.60238912940139
2025-01-27 01:00:00,2025-01-27 00:10:00,0.0,0.0,0.0,0.0,0.0,4.1,0.32,100,74,36,100,-62.94437461789129
2025-01-27 02:00:00,2025-01-27 01:10:00,0.0,0.0,0.0,0.0,0.0,5.3,0.81,100,100,52,75,-63.080794561158626
2025-01-27 03:00:00,2025-01-27 02:10:00,0.0,0.0,0.0,0.0,0.0,5.1,0.07,100,100,28,57,-57.94123138624164
2025-01-27 04:00:00,2025-01-27 03:10:00,0.0,0.0,0.0,0.0,0.0,4.8,0.6,100,100,26,61,-49.56423664753954
2025-01-27 05:00:00,2025-01-27 04:10:00,0.0,0.0,0.0,0.0,0.0,4.4,0.99,100,100,86,98,-39.6729998449543
2025-01-27 06:00:00,2025-01-27 05:10:00,0.0,0.0,0.0,0.0,0.0,4.4,0.43,100,100,81,41,-29.187385535735537
2025-01-27 07:00:00,2025-01-27 06:10:00,0.0,0.0,0.0,0.0,0.0,4.2,0.72,100,99,52,95,-18.6132494971147
2025-01-27 08:00:00,2025-01-27 07:10:00,0.0,0.0,0.0,0.0,0.0,4.0,1.19,100,100,54,39,-8.302934743298902
2025-01-27 09:00:00,2025-01-27 08:10:00,2847.17919921875,17.0,17.0,14.0,26.0,4.5,1.01,100,100,67,11,1.418165523420064
2025-01-27 10:00:00,2025-01-27 09:10:00,3203.276611328125,70.0,70.0,62.0,35.6,5.2,1.21,100,100,77,33,10.181824179833779
2025-01-27 11:00:00,2025-01-27 10:10:00,4630.08154296875,104.0,104.0,99.0,14.8,5.3,1.07,100,100,63,36,17.53642374300229
2025-01-27 12:00:00,2025-01-27 11:10:00,4701.34912109375,100.0,100.0,99.0,2.4,5.2,0.92,100,100,62,100,22.947507454216606
2025-01-27 13:00:00,2025-01-27 12:10:00,7872.64404296875,195.0,195.0,166.0,65.1,6.4,0.72,100,95,100,99,25.87877119267031
2025-01-27 14:00:00,2025-01-27 13:10:00,2599.770263671875,87.0,87.0,85.0,4.6,6.3,0.29,100,99,100,100,25.968954333937326
2025-01-27 15:00:00,2025-01-27 14:10:00,1999.2626953125,71.0,71.0,71.0,0.0,6.3,0.91,100,100,100,95,23.206162330730358
2025-01-27 16:00:00,2025-01-27 15:10:00,2244.493896484375,62.0,62.0,59.0,10.9,6.0,0.21,100,100,100,12,17.93442889361071
2025-01-27 17:00:00,2025-01-27 16:10:00,230.31307983398438,17.0,17.0,17.0,0.0,5.6,0.5,100,100,72,10,10.685443392064755
2025-01-27 18:00:00,2025-01-27 17:10:00,205.68304443359375,2.0,2.0,2.0,0.0,5.4,0.97,98,92,76,8,1.9975788177387184
2025-01-27 19:00:00,2025-01-27 18:10:00,0.0,0.0,0.0,0.0,0.0,5.3,1.15,95,93,39,4,-7.671196123871565
2025-01-27 20:00:00,2025-01-27 19:10:00,0.0,0.0,0.0,0.0,0.0,4.9,0.64,89,87,37,7,-17.947351926051816
2025-01-27 21:00:00,2025-01-27 20:10:00,0.0,0.0,0.0,0.0,0.0,4.5,0.68,89,79,58,32,-28.502721459574992
2025-01-27 22:00:00,2025-01-27 21:10:00,0.0,0.0,0.0,0.0,0.0,4.8,1.23,100,100,100,33,-38.98620813666621
2025-01-27 23:00:00,2025-01-27 22:10:00,0.0,0.0,0.0,0.0,0.0,4.7,0.9,100,100,100,3,-48.90138710622228
2025-01-28 00:00:00,2025-01-27 23:10:00,0.0,0.0,0.0,0.0,0.0,4.7,1.05,100,100,100,70,-57.35700410859279
2025-01-28 01:00:00,2025-01-28 00:10:00,0.0,0.0,0.0,0.0,0.0,4.5,1.17,100,100,21,49,-62.68515962233922
2025-01-28 02:00:00,2025-01-28 01:10:00,0.0,0.0,0.0,0.0,0.0,5.4,0.65,100,100,100,80,-62.842149357359446
2025-01-28 03:00:00,2025-01-28 02:10:00,0.0,0.0,0.0,0.0,0.0,5.1,0.45,100,100,100,85,-57.74810341161019
2025-01-28 04:00:00,2025-01-28 03:10:00,0.0,0.0,0.0,0.0,0.0,5.1,0.94,100,100,100,54,-49.40764384139541
2025-01-28 05:00:00,2025-01-28 04:10:00,0.0,0.0,0.0,0.0,0.0,4.6,1.42,100,100,72,48,-39.536207728790515
2025-01-28 06:00:00,2025-01-28 05:10:00,0.0,0.0,0.0,0.0,0.0,4.3,1.47,97,51,92,43,-29.057418097499717
2025-01-28 07:00:00,2025-01-28 06:10:00,0.0,0.0,0.0,0.0,0.0,4.3,1.32,79,41,63,5,-18.48075929075367
2025-01-28 08:00:00,2025-01-28 07:10:00,0.0,0.0,0.0,0.0,0.0,3.4,0.95,39,25,14,6,-8.16068116337298
2025-01-28 09:00:00,2025-01-28 08:10:00,6163.77099609375,46.0,46.0,28.0,153.7,4.0,1.87,84,81,15,1,1.576259679525617
2025-01-28 10:00:00,2025-01-28 09:10:00,13388.533203125,165.0,165.0,71.0,412.0,5.4,1.84,51,49,0,3,10.3608842787816
2025-01-28 11:00:00,2025-01-28 10:10:00,16709.00390625,283.0,283.0,94.0,552.7,6.9,1.28,42,30,7,16,17.739996834648807
2025-01-28 12:00:00,2025-01-28 11:10:00,17757.154296875,360.0,360.0,112.0,594.0,8.3,0.5,71,16,41,56,23.176036006618425
2025-01-28 13:00:00,2025-01-28 12:10:00,17378.328125,399.0,399.0,116.0,629.3,9.6,0.65,88,10,79,78,26.127859887639822
2025-01-28 14:00:00,2025-01-28 13:10:00,18426.046875,400.0,400.0,100.0,687.6,11.8,0.3,46,3,8,42,26.22941798203924
2025-01-28 15:00:00,2025-01-28 14:10:00,16266.951171875,318.0,318.0,101.0,573.7,12.0,1.92,5,0,0,5,23.467203855865076
2025-01-28 16:00:00,2025-01-28 15:10:00,10696.5908203125,232.0,232.0,66.0,594.0,11.4,2.83,1,0,1,0,18.18774544726104
2025-01-28 17:00:00,2025-01-28 16:10:00,465.4820861816406,105.0,105.0,37.0,461.1,9.9,2.19,12,1,12,0,10.927013491637373
2025-01-28 18:00:00,2025-01-28 17:10:00,232.71044921875,8.0,8.0,5.0,41.7,7.8,1.81,15,0,14,1,2.22703492556569
2025-01-28 19:00:00,2025-01-28 18:10:00,0.0,0.0,0.0,0.0,0.0,5.8,0.67,35,0,10,29,-7.451848507165447
2025-01-28 20:00:00,2025-01-28 19:10:00,0.0,0.0,0.0,0.0,0.0,5.1,1.25,89,0,6,89,-17.734584206139534
2025-01-28 21:00:00,2025-01-28 20:10:00,0.0,0.0,0.0,0.0,0.0,4.3,0.68,99,0,5,99,-28.29170505440893
2025-01-28 22:00:00,2025-01-28 21:10:00,0.0,0.0,0.0,0.0,0.0,4.4,0.21,76,0,7,74,-38.77055297043637
2025-01-28 23:00:00,2025-01-28 22:10:00,0.0,0.0,0.0,0.0,0.0,3.2,1.0,89,0,5,89,-48.67289887717905
2025-01-29 00:00:00,2025-01-28 23:10:00,0.0,0.0,0.0,0.0,0.0,2.4,1.03,90,20,3,87,-57.107938283503294
2025-01-29 01:00:00,2025-01-29 00:10:00,0.0,0.0,0.0,0.0,0.0,2.2,0.15,92,18,2,90,-62.42100075175216
2025-01-29 02:00:00,2025-01-29 01:10:00,0.0,0.0,0.0,0.0,0.0,3.4,0.65,79,55,0,53,-62.597107675258464
2025-01-29 03:00:00,2025-01-29 02:10:00,0.0,0.0,0.0,0.0,0.0,2.6,0.6,75,48,1,52,-57.54791005014851
2025-01-29 04:00:00,2025-01-29 03:10:00,0.0,0.0,0.0,0.0,0.0,2.2,0.45,64,50,0,27,-49.2441418932383
2025-01-29 05:00:00,2025-01-29 04:10:00,0.0,0.0,0.0,0.0,0.0,1.5,0.7,79,78,2,3,-39.39285837556376
2025-01-29 06:00:00,2025-01-29 05:10:00,0.0,0.0,0.0,0.0,0.0,0.9,0.05,98,98,2,0,-28.921181056971744
2025-01-29 07:00:00,2025-01-29 06:10:00,0.0,0.0,0.0,0.0,0.0,0.6,0.82,100,100,2,0,-18.342179636749776
2025-01-29 08:00:00,2025-01-29 07:10:00,0.0,0.0,0.0,0.0,0.0,0.1,1.46,93,93,1,0,-8.012422024135862
2025-01-29 09:00:00,2025-01-29 08:10:00,8212.6884765625,49.0,49.0,25.0,202.1,0.9,0.59,66,66,0,0,1.740350598624248
2025-01-29 10:00:00,2025-01-29 09:10:00,13835.041015625,168.0,168.0,70.0,423.2,2.5,0.8,83,83,0,0,10.545979712316514
2025-01-29 11:00:00,2025-01-29 10:10:00,18649.337890625,296.0,296.0,89.0,598.9,4.8,0.27,83,20,0,79,17.94964536630719
2025-01-29 12:00:00,2025-01-29 11:10:00,20190.75390625,396.0,396.0,90.0,726.0,7.6,0.9,59,1,0,58,23.410600579566843
2025-01-29 13:00:00,2025-01-29 12:10:00,19310.01171875,439.0,439.0,81.0,788.8,9.8,1.49,100,2,0,100,26.382751744476455
2025-01-29 14:00:00,2025-01-29 13:10:00,20404.931640625,425.0,425.0,74.0,796.7,10.1,1.38,3,0,0,3,26.49517611036749
2025-01-29 15:00:00,2025-01-29 14:10:00,16369.0341796875,347.0,347.0,74.0,713.7,10.2,1.12,7,1,1,6,23.732798976257907
2025-01-29 16:00:00,2025-01-29 15:10:00,10514.6015625,235.0,235.0,68.0,588.7,9.8,1.33,36,0,0,36,18.444800581712965
2025-01-29 17:00:00,2025-01-29 16:10:00,477.25738525390625,105.0,105.0,40.0,431.0,7.8,0.95,0,0,0,0,11.171589070313454
2025-01-29 18:00:00,2025-01-29 17:10:00,219.4652557373047,9.0,9.0,6.0,40.6,6.2,1.48,15,14,2,0,2.458929761945474
2025-01-29 19:00:00,2025-01-29 18:10:00,0.0,0.0,0.0,0.0,0.0,5.4,1.25,100,100,100,3,-7.230436121694589
2025-01-29 20:00:00,2025-01-29 19:10:00,0.0,0.0,0.0,0.0,0.0,5.7,0.71,100,100,100,44,-17.51992792343682
2025-01-29 21:00:00,2025-01-29 20:10:00,0.0,0.0,0.0,0.0,0.0,5.4,0.87,100,100,100,54,-28.078769284296147
2025-01-29 22:00:00,2025-01-29 21:10:00,0.0,0.0,0.0,0.0,0.0,4.9,1.15,100,100,100,39,-38.55271373654655
2025-01-29 23:00:00,2025-01-29 22:10:00,0.0,0.0,0.0,0.0,0.0,4.8,0.95,100,100,100,14,-48.44168194275526
2025-01-30 00:00:00,2025-01-29 23:10:00,0.0,0.0,0.0,0.0,0.0,4.7,0.96,100,100,100,62,-56.8552734685089
2025-01-30 01:00:00,2025-01-30 00:10:00,0.0,0.0,0.0,0.0,0.0,4.7,0.7,100,100,100,49,-62.15200860112988
2025-01-30 02:00:00,2025-01-30 01:10:00,0.0,0.0,0.0,0.0,0.0,5.6,0.54,100,100,100,99,-62.345789280391344
2025-01-30 03:00:00,2025-01-30 02:10:00,0.0,0.0,0.0,0.0,0.0,5.3,0.54,100,63,96,81,-57.3407294777028
2025-01-30 04:00:00,2025-01-30 03:10:00,0.0,0.0,0.0,0.0,0.0,5.2,0.61,100,100,72,100,-49.073771270627596
2025-01-30 05:00:00,2025-01-30 04:10:00,0.0,0.0,0.0,0.0,0.0,5.1,0.63,100,100,68,100,-39.24297753727753
2025-01-30 06:00:00,2025-01-30 05:10:00,0.0,0.0,0.0,0.0,0.0,5.1,0.43,100,100,86,100,-28.77869948772563
2025-01-30 07:00:00,2025-01-30 06:10:00,0.0,0.0,0.0,0.0,0.0,5.2,0.49,100,100,97,100,-18.19754187406715
2025-01-30 08:00:00,2025-01-30 07:10:00,0.0,0.0,0.0,0.0,0.0,5.2,0.5,100,100,100,100,-7.858198402771151
2025-01-30 09:00:00,2025-01-30 08:10:00,1994.4483642578125,9.0,9.0,9.0,0.0,5.3,0.85,100,100,100,99,1.9103857879947541
2025-01-30 10:00:00,2025-01-30 09:10:00,2297.10791015625,26.0,26.0,26.0,0.0,5.7,0.87,100,100,100,92,10.73704611076889
2025-01-30 11:00:00,2025-01-30 10:10:00,2890.533203125,66.0,66.0,66.0,0.0,6.4,0.21,100,100,100,60,18.165293589456667
2025-01-30 12:00:00,2025-01-30 11:10:00,4050.356689453125,113.0,113.0,111.0,4.7,7.2,0.55,100,100,100,10,23.65111489218254
2025-01-30 13:00:00,2025-01-30 12:10:00,2582.17919921875,66.0,66.0,66.0,0.0,7.1,0.95,100,100,100,2,26.64335004354487
2025-01-30 14:00:00,2025-01-30 13:10:00,2612.488525390625,57.0,57.0,57.0,0.0,7.1,1.23,100,100,100,41,26.76612101266396
2025-01-30 15:00:00,2025-01-30 14:10:00,2754.56396484375,105.0,105.0,94.0,28.4,7.5,1.35,100,100,89,28,24.002830469446426
2025-01-30 16:00:00,2025-01-30 15:10:00,2504.634521484375,103.0,103.0,87.0,55.6,7.6,1.04,100,86,73,94,18.70547261166811
2025-01-30 17:00:00,2025-01-30 16:10:00,266.6299133300781,52.0,52.0,45.0,45.2,7.3,0.35,100,93,51,100,11.419050437252325
2025-01-30 18:00:00,2025-01-30 17:10:00,221.2757568359375,5.0,5.0,5.0,0.0,6.5,0.11,100,5,73,100,2.693150794287934
2025-01-30 19:00:00,2025-01-30 18:10:00,0.0,0.0,0.0,0.0,0.0,5.7,0.71,100,1,21,100,-7.007061327953803
2025-01-30 20:00:00,2025-01-30 19:10:00,0.0,0.0,0.0,0.0,0.0,5.2,0.78,100,0,53,100,-17.303474109595033
2025-01-30 21:00:00,2025-01-30 20:10:00,0.0,0.0,0.0,0.0,0.0,4.6,0.76,86,0,3,85,-27.863994254935847
2025-01-30 22:00:00,2025-01-30 21:10:00,0.0,0.0,0.0,0.0,0.0,4.1,1.03,51,0,10,45,-38.33276200927533
2025-01-30 23:00:00,2025-01-30 22:10:00,0.0,0.0,0.0,0.0,0.0,4.2,1.24,93,2,73,89,-48.20780567921252
2025-01-31 00:00:00,2025-01-30 23:10:00,0.0,0.0,0.0,0.0,0.0,3.6,0.38,99,0,97,98,-56.5990907351726
2025-01-31 01:00:00,2025-01-31 00:10:00,0.0,0.0,0.0,0.0,0.0,3.5,0.16,78,16,71,12,-61.87829338862021
2025-01-31 02:00:00,2025-01-31 01:10:00,0.0,0.0,0.0,0.0,0.0,5.2,0.35,91,7,91,0,-62.088316030220675
2025-01-31 03:00:00,2025-01-31 02:10:00,0.0,0.0,0.0,0.0,0.0,4.9,0.18,31,10,26,0,-57.12664490202634
2025-01-31 04:00:00,2025-01-31 03:10:00,0.0,0.0,0.0,0.0,0.0,4.2,0.4,38,0,38,0,-48.89657782580992
2025-01-31 05:00:00,2025-01-31 04:10:00,0.0,0.0,0.0,0.0,0.0,4.2,0.22,80,9,78,0,-39.08659574818428
2025-01-31 06:00:00,2025-01-31 05:10:00,0.0,0.0,0.0,0.0,0.0,4.0,0.38,100,94,100,0,-28.630002635766758
2025-01-31 07:00:00,2025-01-31 06:10:00,0.0,0.0,0.0,0.0,0.0,3.5,0.85,100,96,100,0,-18.046881032557422
2025-01-31 08:00:00,2025-01-31 07:10:00,0.0,0.0,0.0,0.0,0.0,3.5,0.21,100,100,27,0,-7.698054680648543
2025-01-31 09:00:00,2025-01-31 08:10:00,5756.2919921875,50.0,50.0,31.0,155.4,3.4,1.12,100,100,14,0,2.0863097865294384
2025-01-31 10:00:00,2025-01-31 09:10:00,9328.560546875,166.0,166.0,80.0,360.2,4.9,1.22,98,96,47,0,10.934016454108601
2025-01-31 11:00:00,2025-01-31 10:10:00,12874.80859375,256.0,256.0,125.0,370.7,6.5,0.55,100,38,100,0,18.386863425806123
2025-01-31 12:00:00,2025-01-31 11:10:00,10873.6884765625,249.0,249.0,143.0,246.7,8.1,0.54,95,6,95,0,23.897490653367953
2025-01-31 13:00:00,2025-01-31 12:10:00,10071.6162109375,194.0,194.0,144.0,108.1,8.6,0.74,70,6,70,0,26.90955633475514
2025-01-31 14:00:00,2025-01-31 13:10:00,10106.4638671875,167.0,167.0,145.0,49.0,8.9,0.62,65,3,64,0,27.0421434756471
2025-01-31 15:00:00,2025-01-31 14:10:00,8894.02734375,193.0,193.0,147.0,117.6,9.4,0.0,59,33,46,0,24.27717986784986
2025-01-31 16:00:00,2025-01-31 15:10:00,3724.2685546875,139.0,139.0,99.0,136.8,9.4,0.85,82,62,65,0,18.96963900910196
2025-01-31 17:00:00,2025-01-31 16:10:00,133.3808135986328,21.0,21.0,21.0,0.0,8.6,0.64,100,100,100,9,11.669277564666979
2025-01-31 18:00:00,2025-01-31 17:10:00,132.270263671875,2.0,2.0,2.0,0.0,7.7,1.08,100,100,100,73,2.9295856515847127
2025-01-31 19:00:00,2025-01-31 18:10:00,0.0,0.0,0.0,0.0,0.0,6.8,2.01,100,100,100,92,-6.781825913403984
2025-01-31 20:00:00,2025-01-31 19:10:00,0.0,0.0,0.0,0.0,0.0,6.3,2.37,100,100,100,12,-17.085312931494933
2025-01-31 21:00:00,2025-01-31 20:10:00,0.0,0.0,0.0,0.0,0.0,6.0,2.52,100,100,100,0,-27.647459045727103
2025-01-31 22:00:00,2025-01-31 21:10:00,0.0,0.0,0.0,0.0,0.0,5.8,2.35,100,100,100,3,-38.110768315093075
2025-01-31 23:00:00,2025-01-31 22:10:00,0.0,0.0,0.0,0.0,0.0,5.8,2.8,100,100,100,57,-47.97133853613103
2025-02-01 00:00:00,2025-01-31 23:10:00,0.0,0.0,0.0,0.0,0.0,5.5,2.57,100,100,100,100,-56.33947040780331
2025-02-01 01:00:00,2025-02-01 00:10:00,0.0,0.0,0.0,0.0,0.0,5.4,1.74,100,100,97,96,-61.59996490061904
2025-02-01 02:00:00,2025-02-01 01:10:00,0.0,0.0,0.0,0.0,0.0,5.5,2.4,100,100,100,100,-61.82481166553541
2025-02-01 03:00:00,2025-02-01 02:10:00,0.0,0.0,0.0,0.0,0.0,5.2,1.99,100,100,98,100,-56.905744386810625
2025-02-01 04:00:00,2025-02-01 03:10:00,0.0,0.0,0.0,0.0,0.0,5.2,1.34,100,100,100,93,-48.71261274744546
2025-02-01 05:00:00,2025-02-01 04:10:00,0.0,0.0,0.0,0.0,0.0,5.2,1.21,100,100,99,100,-38.9237483337837
2025-02-01 06:00:00,2025-02-01 05:10:00,0.0,0.0,0.0,0.0,0.0,5.4,1.75,100,100,91,94,-28.47512394054166
2025-02-01 07:00:00,2025-02-01 06:10:00,0.0,0.0,0.0,0.0,0.0,5.2,1.84,100,100,100,100,-17.890235848675477
2025-02-01 08:00:00,2025-02-01 07:10:00,0.0,0.0,0.0,0.0,0.0,5.3,2.19,100,100,100,98,-7.532038547803886
2025-02-01 09:00:00,2025-02-01 08:10:00,1572.141357421875,6.0,6.0,6.0,0.0,5.5,2.69,100,100,100,96,2.268064173300832
2025-02-01 10:00:00,2025-02-01 09:10:00,1924.279296875,22.0,22.0,22.0,0.0,5.7,2.61,100,100,100,92,11.136821094027585
2025-02-01 11:00:00,2025-02-01 10:10:00,1961.5654296875,23.0,23.0,23.0,0.0,5.7,2.9,100,100,100,97,18.614274503355556
2025-02-01 12:00:00,2025-02-01 11:10:00,2115.3271484375,43.0,43.0,43.0,0.0,6.2,3.77,100,100,100,92,24.149637612711164
2025-02-01 13:00:00,2025-02-01 12:10:00,1927.0023193359375,39.0,39.0,39.0,0.0,6.3,3.76,100,100,100,92,27.181270503535007
2025-02-01 14:00:00,2025-02-01 13:10:00,2934.798583984375,140.0,140.0,109.0,68.3,7.6,2.9,100,100,100,44,27.323132859436875
2025-02-01 15:00:00,2025-02-01 14:10:00,1487.724365234375,49.0,49.0,49.0,0.0,7.2,2.21,100,100,100,56,24.555727554486655
2025-02-01 16:00:00,2025-02-01 15:10:00,1197.688232421875,28.0,28.0,28.0,0.0,6.7,1.8,100,100,100,11,19.237176513902984
2025-02-01 17:00:00,2025-02-01 16:10:00,162.2948455810547,17.0,17.0,17.0,0.0,6.5,1.42,100,100,100,70,11.922150207133011
2025-02-01 18:00:00,2025-02-01 17:10:00,151.17970275878906,2.0,2.0,2.0,0.0,6.2,1.27,100,100,100,87,3.1681222424732605
2025-02-01 19:00:00,2025-02-01 18:10:00,0.0,0.0,0.0,0.0,0.0,6.1,1.05,100,100,100,100,-6.554830984866748
2025-02-01 20:00:00,2025-02-01 19:10:00,0.0,0.0,0.0,0.0,0.0,6.0,0.93,100,100,100,14,-16.86553360099529
2025-02-01 21:00:00,2025-02-01 20:10:00,0.0,0.0,0.0,0.0,0.0,5.9,0.67,100,100,100,8,-27.429241641857537
2025-02-01 22:00:00,2025-02-01 21:10:00,0.0,0.0,0.0,0.0,0.0,5.7,0.84,100,100,100,0,-37.88680209059592
2025-02-01 23:00:00,2025-02-01 22:10:00,0.0,0.0,0.0,0.0,0.0,5.6,1.1,100,100,100,0,-47.732348020117215
2025-02-02 00:00:00,2025-02-01 23:10:00,0.0,0.0,0.0,0.0,0.0,5.4,0.89,100,100,100,0,-56.07649205942904
2025-02-02 01:00:00,2025-02-02 00:10:00,0.0,0.0,0.0,0.0,0.0,5.4,0.93,100,100,100,0,-61.31713244203399
2025-02-02 02:00:00,2025-02-02 01:10:00,0.0,0.0,0.0,0.0,0.0,5.8,0.57,100,100,100,92,-61.5554016090794
2025-02-02 03:00:00,2025-02-02 02:10:00,0.0,0.0,0.0,0.0,0.0,5.8,0.85,100,100,99,2,-56.678120666964155
2025-02-02 04:00:00,2025-02-02 03:10:00,0.0,0.0,0.0,0.0,0.0,5.6,0.78,100,100,96,0,-48.52193249912512
2025-02-02 05:00:00,2025-02-02 04:10:00,0.0,0.0,0.0,0.0,0.0,5.5,1.01,100,100,100,3,-38.75447540954989
2025-02-02 06:00:00,2025-02-02 05:10:00,0.0,0.0,0.0,0.0,0.0,4.8,0.76,100,100,100,0,-28.314101048790043
2025-02-02 07:00:00,2025-02-02 06:10:00,0.0,0.0,0.0,0.0,0.0,4.4,0.72,95,84,92,0,-17.727648776320148
2025-02-02 08:00:00,2025-02-02 07:10:00,0.0,0.0,0.0,0.0,0.0,3.9,0.85,64,48,41,0,-7.360201004204139
2025-02-02 09:00:00,2025-02-02 08:10:00,6869.24560546875,55.0,55.0,31.0,190.4,4.5,1.18,99,99,4,0,2.455587578094304
2025-02-02 10:00:00,2025-02-02 09:10:00,11613.296875,186.0,186.0,68.0,478.9,6.2,0.74,65,65,0,0,11.345387777048678
2025-02-02 11:00:00,2025-02-02 10:10:00,19491.064453125,319.0,319.0,75.0,674.9,8.4,0.89,22,22,0,0,18.847444192845114
2025-02-02 12:00:00,2025-02-02 11:10:00,21142.435546875,406.0,406.0,82.0,739.4,10.2,0.75,1,1,0,0,24.407463611477162
2025-02-02 13:00:00,2025-02-02 12:10:00,21900.88671875,448.0,448.0,82.0,776.8,11.4,0.57,0,0,0,0,27.458390836911637
2025-02-02 14:00:00,2025-02-02 13:10:00,18948.01953125,413.0,413.0,92.0,700.5,11.6,0.27,4,4,0,0,27.608977178339934
2025-02-02 15:00:00,2025-02-02 14:10:00,15736.7490234375,333.0,333.0,97.0,589.6,11.9,0.47,0,0,0,0,24.83835285943808
2025-02-02 16:00:00,2025-02-02 15:10:00,10140.28125,244.0,244.0,72.0,571.1,11.7,0.29,1,1,0,0,19.507961245503477
2025-02-02 17:00:00,2025-02-02 16:10:00,1397.0460205078125,117.0,117.0,45.0,429.2,10.2,0.81,1,1,0,0,12.177548021738918
2025-02-02 18:00:00,2025-02-02 17:10:00,251.6387481689453,13.0,13.0,8.0,60.8,8.3,0.61,0,0,0,0,3.408648873692953
2025-02-02 19:00:00,2025-02-02 18:10:00,0.0,0.0,0.0,0.0,0.0,7.8,0.43,0,0,0,0,-6.326176861018779
2025-02-02 20:00:00,2025-02-02 19:10:00,0.0,0.0,0.0,0.0,0.0,6.8,0.43,0,0,0,0,-16.644224285138996
2025-02-02 21:00:00,2025-02-02 20:10:00,0.0,0.0,0.0,0.0,0.0,5.8,0.32,0,0,0,0,-27.209418866993815
2025-02-02 22:00:00,2025-02-02 21:10:00,0.0,0.0,0.0,0.0,0.0,4.9,0.28,0,0,0,0,-37.66093164093527
2025-02-02 23:00:00,2025-02-02 22:10:00,0.0,0.0,0.0,0.0,0.0,3.7,0.5,0,0,0,0,-47.49090067868594
2025-02-03 00:00:00,2025-02-02 23:10:00,0.0,0.0,0.0,0.0,0.0,2.7,0.34,0,0,0,0,-55.81023450820617
2025-02-03 01:00:00,2025-02-03 00:10:00,0.0,0.0,0.0,0.0,0.0,2.0,0.29,0,0,0,0,-61.02990479143515
2025-02-03 02:00:00,2025-02-03 01:10:00,0.0,0.0,0.0,0.0,0.0,2.5,0.5,98,98,0,0,-61.280212771934366
2025-02-03 03:00:00,2025-02-03 02:10:00,0.0,0.0,0.0,0.0,0.0,1.7,0.87,97,97,0,0,-56.443870956489924
2025-02-03 04:00:00,2025-02-03 03:10:00,0.0,0.0,0.0,0.0,0.0,1.4,0.83,42,42,0,0,-48.32459874521789
2025-02-03 05:00:00,2025-02-03 04:10:00,0.0,0.0,0.0,0.0,0.0,1.0,0.85,26,26,0,0,-38.57882186943514
2025-02-03 06:00:00,2025-02-03 05:10:00,0.0,0.0,0.0,0.0,0.0,0.9,1.24,14,14,0,0,-28.14697582113416
2025-02-03 07:00:00,2025-02-03 06:10:00,0.0,0.0,0.0,0.0,0.0,0.6,1.51,36,36,0,0,-17.55916599266667
2025-02-03 08:00:00,2025-02-03 07:10:00,1851.9605712890625,1.0,1.0,1.0,0.0,0.1,0.92,48,48,0,0,-7.18259635767538
2025-02-03 09:00:00,2025-02-03 08:10:00,9607.591796875,60.0,60.0,33.0,210.9,1.2,0.56,41,41,0,0,2.648815694001112
2025-02-03 10:00:00,2025-02-03 09:10:00,12149.1083984375,188.0,188.0,71.0,467.3,3.5,0.98,54,54,0,0,11.559641668719419
2025-02-03 11:00:00,2025-02-03 10:10:00,18815.81640625,324.0,324.0,83.0,659.0,6.5,0.72,25,25,0,0,19.08628764460865
2025-02-03 12:00:00,2025-02-03 11:10:00,20934.4453125,418.0,418.0,83.0,756.9,9.6,0.32,19,12,0,7,24.670874633660585
2025-02-03 13:00:00,2025-02-03 12:10:00,21402.9375,461.0,461.0,82.0,796.7,11.6,0.21,9,8,0,2,27.740814089638594
2025-02-03 14:00:00,2025-02-03 13:10:00,20982.97265625,452.0,452.0,74.0,816.7,12.6,0.1,0,0,0,0,27.899563181898056
2025-02-03 15:00:00,2025-02-03 14:10:00,17467.0625,384.0,384.0,70.0,775.6,13.1,0.46,0,0,0,0,25.124934156925484
2025-02-03 16:00:00,2025-02-03 15:10:00,11849.2724609375,270.0,270.0,61.0,683.7,13.1,0.43,0,0,0,0,19.78186881532159
2025-02-03 17:00:00,2025-02-03 16:10:00,1669.1214599609375,129.0,129.0,43.0,499.7,11.2,0.49,0,0,0,0,12.435350688839648
2025-02-03 18:00:00,2025-02-03 17:10:00,279.56353759765625,15.0,15.0,8.0,82.9,8.5,0.61,0,0,0,0,3.6510543686513595
2025-02-03 19:00:00,2025-02-03 18:10:00,0.0,0.0,0.0,0.0,0.0,6.2,0.98,0,0,0,0,-6.095962965287229
2025-02-03 20:00:00,2025-02-03 19:10:00,0.0,0.0,0.0,0.0,0.0,4.8,1.05,0,0,0,0,-16.421472017112876
2025-02-03 21:00:00,2025-02-03 20:10:00,0.0,0.0,0.0,0.0,0.0,4.0,1.3,0,0,0,0,-26.988066316848016
2025-02-03 22:00:00,2025-02-03 21:10:00,0.0,0.0,0.0,0.0,0.0,3.2,1.05,0,0,0,0,-37.43322409898053
2025-02-03 23:00:00,2025-02-03 22:10:00,0.0,0.0,0.0,0.0,0.0,3.0,0.41,0,0,0,0,-47.247062084491866
2025-02-04 00:00:00,2025-02-03 23:10:00,0.0,0.0,0.0,0.0,0.0,2.3,1.05,1,0,0,1,-55.54077581431026
2025-02-04 01:00:00,2025-02-04 00:10:00,0.0,0.0,0.0,0.0,0.0,2.5,1.46,5,4,0,1,-60.73839016083519
2025-02-04 02:00:00,2025-02-04 01:10:00,0.0,0.0,0.0,0.0,0.0,1.9,1.06,98,98,0,7,-60.99937336808276
2025-02-04 03:00:00,2025-02-04 02:10:00,0.0,0.0,0.0,0.0,0.0,2.0,0.65,100,100,0,22,-56.203096750301036
2025-02-04 04:00:00,2025-02-04 03:10:00,0.0,0.0,0.0,0.0,0.0,2.2,0.07,100,100,7,26,-48.12067826465794
2025-02-04 05:00:00,2025-02-04 04:10:00,0.0,0.0,0.0,0.0,0.0,2.2,0.07,100,100,0,0,-38.39683736425688
2025-02-04 06:00:00,2025-02-04 05:10:00,0.0,0.0,0.0,0.0,0.0,2.2,0.54,100,100,0,0,-27.973794331339988
2025-02-04 07:00:00,2025-02-04 06:10:00,0.0,0.0,0.0,0.0,0.0,2.0,0.51,100,100,0,0,-17.384837398881306
2025-02-04 08:00:00,2025-02-04 07:10:00,1549.8065185546875,1.0,1.0,1.0,0.0,2.0,0.85,100,100,0,0,-6.999282218385632
2025-02-04 09:00:00,2025-02-04 08:10:00,5277.80517578125,44.0,44.0,29.0,115.3,2.8,0.81,100,100,0,0,2.8476812921600705
2025-02-04 10:00:00,2025-02-04 09:10:00,3828.434814453125,84.0,84.0,84.0,0.0,3.8,0.78,100,100,0,0,11.779505378947386
2025-02-04 11:00:00,2025-02-04 10:10:00,5516.3515625,126.0,126.0,126.0,0.0,4.9,0.79,100,100,0,0,19.330717825848634
2025-02-04 12:00:00,2025-02-04 11:10:00,7341.44482421875,198.0,198.0,175.0,51.4,6.6,1.42,64,64,0,0,24.939774857076294
2025-02-04 13:00:00,2025-02-04 12:10:00,7065.27978515625,239.0,239.0,206.0,68.7,7.8,1.78,82,82,0,0,28.028435550307226
2025-02-04 14:00:00,2025-02-04 13:10:00,6538.08544921875,239.0,239.0,211.0,59.9,7.8,2.34,100,100,0,0,28.19477643610433
2025-02-04 15:00:00,2025-02-04 14:10:00,6194.31982421875,202.0,202.0,159.0,105.0,8.2,1.75,97,97,0,0,25.415348962869114
2025-02-04 16:00:00,2025-02-04 15:10:00,6704.470703125,159.0,159.0,84.0,241.8,8.4,1.21,84,84,0,0,20.058774439830266
2025-02-04 17:00:00,2025-02-04 16:10:00,369.53875732421875,75.0,75.0,42.0,187.0,7.6,0.45,77,77,0,0,12.695438033169916
2025-02-04 18:00:00,2025-02-04 17:10:00,222.12310791015625,11.0,11.0,8.0,34.6,6.2,0.86,39,39,0,0,3.895228185813231
2025-02-04 19:00:00,2025-02-04 18:10:00,0.0,0.0,0.0,0.0,0.0,5.8,0.99,40,40,0,0,-5.864287719451147
2025-02-04 20:00:00,2025-02-04 19:10:00,0.0,0.0,0.0,0.0,0.0,5.4,0.47,35,35,0,0,-16.197362608262303
2025-02-04 21:00:00,2025-02-04 20:10:00,0.0,0.0,0.0,0.0,0.0,4.9,0.07,22,22,0,0,-26.76525829390014
2025-02-04 22:00:00,2025-02-04 21:10:00,0.0,0.0,0.0,0.0,0.0,3.5,0.3,12,12,0,0,-37.20374538545895
2025-02-04 23:00:00,2025-02-04 22:10:00,0.0,0.0,0.0,0.0,0.0,2.6,0.55,100,100,0,0,-47.00089682009509
2025-02-05 00:00:00,2025-02-04 23:10:00,0.0,0.0,0.0,0.0,0.0,1.5,0.63,100,100,0,0,-55.26819327737333
2025-02-05 01:00:00,2025-02-05 00:10:00,0.0,0.0,0.0,0.0,0.0,0.9,0.65,100,100,0,0,-60.44269615985888
2025-02-05 02:00:00,2025-02-05 01:10:00,0.0,0.0,0.0,0.0,0.0,1.4,0.51,100,100,0,0,-60.71301273748108
2025-02-05 03:00:00,2025-02-05 02:10:00,0.0,0.0,0.0,0.0,0.0,1.3,0.64,100,100,0,0,-55.955903621284804
2025-02-05 04:00:00,2025-02-05 03:10:00,0.0,0.0,0.0,0.0,0.0,1.1,0.74,100,100,0,0,-47.91024285334332
2025-02-05 05:00:00,2025-02-05 04:10:00,0.0,0.0,0.0,0.0,0.0,1.0,1.03,100,100,0,0,-38.2085762701322
2025-02-05 06:00:00,2025-02-05 05:10:00,0.0,0.0,0.0,0.0,0.0,0.9,1.12,100,100,0,0,-27.794606858222092
2025-02-05 07:00:00,2025-02-05 06:10:00,0.0,0.0,0.0,0.0,0.0,0.8,1.07,100,100,0,0,-17.20471661563172
2025-02-05 08:00:00,2025-02-05 07:10:00,1750.0223388671875,1.0,1.0,1.0,0.0,0.4,0.92,100,100,0,0,-6.810319489788893
2025-02-05 09:00:00,2025-02-05 08:10:00,5874.509765625,49.0,49.0,35.0,105.9,0.9,0.71,100,100,0,0,3.0521142387273468
2025-02-05 10:00:00,2025-02-05 09:10:00,8472.544921875,145.0,145.0,92.0,205.0,2.2,0.5,99,99,0,0,12.004898988529671
2025-02-05 11:00:00,2025-02-05 10:10:00,13938.5791015625,280.0,280.0,130.0,400.6,4.6,0.16,95,95,0,0,19.580645558349666
2025-02-05 12:00:00,2025-02-05 11:10:00,20274.384765625,429.0,429.0,87.0,757.2,7.4,0.32,38,38,0,0,25.214066704464827
2025-02-05 13:00:00,2025-02-05 12:10:00,21740.71875,474.0,474.0,78.0,816.5,9.6,0.46,28,28,0,0,28.321149107382443
2025-02-05 14:00:00,2025-02-05 13:10:00,20492.84375,451.0,451.0,78.0,789.9,10.8,0.28,2,2,0,0,28.494501404693594
2025-02-05 15:00:00,2025-02-05 14:10:00,17012.578125,384.0,384.0,73.0,750.9,11.5,0.72,1,1,0,0,25.70947403279643
2025-02-05 16:00:00,2025-02-05 15:10:00,11361.48828125,272.0,272.0,63.0,663.9,11.5,1.07,0,0,0,0,20.33855305406668
2025-02-05 17:00:00,2025-02-05 16:10:00,1948.3907470703125,133.0,133.0,45.0,486.4,9.9,1.01,0,0,0,0,12.95769014506928
2025-02-05 18:00:00,2025-02-05 17:10:00,246.15399169921875,18.0,18.0,10.0,90.1,7.5,0.74,0,0,0,0,4.141060536619537
2025-02-05 19:00:00,2025-02-05 18:10:00,0.0,0.0,0.0,0.0,0.0,6.2,0.27,0,0,0,0,-5.63124843826072
2025-02-05 20:00:00,2025-02-05 19:10:00,0.0,0.0,0.0,0.0,0.0,5.2,0.1,0,0,0,0,-15.971980561467202
2025-02-05 21:00:00,2025-02-05 20:10:00,0.0,0.0,0.0,0.0,0.0,4.2,0.1,0,0,0,0,-26.54106774356249
2025-02-05 22:00:00,2025-02-05 21:10:00,0.0,0.0,0.0,0.0,0.0,3.5,0.11,0,0,0,0,-36.972560170322254
2025-02-05 23:00:00,2025-02-05 22:10:00,0.0,0.0,0.0,0.0,0.0,2.8,0.14,0,0,0,0,-46.75246846345824
2025-02-06 00:00:00,2025-02-05 23:10:00,0.0,0.0,0.0,0.0,0.0,2.4,0.2,99,99,0,0,-54.99256343455221
2025-02-06 01:00:00,2025-02-06 00:10:00,0.0,0.0,0.0,0.0,0.0,2.0,0.22,100,100,0,0,-60.14292976407997
2025-02-06 02:00:00,2025-02-06 01:10:00,0.0,0.0,0.0,0.0,0.0,-1.6,0.0,100,100,0,0,-60.42126117788649
2025-02-06 03:00:00,2025-02-06 02:10:00,0.0,0.0,0.0,0.0,0.0,-1.4,0.72,100,100,0,0,-55.70240101388989
2025-02-06 04:00:00,2025-02-06 03:10:00,0.0,0.0,0.0,0.0,0.0,-1.2,0.49,98,98,0,0,-47.69336921587369
2025-02-06 05:00:00,2025-02-06 04:10:00,0.0,0.0,0.0,0.0,0.0,-1.3,0.91,97,97,0,0,-38.01409764717679
2025-02-06 06:00:00,2025-02-06 05:10:00,0.0,0.0,0.0,0.0,0.0,-1.5,0.95,99,99,0,0,-27.609467870201687
2025-02-06 07:00:00,2025-02-06 06:10:00,0.0,0.0,0.0,0.0,0.0,-2.0,0.87,99,99,0,0,-17.01886097333205
2025-02-06 08:00:00,2025-02-06 07:10:00,1720.78369140625,1.0,1.0,1.0,0.0,-2.1,0.65,100,100,0,0,-6.615772355951314
2025-02-06 09:00:00,2025-02-06 08:10:00,8518.052734375,66.0,66.0,36.0,223.4,-0.6,0.81,100,100,0,0,3.262041514145842
2025-02-06 10:00:00,2025-02-06 09:10:00,13298.2724609375,203.0,203.0,73.0,494.6,2.0,0.7,43,43,0,0,12.235740076925776
2025-02-06 11:00:00,2025-02-06 10:10:00,19120.279296875,334.0,334.0,89.0,646.6,5.3,0.61,33,33,0,0,19.835979556646283
2025-02-06 12:00:00,2025-02-06 11:10:00,21635.60546875,441.0,441.0,75.0,802.2,8.4,0.46,8,8,0,0,25.493650894591102
2025-02-06 13:00:00,2025-02-06 12:10:00,22452.654296875,479.0,479.0,78.0,818.8,10.5,0.71,0,0,0,0,28.61884731510587
2025-02-06 14:00:00,2025-02-06 13:10:00,20920.359375,464.0,464.0,78.0,809.3,11.4,0.97,0,0,0,0,28.79862153041527
2025-02-06 15:00:00,2025-02-06 14:10:00,17674.603515625,395.0,395.0,72.0,771.1,11.7,1.23,0,0,0,0,26.007185459968216
2025-02-06 16:00:00,2025-02-06 15:10:00,11945.970703125,281.0,281.0,63.0,682.5,11.2,1.39,0,0,0,0,20.62107942539356
2025-02-06 17:00:00,2025-02-06 16:10:00,2285.7099609375,139.0,139.0,45.0,507.1,9.3,1.63,0,0,0,0,13.221987501567048
2025-02-06 18:00:00,2025-02-06 17:10:00,221.43438720703125,20.0,20.0,11.0,99.0,6.8,1.99,0,0,0,0,4.388442502639574
2025-02-06 19:00:00,2025-02-06 18:10:00,0.0,0.0,0.0,0.0,0.0,5.2,1.57,0,0,0,0,-5.396941225387003
2025-02-06 20:00:00,2025-02-06 19:10:00,0.0,0.0,0.0,0.0,0.0,3.9,1.35,0,0,0,0,-15.745408986187247
2025-02-06 21:00:00,2025-02-06 20:10:00,0.0,0.0,0.0,0.0,0.0,2.8,1.17,0,0,0,0,-26.31556619207267
2025-02-06 22:00:00,2025-02-06 21:10:00,0.0,0.0,0.0,0.0,0.0,2.0,0.86,0,0,0,0,-36.73973183559577
2025-02-06 23:00:00,2025-02-06 22:10:00,0.0,0.0,0.0,0.0,0.0,1.4,1.11,0,0,0,0,-46.50183957437754
2025-02-07 00:00:00,2025-02-06 23:10:00,0.0,0.0,0.0,0.0,0.0,1.0,1.23,3,0,0,3,-54.71396205932383
2025-02-07 01:00:00,2025-02-07 00:10:00,0.0,0.0,0.0,0.0,0.0,0.8,1.22,0,0,0,0,-59.839197287322584
2025-02-07 02:00:00,2025-02-07 01:10:00,0.0,0.0,0.0,0.0,0.0,0.3,0.81,15,0,0,15,-60.12424978559806
2025-02-07 03:00:00,2025-02-07 02:10:00,0.0,0.0,0.0,0.0,0.0,0.0,0.25,66,0,0,66,-55.44270203545958
2025-02-07 04:00:00,2025-02-07 03:10:00,0.0,0.0,0.0,0.0,0.0,-0.3,0.32,33,0,0,33,-47.47013884739807
2025-02-07 05:00:00,2025-02-07 04:10:00,0.0,0.0,0.0,0.0,0.0,-0.5,0.3,42,1,0,41,-37.813465188738824
2025-02-07 06:00:00,2025-02-07 05:10:00,0.0,0.0,0.0,0.0,0.0,-0.6,0.2,66,14,0,61,-27.418436002564338
2025-02-07 07:00:00,2025-02-07 06:10:00,0.0,0.0,0.0,0.0,0.0,-0.6,0.98,63,24,4,51,-16.82733149708519
2025-02-07 08:00:00,2025-02-07 07:10:00,1463.008544921875,1.0,1.0,1.0,0.0,-0.1,1.76,50,27,20,21,-6.4157082651965025
2025-02-07 09:00:00,2025-02-07 08:10:00,6103.2744140625,58.0,58.0,40.0,131.9,1.0,1.77,97,77,19,87,3.477387234776866
2025-02-07 10:00:00,2025-02-07 09:10:00,4289.84521484375,101.0,101.0,86.0,56.1,2.3,1.2,100,100,66,98,12.471943751318717
2025-02-07 11:00:00,2025-02-07 10:10:00,5265.3095703125,133.0,133.0,111.0,57.4,3.3,1.22,100,100,25,72,20.096626466659966
2025-02-07 12:00:00,2025-02-07 11:10:00,4417.650390625,128.0,128.0,94.0,73.8,3.8,1.02,100,100,56,90,25.77842649331544
2025-02-07 13:00:00,2025-02-07 12:10:00,3435.35400390625,99.0,99.0,99.0,0.0,4.0,0.74,100,100,77,99,28.921421459210027
2025-02-07 14:00:00,2025-02-07 13:10:00,4962.70556640625,154.0,154.0,133.0,43.6,4.7,0.83,100,100,100,98,29.107019316198585
2025-02-07 15:00:00,2025-02-07 14:10:00,2874.0400390625,128.0,128.0,106.0,51.9,4.9,0.49,100,58,100,99,26.308358773591216
2025-02-07 16:00:00,2025-02-07 15:10:00,2654.2265625,100.0,100.0,83.0,52.5,5.1,0.86,100,47,100,80,20.906228267321517
2025-02-07 17:00:00,2025-02-07 16:10:00,633.1868896484375,60.0,60.0,47.0,68.5,4.7,1.35,96,40,93,1,13.488211087071667
2025-02-07 18:00:00,2025-02-07 17:10:00,213.4086151123047,12.0,12.0,10.0,21.5,4.1,1.24,82,23,79,0,4.637266151656616
2025-02-07 19:00:00,2025-02-07 18:10:00,0.0,0.0,0.0,0.0,0.0,3.5,0.9,99,49,99,8,-5.161460871018671
2025-02-07 20:00:00,2025-02-07 19:10:00,0.0,0.0,0.0,0.0,0.0,3.3,0.72,100,10,99,9,-15.517729515486241
2025-02-07 21:00:00,2025-02-07 20:10:00,0.0,0.0,0.0,0.0,0.0,3.2,0.72,100,19,100,0,-26.088823686405004
2025-02-07 22:00:00,2025-02-07 21:10:00,0.0,0.0,0.0,0.0,0.0,3.0,0.65,100,22,100,8,-36.50532243996485
2025-02-07 23:00:00,2025-02-07 22:10:00,0.0,0.0,0.0,0.0,0.0,2.8,0.38,100,92,100,0,-46.24907168205462
2025-02-08 00:00:00,2025-02-07 23:10:00,0.0,0.0,0.0,0.0,0.0,2.8,0.78,100,98,100,0,-54.4324641611171
2025-02-08 01:00:00,2025-02-08 00:10:00,0.0,0.0,0.0,0.0,0.0,2.7,0.8,100,21,100,0,-59.53160435773929
2025-02-08 02:00:00,2025-02-08 01:10:00,0.0,0.0,0.0,0.0,0.0,3.0,0.25,100,43,100,0,-59.822110305201335
2025-02-08 03:00:00,2025-02-08 02:10:00,0.0,0.0,0.0,0.0,0.0,2.8,0.5,100,25,100,0,-55.176923246476726
2025-02-08 04:00:00,2025-02-08 03:10:00,0.0,0.0,0.0,0.0,0.0,2.7,0.0,100,80,100,0,-47.24063790638131
2025-02-08 05:00:00,2025-02-08 04:10:00,0.0,0.0,0.0,0.0,0.0,2.5,0.25,100,94,100,0,-37.60674716148286
2025-02-08 06:00:00,2025-02-08 05:10:00,0.0,0.0,0.0,0.0,0.0,2.5,0.14,100,99,100,0,-27.221574027499866
2025-02-08 07:00:00,2025-02-08 06:10:00,0.0,0.0,0.0,0.0,0.0,2.2,0.43,100,100,100,11,-16.63019288630948
2025-02-08 08:00:00,2025-02-08 07:10:00,0.0,0.0,0.0,0.0,0.0,2.2,0.7,100,100,100,56,-6.2101979100222
2025-02-08 09:00:00,2025-02-08 08:10:00,2185.923095703125,19.0,19.0,19.0,0.0,2.5,0.73,100,100,100,19,3.698072676946863
2025-02-08 10:00:00,2025-02-08 09:10:00,2440.522705078125,31.0,31.0,31.0,0.0,2.8,0.65,100,100,100,85,12.713422677004122
2025-02-08 11:00:00,2025-02-08 10:10:00,2854.302734375,70.0,70.0,70.0,0.0,3.5,0.87,100,100,100,91,20.362490904818422
2025-02-08 12:00:00,2025-02-08 11:10:00,2750.9228515625,58.0,58.0,58.0,0.0,3.5,0.8,100,100,100,50,26.06829096461595
2025-02-08 13:00:00,2025-02-08 12:10:00,2679.250244140625,70.0,70.0,66.0,8.0,3.6,1.38,100,100,100,100,29.228761622389108
2025-02-08 14:00:00,2025-02-08 13:10:00,2888.658203125,97.0,97.0,96.0,2.1,3.7,1.05,100,100,100,100,29.419576406121497
2025-02-08 15:00:00,2025-02-08 14:10:00,2117.262939453125,62.0,62.0,62.0,0.0,3.8,1.02,100,100,100,100,26.612869036986094
2025-02-08 16:00:00,2025-02-08 15:10:00,1438.726318359375,37.0,37.0,37.0,0.0,3.7,1.1,100,100,100,100,21.193874353200144
2025-02-08 17:00:00,2025-02-08 16:10:00,817.8768310546875,13.0,13.0,13.0,0.0,3.5,1.21,100,100,100,100,13.756242513406457
2025-02-08 18:00:00,2025-02-08 17:10:00,194.56243896484375,2.0,2.0,2.0,0.0,2.8,1.32,100,86,100,100,4.887424652385573
2025-02-08 19:00:00,2025-02-08 18:10:00,0.0,0.0,0.0,0.0,0.0,2.6,1.27,100,100,100,100,-4.924900751421244
2025-02-08 20:00:00,2025-02-08 19:10:00,0.0,0.0,0.0,0.0,0.0,2.5,1.27,100,100,100,100,-15.289022225343766
2025-02-08 21:00:00,2025-02-08 20:10:00,0.0,0.0,0.0,0.0,0.0,2.5,1.29,100,100,100,100,-25.86090873648682
2025-02-08 22:00:00,2025-02-08 21:10:00,0.0,0.0,0.0,0.0,0.0,2.5,0.79,100,100,100,100,-36.26939268535498
2025-02-08 23:00:00,2025-02-08 22:10:00,0.0,0.0,0.0,0.0,0.0,2.5,0.3,100,100,100,100,-45.99422527401929
2025-02-09 00:00:00,2025-02-08 23:10:00,0.0,0.0,0.0,0.0,0.0,2.5,0.14,100,100,100,100,-54.1481439858973
2025-02-09 01:00:00,2025-02-09 00:10:00,0.0,0.0,0.0,0.0,0.0,2.6,0.35,100,100,100,59,-59.22025589749594
2025-02-09 02:00:00,2025-02-09 01:10:00,0.0,0.0,0.0,0.0,0.0,2.4,0.22,100,100,100,3,-59.51497498833725
2025-02-09 03:00:00,2025-02-09 02:10:00,0.0,0.0,0.0,0.0,0.0,2.5,1.23,100,100,100,0,-54.905184450820784
2025-02-09 04:00:00,2025-02-09 03:10:00,0.0,0.0,0.0,0.0,0.0,2.5,0.65,100,100,100,0,-47.00495707912386
2025-02-09 05:00:00,2025-02-09 04:10:00,0.0,0.0,0.0,0.0,0.0,2.5,1.03,100,100,100,0,-37.39401633668509
2025-02-09 06:00:00,2025-02-09 05:10:00,0.0,0.0,0.0,0.0,0.0,2.4,1.21,100,100,100,0,-27.018948817040823
2025-02-09 07:00:00,2025-02-09 06:10:00,0.0,0.0,0.0,0.0,0.0,2.3,1.31,100,100,100,0,-16.427513489061106
2025-02-09 08:00:00,2025-02-09 07:10:00,1383.742919921875,1.0,1.0,1.0,0.0,2.3,1.19,100,100,100,0,-5.999315203256346
2025-02-09 09:00:00,2025-02-09 08:10:00,2493.090087890625,25.0,25.0,21.0,28.4,2.8,1.11,100,100,100,3,3.9240163034530964
2025-02-09 10:00:00,2025-02-09 09:10:00,2575.624267578125,52.0,52.0,50.0,7.2,3.6,1.05,100,100,100,12,12.96008710914265
2025-02-09 11:00:00,2025-02-09 10:10:00,2840.583251953125,77.0,77.0,77.0,0.0,4.3,0.8,100,100,100,2,20.633475497668492
2025-02-09 12:00:00,2025-02-09 11:10:00,8132.49853515625,152.0,152.0,149.0,6.4,5.6,0.86,41,34,10,0,26.36314022154175
2025-02-09 13:00:00,2025-02-09 12:10:00,17780.640625,427.0,427.0,139.0,571.2,8.1,0.85,51,42,15,0,29.540756749473406
2025-02-09 14:00:00,2025-02-09 13:10:00,17677.8203125,411.0,411.0,150.0,531.0,8.9,0.14,8,1,7,0,29.73617366609634
2025-02-09 15:00:00,2025-02-09 14:10:00,13906.90234375,366.0,366.0,110.0,590.9,9.6,0.55,22,19,3,0,26.92059094558057
2025-02-09 16:00:00,2025-02-09 15:10:00,10024.236328125,247.0,247.0,90.0,470.9,9.5,0.46,11,11,0,0,21.483892629584115
2025-02-09 17:00:00,2025-02-09 16:10:00,3485.77587890625,125.0,125.0,60.0,327.0,8.9,0.22,28,28,0,0,14.025964138931807
2025-02-09 18:00:00,2025-02-09 17:10:00,221.39935302734375,19.0,19.0,12.0,71.7,7.2,0.21,83,18,0,80,5.138812387520139
2025-02-09 19:00:00,2025-02-09 18:10:00,0.0,0.0,0.0,0.0,0.0,6.2,0.49,100,15,0,100,-4.687352730773799
2025-02-09 20:00:00,2025-02-09 19:10:00,0.0,0.0,0.0,0.0,0.0,5.4,0.74,100,13,0,100,-15.0593655565602
2025-02-09 21:00:00,2025-02-09 20:10:00,0.0,0.0,0.0,0.0,0.0,4.8,0.46,100,15,1,100,-25.631888260004512
2025-02-09 22:00:00,2025-02-09 21:10:00,0.0,0.0,0.0,0.0,0.0,4.2,0.5,98,23,32,98,-36.03200188575761
2025-02-09 23:00:00,2025-02-09 22:10:00,0.0,0.0,0.0,0.0,0.0,4.0,0.99,100,31,33,100,-45.737359786610604
2025-02-10 00:00:00,2025-02-09 23:10:00,0.0,0.0,0.0,0.0,0.0,3.5,0.74,100,18,1,100,-53.86107501782559
2025-02-10 01:00:00,2025-02-10 00:10:00,0.0,0.0,0.0,0.0,0.0,2.8,0.76,100,11,88,100,-58.905256105906126
2025-02-10 02:00:00,2025-02-10 01:10:00,0.0,0.0,0.0,0.0,0.0,3.8,1.19,100,5,100,100,-59.20297646145817
2025-02-10 03:00:00,2025-02-10 02:10:00,0.0,0.0,0.0,0.0,0.0,3.8,1.14,100,8,98,100,-54.62760848706413
2025-02-10 04:00:00,2025-02-10 03:10:00,0.0,0.0,0.0,0.0,0.0,3.5,1.07,100,48,15,100,-46.76319143688917
2025-02-10 05:00:00,2025-02-10 04:10:00,0.0,0.0,0.0,0.0,0.0,3.0,0.78,100,99,7,92,-37.175349913138504
2025-02-10 06:00:00,2025-02-10 05:10:00,0.0,0.0,0.0,0.0,0.0,2.4,0.75,99,99,6,0,-26.810631299049223
2025-02-10 07:00:00,2025-02-10 06:10:00,0.0,0.0,0.0,0.0,0.0,2.0,1.08,99,99,6,0,-16.219365271086453
2025-02-10 08:00:00,2025-02-10 07:10:00,1895.0867919921875,3.0,3.0,3.0,0.0,1.6,1.27,100,100,2,0,-5.783137250436643
2025-02-10 09:00:00,2025-02-10 08:10:00,7065.27294921875,69.0,69.0,44.0,174.6,2.4,0.94,100,100,0,40,4.155133792561607
2025-02-10 10:00:00,2025-02-10 09:10:00,11799.4189453125,191.0,191.0,99.0,328.0,4.1,0.46,98,95,0,62,13.211844925905147
2025-02-10 11:00:00,2025-02-10 10:10:00,17022.953125,316.0,316.0,126.0,478.1,6.5,0.3,88,13,0,86,20.909480921991737
2025-02-10 12:00:00,2025-02-10 11:10:00,15754.0576171875,393.0,393.0,157.0,496.5,8.8,0.2,100,0,1,100,26.662868677076368
2025-02-10 13:00:00,2025-02-10 12:10:00,16237.5830078125,432.0,432.0,159.0,536.2,9.9,0.45,99,0,4,99,29.857294712254763
2025-02-10 14:00:00,2025-02-10 13:10:00,10069.576171875,257.0,257.0,179.0,157.1,9.9,0.3,95,23,2,93,30.056691264186878
2025-02-10 15:00:00,2025-02-10 14:10:00,9827.681640625,243.0,243.0,154.0,203.2,10.0,0.25,97,31,6,95,27.231398924597517
2025-02-10 16:00:00,2025-02-10 15:10:00,3728.1455078125,127.0,127.0,115.0,35.5,9.4,1.14,99,37,2,98,21.77615832907911
2025-02-10 17:00:00,2025-02-10 16:10:00,1594.1591796875,87.0,87.0,66.0,103.3,8.6,1.57,99,49,33,97,14.297259186492209
2025-02-10 18:00:00,2025-02-10 17:10:00,198.02084350585938,18.0,18.0,15.0,30.1,7.2,1.43,100,58,74,99,5.391325064807064
2025-02-10 19:00:00,2025-02-10 18:10:00,0.0,0.0,0.0,0.0,0.0,6.8,0.36,78,52,45,31,-4.448907065596403
2025-02-10 20:00:00,2025-02-10 19:10:00,0.0,0.0,0.0,0.0,0.0,6.3,0.11,94,42,87,39,-14.828836239557912
2025-02-10 21:00:00,2025-02-10 20:10:00,0.0,0.0,0.0,0.0,0.0,6.2,0.32,71,30,33,50,-25.401827530078847
2025-02-10 22:00:00,2025-02-10 21:10:00,0.0,0.0,0.0,0.0,0.0,6.0,0.22,99,25,11,99,-35.79320793855044
2025-02-10 23:00:00,2025-02-10 22:10:00,0.0,0.0,0.0,0.0,0.0,5.3,0.27,93,56,14,83,-45.47853359722229
2025-02-11 00:00:00,2025-02-10 23:10:00,0.0,0.0,0.0,0.0,0.0,4.9,0.21,100,100,25,93,-53.57132998211741
2025-02-11 01:00:00,2025-02-11 00:10:00,0.0,0.0,0.0,0.0,0.0,4.9,0.16,100,100,29,100,-58.58670844587288
2025-02-11 02:00:00,2025-02-11 01:10:00,0.0,0.0,0.0,0.0,0.0,4.8,0.3,81,51,38,55,-58.88624760247995
2025-02-11 03:00:00,2025-02-11 02:10:00,0.0,0.0,0.0,0.0,0.0,4.8,0.27,100,99,53,100,-54.344321021758624
2025-02-11 04:00:00,2025-02-11 03:10:00,0.0,0.0,0.0,0.0,0.0,4.8,0.64,100,100,75,99,-46.5154402865013
2025-02-11 05:00:00,2025-02-11 04:10:00,0.0,0.0,0.0,0.0,0.0,4.7,0.5,100,100,65,42,-36.950829432102516
2025-02-11 06:00:00,2025-02-11 05:10:00,0.0,0.0,0.0,0.0,0.0,4.7,0.32,100,99,70,50,-26.596696406431775
2025-02-11 07:00:00,2025-02-11 06:10:00,0.0,0.0,0.0,0.0,0.0,4.8,0.78,100,100,90,88,-16.00582377966225
2025-02-11 08:00:00,2025-02-11 07:10:00,1118.4598388671875,1.0,1.0,1.0,0.0,4.8,0.83,100,100,81,95,-5.561744318412999
2025-02-11 09:00:00,2025-02-11 08:10:00,2259.896240234375,23.0,23.0,23.0,0.0,5.2,0.68,100,100,83,97,4.3913380695213835
2025-02-11 10:00:00,2025-02-11 09:10:00,2515.558837890625,55.0,55.0,55.0,0.0,5.7,0.45,100,100,99,100,13.4686016630344
2025-02-11 11:00:00,2025-02-11 10:10:00,2791.772216796875,89.0,89.0,89.0,0.0,6.6,0.57,100,100,100,100,21.19040594542917
2025-02-11 12:00:00,2025-02-11 11:10:00,3422.298828125,98.0,98.0,97.0,2.1,7.2,0.74,100,100,100,99,26.967369294889625
2025-02-11 13:00:00,2025-02-11 12:10:00,3315.558349609375,107.0,107.0,106.0,1.9,7.4,0.85,100,100,100,96,30.178262373912233
2025-02-11 14:00:00,2025-02-11 13:10:00,3338.322265625,128.0,128.0,127.0,2.0,7.8,0.71,100,100,100,98,30.38100875047218
2025-02-11 15:00:00,2025-02-11 14:10:00,2914.506103515625,106.0,106.0,105.0,2.3,7.7,0.64,100,100,100,100,27.54516722630876
2025-02-11 16:00:00,2025-02-11 15:10:00,2172.753662109375,83.0,83.0,83.0,0.0,7.7,0.71,100,100,100,100,22.07054708247214
2025-02-11 17:00:00,2025-02-11 16:10:00,961.2431030273438,36.0,36.0,36.0,0.0,7.4,1.11,100,100,100,100,14.570011859925808
2025-02-11 18:00:00,2025-02-11 17:10:00,189.83560180664062,8.0,8.0,8.0,0.0,6.9,1.12,100,100,100,100,5.644859825846793
2025-02-11 19:00:00,2025-02-11 18:10:00,0.0,0.0,0.0,0.0,0.0,6.6,0.86,100,100,76,100,-4.209652312076118
2025-02-11 20:00:00,2025-02-11 19:10:00,0.0,0.0,0.0,0.0,0.0,6.3,0.34,100,100,52,100,-14.597509222374109
2025-02-11 21:00:00,2025-02-11 20:10:00,0.0,0.0,0.0,0.0,0.0,6.2,0.36,100,100,51,100,-25.170790126082487
2025-02-11 22:00:00,2025-02-11 21:10:00,0.0,0.0,0.0,0.0,0.0,6.1,0.45,100,100,63,100,-35.55306729855378
2025-02-11 23:00:00,2025-02-11 22:10:00,0.0,0.0,0.0,0.0,0.0,6.1,0.51,100,100,84,90,-45.21780401851264
2025-02-12 00:00:00,2025-02-11 23:10:00,0.0,0.0,0.0,0.0,0.0,5.9,0.72,100,100,100,93,-53.27898084922523
2025-02-12 01:00:00,2025-02-12 00:10:00,0.0,0.0,0.0,0.0,0.0,5.7,0.69,100,100,100,93,-58.26471563350599
2025-02-12 02:00:00,2025-02-12 01:10:00,0.0,0.0,0.0,0.0,0.0,6.6,0.41,100,100,100,80,-58.56492142619416
2025-02-12 03:00:00,2025-02-12 02:10:00,0.0,0.0,0.0,0.0,0.0,6.4,0.3,100,100,99,36,-54.055450345584205
2025-02-12 04:00:00,2025-02-12 03:10:00,0.0,0.0,0.0,0.0,0.0,6.2,0.35,100,100,98,13,-46.261807015278514
2025-02-12 05:00:00,2025-02-12 04:10:00,0.0,0.0,0.0,0.0,0.0,6.2,0.56,100,100,77,20,-36.72054068476129
2025-02-12 06:00:00,2025-02-12 05:10:00,0.0,0.0,0.0,0.0,0.0,6.1,0.74,100,100,41,21,-26.37722301979282
2025-02-12 07:00:00,2025-02-12 06:10:00,0.0,0.0,0.0,0.0,0.0,6.0,0.99,100,100,85,0,-15.786968102302241
2025-02-12 08:00:00,2025-02-12 07:10:00,1397.68310546875,2.0,2.0,2.0,0.0,5.9,0.74,100,100,80,0,-5.335219800187864
2025-02-12 09:00:00,2025-02-12 08:10:00,2655.26220703125,35.0,35.0,31.0,27.1,6.4,0.65,100,100,72,0,4.6325393406083295
2025-02-12 10:00:00,2025-02-12 09:10:00,3006.6552734375,79.0,79.0,77.0,6.9,7.1,0.6,100,100,36,0,13.730260549842152
2025-02-12 11:00:00,2025-02-12 10:10:00,7368.82177734375,132.0,132.0,112.0,49.1,7.9,0.72,41,19,29,0,21.476147467619125
2025-02-12 12:00:00,2025-02-12 11:10:00,9408.189453125,211.0,211.0,168.0,88.6,9.1,0.57,46,24,32,0,27.276533639956725
2025-02-12 13:00:00,2025-02-12 12:10:00,12915.6474609375,268.0,268.0,194.0,142.6,9.8,0.4,48,31,39,0,30.50354565298688
2025-02-12 14:00:00,2025-02-12 13:10:00,10638.7958984375,294.0,294.0,222.0,142.2,10.3,0.32,89,85,28,0,30.709005136374877
2025-02-12 15:00:00,2025-02-12 14:10:00,9587.2099609375,211.0,211.0,128.0,185.4,10.2,0.21,75,73,8,0,27.86177002672569
2025-02-12 16:00:00,2025-02-12 15:10:00,6801.556640625,151.0,151.0,88.0,181.3,10.2,0.21,46,41,16,0,22.366935029949463
2025-02-12 17:00:00,2025-02-12 16:10:00,2669.01171875,81.0,81.0,53.0,131.9,9.9,0.14,87,81,40,0,14.844107458874474
2025-02-12 18:00:00,2025-02-12 17:10:00,209.00511169433594,16.0,16.0,11.0,48.0,9.0,0.07,100,100,45,0,5.899315352321979
2025-02-12 19:00:00,2025-02-12 18:10:00,0.0,0.0,0.0,0.0,0.0,8.6,0.16,100,100,93,39,-3.9696752365962666
2025-02-12 20:00:00,2025-02-12 19:10:00,0.0,0.0,0.0,0.0,0.0,8.2,0.28,100,100,73,68,-14.365457602135917
2025-02-12 21:00:00,2025-02-12 20:10:00,0.0,0.0,0.0,0.0,0.0,7.8,0.22,100,100,75,92,-24.938837887864594
2025-02-12 22:00:00,2025-02-12 21:10:00,0.0,0.0,0.0,0.0,0.0,7.7,0.6,100,97,75,100,-35.31163495505517
2025-02-12 23:00:00,2025-02-12 22:10:00,0.0,0.0,0.0,0.0,0.0,7.2,0.64,100,100,38,100,-44.95522729477163
2025-02-13 00:00:00,2025-02-12 23:10:00,0.0,0.0,0.0,0.0,0.0,6.8,0.22,100,99,32,58,-52.984098840467055
2025-02-13 01:00:00,2025-02-13 00:10:00,0.0,0.0,0.0,0.0,0.0,6.8,0.14,100,100,21,28,-57.93937963079373
2025-02-13 02:00:00,2025-02-13 01:10:00,0.0,0.0,0.0,0.0,0.0,7.4,0.36,100,100,35,0,-58.23913097826405
2025-02-13 03:00:00,2025-02-13 02:10:00,0.0,0.0,0.0,0.0,0.0,7.4,0.15,100,100,14,3,-53.76112717314827
2025-02-13 04:00:00,2025-02-13 03:10:00,0.0,0.0,0.0,0.0,0.0,7.1,0.05,33,22,13,7,-46.00239893116148
2025-02-13 05:00:00,2025-02-13 04:10:00,0.0,0.0,0.0,0.0,0.0,6.6,0.46,96,60,22,89,-36.484573612680435
2025-02-13 06:00:00,2025-02-13 05:10:00,0.0,0.0,0.0,0.0,0.0,6.0,0.6,100,97,31,100,-26.152293903760295
2025-02-13 07:00:00,2025-02-13 06:10:00,0.0,0.0,0.0,0.0,0.0,6.1,0.07,100,100,33,98,-15.562880820430784
2025-02-13 08:00:00,2025-02-13 07:10:00,1217.0384521484375,2.0,2.0,2.0,0.0,6.2,0.35,100,100,32,96,-5.10365017602423
2025-02-13 09:00:00,2025-02-13 08:10:00,2303.101318359375,35.0,35.0,35.0,0.0,6.7,0.2,100,100,54,100,4.878645129703109
2025-02-13 10:00:00,2025-02-13 09:10:00,3006.341796875,85.0,85.0,81.0,13.6,7.2,0.45,100,100,48,97,13.996722546653457
2025-02-13 11:00:00,2025-02-13 10:10:00,7148.5166015625,175.0,175.0,136.0,94.7,8.3,0.55,88,55,7,71,21.766600561849447
2025-02-13 12:00:00,2025-02-13 11:10:00,15157.994140625,313.0,313.0,165.0,302.0,9.6,0.81,51,48,11,0,27.590251929021093
2025-02-13 13:00:00,2025-02-13 12:10:00,10273.9033203125,253.0,253.0,219.0,64.9,10.3,0.7,59,58,5,1,30.83302958685597
2025-02-13 14:00:00,2025-02-13 13:10:00,9030.107421875,218.0,218.0,174.0,86.1,10.8,0.82,26,13,17,0,31.040558973371517
2025-02-13 15:00:00,2025-02-13 14:10:00,7282.78515625,176.0,176.0,137.0,86.2,10.9,0.73,16,10,8,3,28.1810815215982
2025-02-13 16:00:00,2025-02-13 15:10:00,5875.796875,152.0,152.0,121.0,88.0,10.8,1.46,24,10,13,3,22.665198931205378
2025-02-13 17:00:00,2025-02-13 16:10:00,2451.606201171875,75.0,75.0,68.0,32.3,10.1,1.71,22,13,9,1,15.119432491632185
2025-02-13 18:00:00,2025-02-13 17:10:00,213.4086151123047,16.0,16.0,14.0,18.8,9.4,1.39,57,39,29,0,6.154591969358219
2025-02-13 19:00:00,2025-02-13 18:10:00,0.0,0.0,0.0,0.0,0.0,8.3,1.35,67,66,5,0,-3.72906072976571
2025-02-13 20:00:00,2025-02-13 19:10:00,0.0,0.0,0.0,0.0,0.0,7.1,1.21,78,77,3,1,-14.132752560297405
2025-02-13 21:00:00,2025-02-13 20:10:00,0.0,0.0,0.0,0.0,0.0,6.2,0.99,86,86,1,2,-24.70603087363737
2025-02-13 22:00:00,2025-02-13 21:10:00,0.0,0.0,0.0,0.0,0.0,5.3,0.71,94,94,4,0,-35.0689644120258
2025-02-13 23:00:00,2025-02-13 22:10:00,0.0,0.0,0.0,0.0,0.0,4.6,0.29,100,100,3,0,-44.690858600628516
2025-02-14 00:00:00,2025-02-13 23:10:00,0.0,0.0,0.0,0.0,0.0,4.0,0.11,100,100,0,0,-52.68675443521916
2025-02-14 01:00:00,2025-02-14 00:10:00,0.0,0.0,0.0,0.0,0.0,3.2,0.75,100,100,2,0,-57.61080164121643
2025-02-14 02:00:00,2025-02-14 01:10:00,0.0,0.0,0.0,0.0,0.0,4.4,1.0,96,96,7,0,-57.90900923759406
2025-02-14 03:00:00,2025-02-14 02:10:00,0.0,0.0,0.0,0.0,0.0,3.6,0.64,100,100,3,0,-53.46148444714258
2025-02-14 04:00:00,2025-02-14 03:10:00,0.0,0.0,0.0,0.0,0.0,2.9,0.45,100,100,2,0,-45.73732709888161
2025-02-14 05:00:00,2025-02-14 04:10:00,0.0,0.0,0.0,0.0,0.0,2.4,0.56,100,100,6,0,-36.24302220177243
2025-02-14 06:00:00,2025-02-14 05:10:00,0.0,0.0,0.0,0.0,0.0,2.2,0.45,100,100,2,0,-25.92199563724445
2025-02-14 07:00:00,2025-02-14 06:10:00,0.0,0.0,0.0,0.0,0.0,1.9,0.93,100,100,2,0,-15.33364795814288
2025-02-14 08:00:00,2025-02-14 07:10:00,2009.3843994140625,5.0,5.0,4.0,14.2,2.5,1.24,100,100,13,0,-4.867124970865351
2025-02-14 09:00:00,2025-02-14 08:10:00,7224.39794921875,78.0,78.0,46.0,209.7,4.1,1.05,100,100,6,0,5.1295603173967645
2025-02-14 10:00:00,2025-02-14 09:10:00,11602.0986328125,202.0,202.0,82.0,401.2,6.0,1.18,99,99,7,0,14.267886383705287
2025-02-14 11:00:00,2025-02-14 10:10:00,15644.9169921875,338.0,338.0,108.0,552.1,7.7,1.14,86,84,20,0,22.06165851722177
2025-02-14 12:00:00,2025-02-14 11:10:00,18305.60546875,390.0,390.0,135.0,515.1,9.3,0.76,15,8,12,0,27.90841308087755
2025-02-14 13:00:00,2025-02-14 12:10:00,19497.296875,438.0,438.0,124.0,593.6,10.4,0.4,19,3,17,0,31.166598394656624
2025-02-14 14:00:00,2025-02-14 13:10:00,13778.2080078125,354.0,354.0,142.0,410.8,7.3,1.12,100,99,75,0,31.375548431004596
2025-02-14 15:00:00,2025-02-14 14:10:00,10086.54296875,230.0,230.0,151.0,172.7,7.7,1.26,46,12,39,0,28.502976021594534
2025-02-14 16:00:00,2025-02-14 15:10:00,10082.9228515625,261.0,261.0,95.0,465.2,8.6,0.82,8,0,8,0,22.965216274244774
2025-02-14 17:00:00,2025-02-14 16:10:00,4140.0361328125,163.0,163.0,61.0,460.9,8.4,0.72,4,0,4,0,15.39587478577175
2025-02-14 18:00:00,2025-02-14 17:10:00,214.35757446289062,36.0,36.0,16.0,184.0,6.2,2.59,0,0,0,0,6.410591745726799
2025-02-14 19:00:00,2025-02-14 18:10:00,0.0,0.0,0.0,0.0,0.0,4.6,1.42,6,0,6,0,-3.487891724238057
2025-02-14 20:00:00,2025-02-14 19:10:00,0.0,0.0,0.0,0.0,0.0,3.9,1.63,1,0,1,0,-13.899463301909778
2025-02-14 21:00:00,2025-02-14 20:10:00,0.0,0.0,0.0,0.0,0.0,3.2,1.21,0,0,0,0,-24.472427321767796
2025-02-14 22:00:00,2025-02-14 21:10:00,0.0,0.0,0.0,0.0,0.0,3.7,0.51,0,0,0,0,-34.82510767173917
2025-02-14 23:00:00,2025-02-14 22:10:00,0.0,0.0,0.0,0.0,0.0,3.0,0.54,0,0,0,0,-44.42475204227295
2025-02-15 00:00:00,2025-02-14 23:10:00,0.0,0.0,0.0,0.0,0.0,1.9,0.29,0,0,0,0,-52.387017379783686
2025-02-15 01:00:00,2025-02-15 00:10:00,0.0,0.0,0.0,0.0,0.0,0.3,0.74,0,0,0,0,-57.27908210819627
2025-02-15 02:00:00,2025-02-15 01:10:00,0.0,0.0,0.0,0.0,0.0,0.5,1.21,47,47,0,0,-57.574689026834086
2025-02-15 03:00:00,2025-02-15 02:10:00,0.0,0.0,0.0,0.0,0.0,-0.6,1.03,38,38,0,0,-53.15665714748195
2025-02-15 04:00:00,2025-02-15 03:10:00,0.0,0.0,0.0,0.0,0.0,-1.1,0.96,32,32,0,0,-45.46670617299607
2025-02-15 05:00:00,2025-02-15 04:10:00,0.0,0.0,0.0,0.0,0.0,-1.5,1.14,29,29,0,0,-35.99598437029656
2025-02-15 06:00:00,2025-02-15 05:10:00,0.0,0.0,0.0,0.0,0.0,-2.2,0.81,100,100,0,0,-25.68641853790995
2025-02-15 07:00:00,2025-02-15 06:10:00,0.0,0.0,0.0,0.0,0.0,-2.5,0.65,94,94,0,0,-15.099358926188625
2025-02-15 08:00:00,2025-02-15 07:10:00,3365.08056640625,7.0,7.0,5.0,27.6,-2.2,1.08,81,81,0,0,-4.625736708124536
2025-02-15 09:00:00,2025-02-15 08:10:00,11992.0146484375,104.0,104.0,48.0,361.0,-0.6,0.07,13,13,0,0,5.385187182609063
2025-02-15 10:00:00,2025-02-15 09:10:00,18463.673828125,261.0,261.0,71.0,625.2,3.0,0.05,3,3,0,0,14.54364860149992
2025-02-15 11:00:00,2025-02-15 10:10:00,21995.40625,404.0,404.0,72.0,787.6,5.5,0.35,2,2,0,0,22.361212881323134
2025-02-15 12:00:00,2025-02-15 11:10:00,23077.15625,497.0,497.0,80.0,834.0,7.3,0.6,1,1,0,0,28.23090476645096
2025-02-15 13:00:00,2025-02-15 12:10:00,23377.73046875,538.0,538.0,84.0,850.3,8.4,0.9,1,1,0,0,31.504135539609475
2025-02-15 14:00:00,2025-02-15 13:10:00,22359.97265625,523.0,523.0,82.0,846.4,9.4,0.21,0,0,0,0,31.71385137411633
2025-02-15 15:00:00,2025-02-15 14:10:00,18844.591796875,452.0,452.0,78.0,809.1,9.4,0.36,0,0,0,0,28.827328046534447
2025-02-15 16:00:00,2025-02-15 15:10:00,13205.423828125,333.0,333.0,69.0,730.2,9.1,0.34,0,0,0,0,23.266865382683
2025-02-15 17:00:00,2025-02-15 16:10:00,5033.61572265625,182.0,182.0,53.0,571.3,8.2,0.42,0,0,0,0,15.67332359629108
2025-02-15 18:00:00,2025-02-15 17:10:00,250.24671936035156,40.0,40.0,18.0,198.4,6.0,1.06,0,0,0,0,6.6672185906041035
2025-02-15 19:00:00,2025-02-15 18:10:00,0.0,0.0,0.0,0.0,0.0,5.8,1.59,28,0,0,28,-3.246249116600996
2025-02-15 20:00:00,2025-02-15 19:10:00,0.0,0.0,0.0,0.0,0.0,4.1,1.1,10,0,0,10,-13.665656999183888
2025-02-15 21:00:00,2025-02-15 20:10:00,0.0,0.0,0.0,0.0,0.0,3.3,0.36,91,0,0,91,-24.238083616705413
2025-02-15 22:00:00,2025-02-15 21:10:00,0.0,0.0,0.0,0.0,0.0,2.5,0.29,99,0,0,99,-34.58011522198888
2025-02-15 23:00:00,2025-02-15 22:10:00,0.0,0.0,0.0,0.0,0.0,2.1,0.15,93,0,0,93,-44.15696066134924
2025-02-16 00:00:00,2025-02-15 23:10:00,0.0,0.0,0.0,0.0,0.0,1.6,0.05,99,0,0,99,-52.08495669803427
2025-02-16 01:00:00,2025-02-16 00:10:00,0.0,0.0,0.0,0.0,0.0,0.9,0.36,99,0,0,99,-56.94432071628308
2025-02-16 02:00:00,2025-02-16 01:10:00,0.0,0.0,0.0,0.0,0.0,1.5,1.17,97,0,10,97,-57.23630293075631
2025-02-16 03:00:00,2025-02-16 02:10:00,0.0,0.0,0.0,0.0,0.0,0.8,1.05,62,0,16,61,-52.84678210596758
2025-02-16 04:00:00,2025-02-16 03:10:00,0.0,0.0,0.0,0.0,0.0,-0.1,0.85,88,0,7,88,-45.19065422858901
2025-02-16 05:00:00,2025-02-16 04:10:00,0.0,0.0,0.0,0.0,0.0,-0.7,0.71,99,0,2,99,-35.7435618514309
2025-02-16 06:00:00,2025-02-16 05:10:00,0.0,0.0,0.0,0.0,0.0,-0.9,0.71,100,0,0,100,-25.445656581160996
2025-02-16 07:00:00,2025-02-16 06:10:00,0.0,0.0,0.0,0.0,0.0,-1.0,0.16,83,1,0,83,-14.860106461337004
2025-02-16 08:00:00,2025-02-16 07:10:00,3633.296142578125,8.0,8.0,6.0,26.7,-1.1,0.38,40,0,0,40,-4.379580859915629
2025-02-16 09:00:00,2025-02-16 08:10:00,12278.27734375,110.0,110.0,47.0,394.4,0.5,0.25,10,0,0,10,5.645425446694929
2025-02-16 10:00:00,2025-02-16 09:10:00,18207.91015625,265.0,265.0,67.0,641.4,3.0,0.51,7,0,0,7,14.823903592608461
2025-02-16 11:00:00,2025-02-16 10:10:00,20669.3359375,399.0,399.0,79.0,750.4,4.8,0.8,30,0,0,30,22.665153503397008
2025-02-16 12:00:00,2025-02-16 11:10:00,21345.15234375,491.0,491.0,87.0,800.1,6.2,1.2,70,5,0,69,28.55761345864366
2025-02-16 13:00:00,2025-02-16 12:10:00,21282.529296875,521.0,521.0,103.0,775.6,7.0,1.3,63,6,0,61,31.845523790692763
2025-02-16 14:00:00,2025-02-16 13:10:00,11865.3671875,428.0,428.0,161.0,507.6,7.4,1.0,100,98,0,99,32.055345439225235
2025-02-16 15:00:00,2025-02-16 14:10:00,11365.177734375,398.0,398.0,135.0,563.1,7.4,1.25,89,10,0,88,29.1540124185494
2025-02-16 16:00:00,2025-02-16 15:10:00,8882.0126953125,313.0,313.0,93.0,600.7,7.5,1.13,88,3,0,87,23.570025521346214
2025-02-16 17:00:00,2025-02-16 16:10:00,4098.5869140625,176.0,176.0,62.0,495.1,7.1,0.59,82,4,0,82,15.951669711023287
2025-02-16 18:00:00,2025-02-16 17:10:00,260.219482421875,40.0,40.0,20.0,176.8,4.9,0.92,38,12,0,29,6.924378346609112
2025-02-16 19:00:00,2025-02-16 18:10:00,0.0,0.0,0.0,0.0,0.0,3.7,0.97,38,20,0,23,-3.0042116936066643
2025-02-16 20:00:00,2025-02-16 19:10:00,0.0,0.0,0.0,0.0,0.0,2.8,1.17,70,34,0,54,-13.431398739591476
2025-02-16 21:00:00,2025-02-16 20:10:00,0.0,0.0,0.0,0.0,0.0,2.0,1.13,85,39,0,75,-24.00305425926211
2025-02-16 22:00:00,2025-02-16 21:10:00,0.0,0.0,0.0,0.0,0.0,1.3,0.82,96,49,0,92,-34.334036027088565
2025-02-16 23:00:00,2025-02-16 22:10:00,0.0,0.0,0.0,0.0,0.0,0.4,0.78,97,58,0,93,-43.88753644166859
2025-02-17 00:00:00,2025-02-16 23:10:00,0.0,0.0,0.0,0.0,0.0,-0.2,0.76,98,63,0,95,-51.780640703932626
2025-02-17 01:00:00,2025-02-17 00:10:00,0.0,0.0,0.0,0.0,0.0,-0.6,0.72,97,59,0,93,-56.60661639498
2025-02-17 02:00:00,2025-02-17 01:10:00,0.0,0.0,0.0,0.0,0.0,1.8,1.07,100,100,0,90,-56.89398322222235
2025-02-17 03:00:00,2025-02-17 02:10:00,0.0,0.0,0.0,0.0,0.0,1.7,1.12,100,100,0,81,-52.531997826938515
2025-02-17 04:00:00,2025-02-17 03:10:00,0.0,0.0,0.0,0.0,0.0,1.5,1.25,100,100,0,65,-44.90929259040902
2025-02-17 05:00:00,2025-02-17 04:10:00,0.0,0.0,0.0,0.0,0.0,1.2,1.37,100,100,1,85,-35.485860070959774
2025-02-17 06:00:00,2025-02-17 05:10:00,0.0,0.0,0.0,0.0,0.0,1.2,1.3,100,100,0,100,-25.19980731395531
2025-02-17 07:00:00,2025-02-17 06:10:00,0.0,0.0,0.0,0.0,0.0,1.2,1.19,100,100,0,99,-14.615986561289366
2025-02-17 08:00:00,2025-02-17 07:10:00,1871.1962890625,6.0,6.0,5.0,12.9,1.0,1.25,100,100,0,100,-4.128755793807581
2025-02-17 09:00:00,2025-02-17 08:10:00,3804.601318359375,57.0,57.0,51.0,36.5,1.8,1.07,100,100,1,100,5.910172320005957
2025-02-17 10:00:00,2025-02-17 09:10:00,4359.66748046875,113.0,113.0,108.0,15.9,2.9,1.25,100,100,2,100,15.108543644914002
2025-02-17 11:00:00,2025-02-17 10:10:00,6206.34912109375,162.0,162.0,154.0,18.5,3.8,1.67,100,100,3,100,22.97336857800254
2025-02-17 12:00:00,2025-02-17 11:10:00,4159.35009765625,136.0,136.0,136.0,0.0,4.1,1.82,100,100,4,99,28.888424481924527
2025-02-17 13:00:00,2025-02-17 12:10:00,3705.322265625,133.0,133.0,133.0,0.0,4.3,1.53,100,100,13,84,32.19064528361735
2025-02-17 14:00:00,2025-02-17 13:10:00,5865.01123046875,171.0,171.0,171.0,0.0,4.9,1.58,93,67,15,76,32.39990810996727
2025-02-17 15:00:00,2025-02-17 14:10:00,5545.22900390625,160.0,160.0,155.0,10.6,4.9,1.55,90,85,18,25,29.482904354043566
2025-02-17 16:00:00,2025-02-17 15:10:00,3695.5048828125,137.0,137.0,128.0,24.3,4.8,1.7,97,97,1,0,23.874576999976906
2025-02-17 17:00:00,2025-02-17 16:10:00,2520.2158203125,101.0,101.0,74.0,115.0,4.6,1.75,98,98,1,0,16.23080555305809
2025-02-17 18:00:00,2025-02-17 17:10:00,253.71888732910156,24.0,24.0,17.0,60.7,3.9,1.51,100,100,3,0,7.1819788788480405
2025-02-17 19:00:00,2025-02-17 18:10:00,0.0,0.0,0.0,0.0,0.0,3.7,1.94,97,97,4,0,-2.7618560630014493
2025-02-17 20:00:00,2025-02-17 19:10:00,0.0,0.0,0.0,0.0,0.0,3.1,1.81,100,100,6,0,-13.196751478737355
2025-02-17 21:00:00,2025-02-17 20:10:00,0.0,0.0,0.0,0.0,0.0,2.7,1.43,93,92,8,0,-23.767391841444326
2025-02-17 22:00:00,2025-02-17 21:10:00,0.0,0.0,0.0,0.0,0.0,2.3,1.2,44,41,7,0,-34.08691752281901
2025-02-17 23:00:00,2025-02-17 22:10:00,0.0,0.0,0.0,0.0,0.0,2.0,0.96,34,31,5,0,-43.61653031887005
2025-02-18 00:00:00,2025-02-17 23:10:00,0.0,0.0,0.0,0.0,0.0,1.6,0.92,47,44,5,0,-51.47413701599809
2025-02-18 01:00:00,2025-02-18 00:10:00,0.0,0.0,0.0,0.0,0.0,1.1,0.92,60,57,5,0,-56.26606732511572
2025-02-18 02:00:00,2025-02-18 01:10:00,0.0,0.0,0.0,0.0,0.0,1.9,1.45,51,51,0,0,-56.54786179544409
2025-02-18 03:00:00,2025-02-18 02:10:00,0.0,0.0,0.0,0.0,0.0,1.4,1.49,55,54,2,0,-52.21244431429921
2025-02-18 04:00:00,2025-02-18 03:10:00,0.0,0.0,0.0,0.0,0.0,0.9,1.37,100,100,1,0,-44.62274566117616
2025-02-18 05:00:00,2025-02-18 04:10:00,0.0,0.0,0.0,0.0,0.0,0.4,1.28,100,100,2,2,-35.222988020622694
2025-02-18 06:00:00,2025-02-18 05:10:00,0.0,0.0,0.0,0.0,0.0,0.2,1.1,99,99,0,22,-24.94897176377512
2025-02-18 07:00:00,2025-02-18 06:10:00,0.0,0.0,0.0,0.0,0.0,-0.1,1.22,97,96,0,30,-14.367098415326216
2025-02-18 08:00:00,2025-02-18 07:10:00,1820.3521728515625,6.0,6.0,6.0,0.0,-0.2,1.63,100,99,0,99,-3.8733627161979136
2025-02-18 09:00:00,2025-02-18 08:10:00,4130.27001953125,60.0,60.0,54.0,35.5,0.3,1.41,99,93,0,82,6.179322550865507
2025-02-18 10:00:00,2025-02-18 09:10:00,7736.30224609375,151.0,151.0,112.0,122.4,1.8,1.1,100,82,0,100,15.397458986278693
2025-02-18 11:00:00,2025-02-18 10:10:00,9346.87109375,254.0,254.0,165.0,203.9,3.0,1.07,95,64,1,84,23.28574468914781
2025-02-18 12:00:00,2025-02-18 11:10:00,12061.30859375,307.0,307.0,209.0,190.2,4.1,1.21,74,67,2,20,29.223222061630377
2025-02-18 13:00:00,2025-02-18 12:10:00,9954.12890625,362.0,362.0,221.0,256.8,4.8,1.26,82,81,2,5,32.539381581053085
2025-02-18 14:00:00,2025-02-18 13:10:00,11589.1259765625,376.0,376.0,206.0,317.1,5.2,1.08,100,100,1,7,32.74741679152415
2025-02-18 15:00:00,2025-02-18 14:10:00,10143.4384765625,313.0,313.0,179.0,281.0,5.3,0.67,39,39,0,0,29.81387955433035
2025-02-18 16:00:00,2025-02-18 15:10:00,10114.1015625,225.0,225.0,143.0,218.3,5.2,0.2,48,46,1,4,24.180401274849824
2025-02-18 17:00:00,2025-02-18 16:10:00,3345.226318359375,116.0,116.0,87.0,121.2,5.1,0.36,65,60,2,11,16.510625279926565
2025-02-18 18:00:00,2025-02-18 17:10:00,270.9864501953125,29.0,29.0,23.0,51.0,4.6,0.1,67,66,1,2,7.439930159703829
2025-02-18 19:00:00,2025-02-18 18:10:00,0.0,0.0,0.0,0.0,0.0,4.2,1.3,75,70,2,17,-2.5192565892017043
2025-02-18 20:00:00,2025-02-18 19:10:00,0.0,0.0,0.0,0.0,0.0,4.2,2.38,84,78,3,25,-12.961775998220181
2025-02-18 21:00:00,2025-02-18 20:10:00,0.0,0.0,0.0,0.0,0.0,3.7,2.23,100,100,1,50,-23.531147026022325
2025-02-18 22:00:00,2025-02-18 21:10:00,0.0,0.0,0.0,0.0,0.0,3.2,1.88,100,100,0,85,-33.838805615472104
2025-02-18 23:00:00,2025-02-18 22:10:00,0.0,0.0,0.0,0.0,0.0,3.0,1.84,100,100,2,75,-43.34399219314339
2025-02-19 00:00:00,2025-02-18 23:10:00,0.0,0.0,0.0,0.0,0.0,2.8,1.69,100,100,2,100,-51.16551257379902
2025-02-19 01:00:00,2025-02-19 00:10:00,0.0,0.0,0.0,0.0,0.0,2.7,1.81,100,100,7,82,-55.92277094767153
2025-02-19 02:00:00,2025-02-19 01:10:00,0.0,0.0,0.0,0.0,0.0,3.2,1.57,100,100,6,99,-56.1980701062296
2025-02-19 03:00:00,2025-02-19 02:10:00,0.0,0.0,0.0,0.0,0.0,3.0,1.44,100,100,1,100,-51.88826290523614
2025-02-19 04:00:00,2025-02-19 03:10:00,0.0,0.0,0.0,0.0,0.0,2.7,1.58,100,100,1,100,-44.33114074975355
2025-02-19 05:00:00,2025-02-19 04:10:00,0.0,0.0,0.0,0.0,0.0,2.2,1.6,100,100,16,100,-34.955058127668295
2025-02-19 06:00:00,2025-02-19 05:10:00,0.0,0.0,0.0,0.0,0.0,2.0,1.5,100,100,42,100,-24.69325434309494
2025-02-19 07:00:00,2025-02-19 06:10:00,0.0,0.0,0.0,0.0,0.0,1.9,1.21,100,100,54,100,-14.113544330883848
2025-02-19 08:00:00,2025-02-19 07:10:00,1330.660400390625,3.0,3.0,3.0,0.0,1.8,1.35,100,100,55,97,-3.6135056124096807
2025-02-19 09:00:00,2025-02-19 08:10:00,2606.724609375,26.0,26.0,26.0,0.0,2.0,1.05,100,100,63,48,6.452768476908409
2025-02-19 10:00:00,2025-02-19 09:10:00,3123.638427734375,78.0,78.0,78.0,0.0,2.6,0.86,100,100,63,69,15.690537830613804
2025-02-19 11:00:00,2025-02-19 10:10:00,4833.1630859375,127.0,127.0,127.0,0.0,3.2,1.06,100,100,34,52,23.602166854880668
2025-02-19 12:00:00,2025-02-19 11:10:00,6327.1845703125,186.0,186.0,176.0,19.2,3.8,0.76,100,100,22,65,29.561889372949494
2025-02-19 13:00:00,2025-02-19 12:10:00,7251.23681640625,242.0,242.0,210.0,57.7,4.4,0.65,100,100,19,39,32.89161373205623
2025-02-19 14:00:00,2025-02-19 13:10:00,9072.3115234375,232.0,232.0,171.0,112.7,4.1,0.98,47,15,2,38,33.09774888396149
2025-02-19 15:00:00,2025-02-19 14:10:00,8037.35595703125,198.0,198.0,175.0,47.7,4.2,0.8,63,11,9,57,30.146814294819563
2025-02-19 16:00:00,2025-02-19 15:10:00,3952.32958984375,139.0,139.0,129.0,26.3,4.0,0.88,96,29,4,94,24.487381048105256
2025-02-19 17:00:00,2025-02-19 16:10:00,2303.8173828125,103.0,103.0,92.0,45.1,3.7,0.61,100,14,1,100,16.791024879305056
2025-02-19 18:00:00,2025-02-19 17:10:00,209.99649047851562,36.0,36.0,30.0,50.1,2.5,0.54,91,15,7,89,7.698144349118006
2025-02-19 19:00:00,2025-02-19 18:10:00,0.0,0.0,0.0,0.0,0.0,1.5,0.14,69,0,6,69,-2.2764853340481928
2025-02-19 20:00:00,2025-02-19 19:10:00,0.0,0.0,0.0,0.0,0.0,1.1,0.36,62,2,2,61,-12.726530868682195
2025-02-19 21:00:00,2025-02-19 20:10:00,0.0,0.0,0.0,0.0,0.0,0.8,0.83,90,2,2,90,-23.294368531001997
2025-02-19 22:00:00,2025-02-19 21:10:00,0.0,0.0,0.0,0.0,0.0,0.4,0.97,90,3,7,90,-33.5897446851209
2025-02-19 23:00:00,2025-02-19 22:10:00,0.0,0.0,0.0,0.0,0.0,-0.1,0.81,70,2,29,58,-43.069970945109205
2025-02-20 00:00:00,2025-02-19 23:10:00,0.0,0.0,0.0,0.0,0.0,-0.6,0.82,100,0,76,100,-50.85483365652246
2025-02-20 01:00:00,2025-02-20 00:10:00,0.0,0.0,0.0,0.0,0.0,-0.7,0.57,100,0,81,99,-55.57682397497126
2025-02-20 02:00:00,2025-02-20 01:10:00,0.0,0.0,0.0,0.0,0.0,0.3,1.15,46,0,38,28,-55.84473911889702
2025-02-20 03:00:00,2025-02-20 02:10:00,0.0,0.0,0.0,0.0,0.0,0.2,0.96,94,0,89,91,-51.55959611086984
2025-02-20 04:00:00,2025-02-20 03:10:00,0.0,0.0,0.0,0.0,0.0,0.0,0.67,100,1,86,100,-44.0346078998358
2025-02-20 05:00:00,2025-02-20 04:10:00,0.0,0.0,0.0,0.0,0.0,-0.3,0.46,27,0,26,1,-34.68218612115135
2025-02-20 06:00:00,2025-02-20 05:10:00,0.0,0.0,0.0,0.0,0.0,-1.1,0.64,4,0,3,1,-24.43276274969279
2025-02-20 07:00:00,2025-02-20 06:10:00,0.0,0.0,0.0,0.0,0.0,-1.5,0.46,2,0,0,2,-13.855429656267239
2025-02-20 08:00:00,2025-02-20 07:10:00,4602.072265625,13.0,13.0,9.0,47.3,-1.0,0.55,0,0,0,0,-3.349291183626631
2025-02-20 09:00:00,2025-02-20 08:10:00,12613.8984375,124.0,124.0,48.0,424.2,0.8,0.5,0,0,0,0,6.730400078728619
2025-02-20 10:00:00,2025-02-20 09:10:00,18266.8671875,276.0,276.0,71.0,623.6,3.2,0.6,0,0,0,0,15.987666425327669
2025-02-20 11:00:00,2025-02-20 10:10:00,20953.595703125,410.0,410.0,84.0,729.5,4.8,0.81,0,0,0,0,23.92251857231698
2025-02-20 12:00:00,2025-02-20 11:10:00,22496.927734375,502.0,502.0,90.0,783.9,6.1,0.97,0,0,0,0,29.904308589555132
2025-02-20 13:00:00,2025-02-20 12:10:00,22378.779296875,543.0,543.0,92.0,806.2,7.2,1.0,10,0,0,10,33.247222330648185
2025-02-20 14:00:00,2025-02-20 13:10:00,21267.8984375,528.0,528.0,90.0,801.9,8.5,0.7,0,0,0,0,33.45078185440108
2025-02-20 15:00:00,2025-02-20 14:10:00,18357.525390625,459.0,459.0,85.0,768.4,8.9,1.05,0,0,0,0,30.48158551263111
2025-02-20 16:00:00,2025-02-20 15:10:00,12971.05859375,341.0,341.0,75.0,690.7,9.1,1.0,3,0,0,3,24.79540036460786
2025-02-20 17:00:00,2025-02-20 16:10:00,5553.1083984375,193.0,193.0,58.0,543.6,8.6,0.72,0,0,0,0,17.071902261001362
2025-02-20 18:00:00,2025-02-20 17:10:00,236.7237548828125,50.0,50.0,23.0,221.2,6.9,0.43,2,0,0,2,7.956535870122591
2025-02-20 19:00:00,2025-02-20 18:10:00,0.0,0.0,0.0,0.0,0.0,5.8,0.4,91,0,0,91,-2.0336120028569606
2025-02-20 20:00:00,2025-02-20 19:10:00,0.0,0.0,0.0,0.0,0.0,4.4,0.57,43,0,0,43,-12.49107241823195
2025-02-20 21:00:00,2025-02-20 20:10:00,0.0,0.0,0.0,0.0,0.0,3.2,0.76,0,0,0,0,-23.057103119146426
2025-02-20 22:00:00,2025-02-20 21:10:00,0.0,0.0,0.0,0.0,0.0,2.5,0.68,0,0,0,0,-33.33977759322723
2025-02-20 23:00:00,2025-02-20 22:10:00,0.0,0.0,0.0,0.0,0.0,2.1,0.34,19,0,0,19,-42.79451445493402
2025-02-21 00:00:00,2025-02-20 23:10:00,0.0,0.0,0.0,0.0,0.0,1.9,0.15,51,0,0,51,-50.54216590366329
2025-02-21 01:00:00,2025-02-21 00:10:00,0.0,0.0,0.0,0.0,0.0,1.5,0.11,47,0,0,47,-55.228322404142354
2025-02-21 02:00:00,2025-02-21 01:10:00,0.0,0.0,0.0,0.0,0.0,1.2,0.07,4,0,0,4,-55.48799925953386
2025-02-21 03:00:00,2025-02-21 02:10:00,0.0,0.0,0.0,0.0,0.0,0.9,0.16,2,0,0,2,-51.22658746402019
2025-02-21 04:00:00,2025-02-21 03:10:00,0.0,0.0,0.0,0.0,0.0,0.6,0.16,0,0,0,0,-43.7332797197615
2025-02-21 05:00:00,2025-02-21 04:10:00,0.0,0.0,0.0,0.0,0.0,0.4,0.11,55,0,0,55,-34.40449089550114
2025-02-21 06:00:00,2025-02-21 05:10:00,0.0,0.0,0.0,0.0,0.0,0.1,0.14,25,0,0,25,-24.167607863157084
2025-02-21 07:00:00,2025-02-21 06:10:00,0.0,0.0,0.0,0.0,0.0,-0.2,0.21,35,0,0,35,-13.592862699714601
2025-02-21 08:00:00,2025-02-21 07:10:00,3204.556640625,14.0,14.0,9.0,57.5,-0.2,0.6,98,64,0,94,-3.0808287807891053
2025-02-21 09:00:00,2025-02-21 08:10:00,9743.94140625,120.0,120.0,58.0,336.5,1.2,0.35,100,36,0,100,7.012105035772436
2025-02-21 10:00:00,2025-02-21 09:10:00,15861.5830078125,265.0,265.0,92.0,518.1,3.8,0.16,56,26,0,40,16.288729100121245
2025-02-21 11:00:00,2025-02-21 10:10:00,20688.896484375,419.0,419.0,83.0,743.1,6.3,0.11,17,0,0,17,24.246681863084337
2025-02-21 12:00:00,2025-02-21 11:10:00,20438.94921875,497.0,497.0,103.0,742.2,8.1,0.05,33,8,0,27,30.25036093185625
2025-02-21 13:00:00,2025-02-21 12:10:00,19779.673828125,491.0,491.0,137.0,626.9,9.3,0.28,17,4,0,14,33.606087573494456
2025-02-21 14:00:00,2025-02-21 13:10:00,12576.509765625,433.0,433.0,198.0,426.2,9.2,0.35,100,1,0,100,33.806393307950614
2025-02-21 15:00:00,2025-02-21 14:10:00,11648.2177734375,345.0,345.0,171.0,353.9,9.6,0.21,95,1,1,95,30.818070892512058
2025-02-21 16:00:00,2025-02-21 15:10:00,6755.1806640625,250.0,250.0,146.0,266.7,9.6,0.32,95,1,5,95,25.104344706142022
2025-02-21 17:00:00,2025-02-21 16:10:00,3099.89404296875,140.0,140.0,99.0,162.1,9.2,0.61,93,1,18,93,17.35315734499056
2025-02-21 18:00:00,2025-02-21 17:10:00,254.0475616455078,44.0,44.0,36.0,64.3,7.2,1.15,98,3,24,98,8.215021479392036
2025-02-21 19:00:00,2025-02-21 18:10:00,0.0,0.0,0.0,0.0,0.0,6.1,1.0,100,0,12,100,-1.790703895969006
2025-02-21 20:00:00,2025-02-21 19:10:00,0.0,0.0,0.0,0.0,0.0,6.1,0.27,99,0,3,99,-12.25545470640518
2025-02-21 21:00:00,2025-02-21 20:10:00,0.0,0.0,0.0,0.0,0.0,5.8,0.11,100,1,0,100,-22.819395592675797
2025-02-21 22:00:00,2025-02-21 21:10:00,0.0,0.0,0.0,0.0,0.0,5.2,0.29,85,1,0,85,-33.08894569467739
2025-02-21 23:00:00,2025-02-21 22:10:00,0.0,0.0,0.0,0.0,0.0,4.3,0.45,100,2,5,100,-42.51766962473823
2025-02-22 00:00:00,2025-02-21 23:10:00,0.0,0.0,0.0,0.0,0.0,4.1,0.35,97,35,35,95,-50.22757433786033
2025-02-22 01:00:00,2025-02-22 00:10:00,0.0,0.0,0.0,0.0,0.0,3.7,0.22,98,93,80,65,-54.8773615327542
2025-02-22 02:00:00,2025-02-22 01:10:00,0.0,0.0,0.0,0.0,0.0,4.6,0.81,100,94,96,95,-55.127980375275484
2025-02-22 03:00:00,2025-02-22 02:10:00,0.0,0.0,0.0,0.0,0.0,4.8,0.6,100,100,62,96,-50.8893813742054
2025-02-22 04:00:00,2025-02-22 03:10:00,0.0,0.0,0.0,0.0,0.0,4.8,0.38,100,100,54,94,-43.42729121401097
2025-02-22 05:00:00,2025-02-22 04:10:00,0.0,0.0,0.0,0.0,0.0,4.7,0.43,100,100,91,98,-34.122094371875924
2025-02-22 06:00:00,2025-02-22 05:10:00,0.0,0.0,0.0,0.0,0.0,4.7,0.47,100,100,98,100,-23.897903637943653
2025-02-22 07:00:00,2025-02-22 06:10:00,0.0,0.0,0.0,0.0,0.0,4.7,0.21,100,100,65,100,-13.325954645035882
2025-02-22 08:00:00,2025-02-22 07:10:00,1217.234375,6.0,6.0,6.0,0.0,4.8,0.25,100,100,60,100,-2.8082303355807334
2025-02-22 09:00:00,2025-02-22 08:10:00,2839.643310546875,46.0,46.0,43.0,15.8,5.6,0.47,100,100,39,100,7.297768784408276
2025-02-22 10:00:00,2025-02-22 09:10:00,3363.15673828125,93.0,93.0,87.0,17.7,6.6,0.29,100,27,8,100,16.593608317097704
2025-02-22 11:00:00,2025-02-22 10:10:00,7725.642578125,223.0,223.0,186.0,80.9,8.2,0.15,100,49,6,100,24.574537319156754
2025-02-22 12:00:00,2025-02-22 11:10:00,8515.7109375,341.0,341.0,247.0,175.3,9.6,0.35,100,58,33,100,30.599926714830396
2025-02-22 13:00:00,2025-02-22 12:10:00,8694.8447265625,284.0,284.0,251.0,57.9,10.2,0.79,100,39,32,100,33.968089316633176
2025-02-22 14:00:00,2025-02-22 13:10:00,4380.939453125,151.0,151.0,147.0,7.2,8.6,1.0,100,75,97,100,34.16446105731623
2025-02-22 15:00:00,2025-02-22 14:10:00,3723.553466796875,137.0,137.0,137.0,0.0,8.8,0.56,100,28,38,100,31.156148950934345
2025-02-22 16:00:00,2025-02-22 15:10:00,8090.91455078125,222.0,222.0,132.0,228.0,9.2,0.25,97,11,32,96,25.414101082756396
2025-02-22 17:00:00,2025-02-22 16:10:00,3267.61181640625,150.0,150.0,84.0,256.4,9.1,0.07,93,8,16,91,17.634692145277025
2025-02-22 18:00:00,2025-02-22 17:10:00,243.64480590820312,41.0,41.0,28.0,102.7,7.7,0.47,100,28,7,100,8.473520332597264
2025-02-22 19:00:00,2025-02-22 18:10:00,0.0,0.0,0.0,0.0,0.0,7.1,0.29,95,25,19,92,-1.5478258659841575
2025-02-22 20:00:00,2025-02-22 19:10:00,0.0,0.0,0.0,0.0,0.0,6.6,0.1,100,99,32,92,-12.019729503810002
2025-02-22 21:00:00,2025-02-22 20:10:00,0.0,0.0,0.0,0.0,0.0,6.2,0.15,100,49,11,99,-22.58128879325161
2025-02-22 22:00:00,2025-02-22 21:10:00,0.0,0.0,0.0,0.0,0.0,5.6,0.55,99,61,18,96,-32.837288854315545
2025-02-22 23:00:00,2025-02-22 22:10:00,0.0,0.0,0.0,0.0,0.0,4.9,0.67,100,6,12,100,-42.239482404335575
2025-02-23 00:00:00,2025-02-22 23:10:00,0.0,0.0,0.0,0.0,0.0,3.8,0.78,98,9,10,98,-49.911123389890804
2025-02-23 01:00:00,2025-02-23 00:10:00,0.0,0.0,0.0,0.0,0.0,3.5,0.87,100,92,33,95,-54.52403597653783
2025-02-23 02:00:00,2025-02-23 01:10:00,0.0,0.0,0.0,0.0,0.0,5.2,0.67,100,96,20,99,-54.764811699276514
2025-02-23 03:00:00,2025-02-23 02:10:00,0.0,0.0,0.0,0.0,0.0,4.6,0.47,99,96,26,70,-50.548122989935855
2025-02-23 04:00:00,2025-02-23 03:10:00,0.0,0.0,0.0,0.0,0.0,4.6,0.96,99,54,14,97,-43.11677961690217
2025-02-23 05:00:00,2025-02-23 04:10:00,0.0,0.0,0.0,0.0,0.0,4.1,0.95,100,6,2,100,-33.835121357803374
2025-02-23 06:00:00,2025-02-23 05:10:00,0.0,0.0,0.0,0.0,0.0,4.0,1.05,99,4,5,99,-23.62376699333776
2025-02-23 07:00:00,2025-02-23 06:10:00,0.0,0.0,0.0,0.0,0.0,2.8,0.78,97,3,21,96,-13.054819464053296
2025-02-23 08:00:00,2025-02-23 07:10:00,2248.34716796875,16.0,16.0,14.0,21.7,3.5,0.57,99,4,44,98,-2.5316102886422582
2025-02-23 09:00:00,2025-02-23 08:10:00,8556.068359375,123.0,123.0,74.0,251.8,5.4,0.25,100,4,77,100,7.587274578099383
2025-02-23 10:00:00,2025-02-23 09:10:00,11833.3447265625,257.0,257.0,113.0,417.9,8.0,0.25,100,1,57,100,16.902184722148707
2025-02-23 11:00:00,2025-02-23 10:10:00,14908.5283203125,379.0,379.0,148.0,499.0,10.4,0.85,100,0,35,100,24.90596414905373
2025-02-23 12:00:00,2025-02-23 11:10:00,15995.109375,454.0,454.0,170.0,524.4,11.9,1.01,96,0,10,96,30.95288539540384
2025-02-23 13:00:00,2025-02-23 12:10:00,20891.587890625,539.0,539.0,116.0,735.3,13.0,0.87,2,0,1,1,34.33310713120196
2025-02-23 14:00:00,2025-02-23 13:10:00,20976.6328125,534.0,534.0,94.0,783.4,13.4,0.61,5,0,5,0,34.52486319102235
2025-02-23 15:00:00,2025-02-23 14:10:00,17231.611328125,465.0,465.0,92.0,743.5,13.7,0.67,14,0,14,0,31.4956991182515
2025-02-23 16:00:00,2025-02-23 15:10:00,12017.0712890625,343.0,343.0,87.0,640.8,13.6,0.74,24,0,18,19,25.72455812107388
2025-02-23 17:00:00,2025-02-23 16:10:00,4613.2392578125,182.0,182.0,78.0,397.0,12.9,0.68,31,1,29,9,17.91641084936547
2025-02-23 18:00:00,2025-02-23 17:10:00,232.0123291015625,55.0,55.0,29.0,201.8,10.4,0.99,19,5,15,1,8.731954044357295
2025-02-23 19:00:00,2025-02-23 18:10:00,0.0,0.0,0.0,0.0,0.0,9.1,1.17,35,13,26,1,-1.30504028084733
2025-02-23 20:00:00,2025-02-23 19:10:00,0.0,0.0,0.0,0.0,0.0,8.4,0.54,54,16,46,0,-11.78394627758311
2025-02-23 21:00:00,2025-02-23 20:10:00,0.0,0.0,0.0,0.0,0.0,8.0,0.29,41,3,36,6,-22.342823607332644
2025-02-23 22:00:00,2025-02-23 21:10:00,0.0,0.0,0.0,0.0,0.0,7.7,0.32,21,0,21,0,-32.5848454680242
2025-02-23 23:00:00,2025-02-23 22:10:00,0.0,0.0,0.0,0.0,0.0,7.1,0.32,1,1,0,0,-41.95999782032337
2025-02-24 00:00:00,2025-02-23 23:10:00,0.0,0.0,0.0,0.0,0.0,5.8,0.71,15,15,0,0,-49.592876925819716
2025-02-24 01:00:00,2025-02-24 00:10:00,0.0,0.0,0.0,0.0,0.0,5.1,0.29,29,29,0,0,-54.16843968908852
2025-02-24 02:00:00,2025-02-24 01:10:00,0.0,0.0,0.0,0.0,0.0,5.2,0.21,100,100,0,0,-54.39862182104782
2025-02-24 03:00:00,2025-02-24 02:10:00,0.0,0.0,0.0,0.0,0.0,4.2,0.27,100,100,0,4,-50.2029580683147
2025-02-24 04:00:00,2025-02-24 03:10:00,0.0,0.0,0.0,0.0,0.0,3.4,1.08,99,98,0,28,-42.80188422894933
2025-02-24 05:00:00,2025-02-24 04:10:00,0.0,0.0,0.0,0.0,0.0,3.0,0.91,100,100,0,46,-33.54369940558761
2025-02-24 06:00:00,2025-02-24 05:10:00,0.0,0.0,0.0,0.0,0.0,3.0,0.45,100,100,0,63,-23.34531770067348
2025-02-24 07:00:00,2025-02-24 06:10:00,0.0,0.0,0.0,0.0,0.0,2.5,0.32,100,100,0,85,-12.7795738260753
2025-02-24 08:00:00,2025-02-24 07:10:00,2617.245849609375,16.0,16.0,14.0,21.1,2.8,0.72,99,96,0,84,-2.2510855151535667
2025-02-24 09:00:00,2025-02-24 08:10:00,7054.41357421875,107.0,107.0,79.0,140.1,4.2,0.46,100,100,2,75,7.880503549600915
2025-02-24 10:00:00,2025-02-24 09:10:00,11066.94921875,256.0,256.0,116.0,400.1,6.3,0.96,100,84,0,100,17.214337197576892
2025-02-24 11:00:00,2025-02-24 10:10:00,14412.8740234375,370.0,370.0,140.0,491.1,9.2,0.39,99,2,40,99,25.240840224375305
2025-02-24 12:00:00,2025-02-24 11:10:00,12839.005859375,402.0,402.0,235.0,305.3,11.3,0.73,100,2,82,100,31.309115619341448
2025-02-24 13:00:00,2025-02-24 12:10:00,14149.3876953125,471.0,471.0,200.0,466.8,12.5,0.76,100,7,30,100,34.70102035811112
2025-02-24 14:00:00,2025-02-24 13:10:00,8003.357421875,367.0,367.0,243.0,218.8,12.1,0.91,100,46,96,100,34.88747814016477
2025-02-24 15:00:00,2025-02-24 14:10:00,5194.58056640625,193.0,193.0,183.0,19.7,11.6,0.75,100,2,100,100,31.836601818794122
2025-02-24 16:00:00,2025-02-24 15:10:00,2996.12353515625,132.0,132.0,129.0,7.4,11.2,0.92,100,8,99,100,26.03560614938616
2025-02-24 17:00:00,2025-02-24 16:10:00,985.8960571289062,55.0,55.0,55.0,0.0,10.7,0.64,100,27,23,100,18.198219893133512
2025-02-24 18:00:00,2025-02-24 17:10:00,191.33819580078125,35.0,35.0,33.0,15.3,9.8,0.29,100,52,1,100,8.990246742598764
2025-02-24 19:00:00,2025-02-24 18:10:00,0.0,0.0,0.0,0.0,0.0,9.1,0.36,100,56,9,100,-1.0624069929369409
2025-02-24 20:00:00,2025-02-24 19:10:00,0.0,0.0,0.0,0.0,0.0,8.8,0.15,100,54,3,100,-11.548152182762498
2025-02-24 21:00:00,2025-02-24 20:10:00,0.0,0.0,0.0,0.0,0.0,8.4,0.25,100,63,5,100,-22.104038976966553
2025-02-24 22:00:00,2025-02-24 21:10:00,0.0,0.0,0.0,0.0,0.0,7.9,0.11,100,100,28,96,-32.33165248837836
2025-02-24 23:00:00,2025-02-24 22:10:00,0.0,0.0,0.0,0.0,0.0,7.0,0.0,100,100,33,100,-41.679260008521624
2025-02-25 00:00:00,2025-02-24 23:10:00,0.0,0.0,0.0,0.0,0.0,6.8,0.16,100,100,43,100,-49.27289827628501
2025-02-25 01:00:00,2025-02-25 00:10:00,0.0,0.0,0.0,0.0,0.0,7.2,0.1,100,100,45,94,-53.81066598344872
2025-02-25 02:00:00,2025-02-25 01:10:00,0.0,0.0,0.0,0.0,0.0,6.7,0.73,100,100,41,99,-54.02953866183603
2025-02-25 03:00:00,2025-02-25 02:10:00,0.0,0.0,0.0,0.0,0.0,6.8,1.38,100,93,45,100,-49.854032851908535
2025-02-25 04:00:00,2025-02-25 03:10:00,0.0,0.0,0.0,0.0,0.0,6.9,0.5,100,95,39,99,-42.48274625630095
2025-02-25 05:00:00,2025-02-25 04:10:00,0.0,0.0,0.0,0.0,0.0,6.9,0.93,100,100,97,99,-33.24795866994215
2025-02-25 06:00:00,2025-02-25 05:10:00,0.0,0.0,0.0,0.0,0.0,7.1,1.06,100,100,100,100,-23.062678268158283
2025-02-25 07:00:00,2025-02-25 06:10:00,0.0,0.0,0.0,0.0,0.0,7.2,0.98,100,100,100,100,-12.500337004637778
2025-02-25 08:00:00,2025-02-25 07:10:00,1216.6376953125,3.0,3.0,3.0,0.0,7.2,0.99,100,100,100,98,-1.9667752479295433
2025-02-25 09:00:00,2025-02-25 08:10:00,2140.84716796875,27.0,27.0,27.0,0.0,7.3,0.79,100,100,100,97,8.177334775099375
2025-02-25 10:00:00,2025-02-25 09:10:00,2534.94384765625,50.0,50.0,50.0,0.0,7.6,0.83,100,100,100,34,17.52994291591174
2025-02-25 11:00:00,2025-02-25 10:10:00,2757.854736328125,54.0,54.0,54.0,0.0,7.9,0.72,100,100,100,92,25.57904212664343
2025-02-25 12:00:00,2025-02-25 11:10:00,3299.83935546875,96.0,96.0,96.0,0.0,8.4,0.46,100,100,86,100,31.66849526760942
2025-02-25 13:00:00,2025-02-25 12:10:00,5780.22607421875,190.0,190.0,141.0,83.6,9.4,0.86,100,100,63,84,35.07170816161177
2025-02-25 14:00:00,2025-02-25 13:10:00,6815.2392578125,209.0,209.0,127.0,143.4,9.9,1.57,97,63,25,91,35.25218474362295
2025-02-25 15:00:00,2025-02-25 14:10:00,5132.34130859375,180.0,180.0,129.0,99.7,10.1,1.87,99,45,96,62,32.17873854878431
2025-02-25 16:00:00,2025-02-25 15:10:00,4800.90234375,90.0,90.0,90.0,0.0,9.8,1.07,87,2,25,83,26.34713727935596
2025-02-25 17:00:00,2025-02-25 16:10:00,2743.99853515625,122.0,122.0,77.0,166.0,9.8,1.1,88,12,7,86,18.480028030907032
2025-02-25 18:00:00,2025-02-25 17:10:00,245.18124389648438,51.0,51.0,38.0,97.5,8.5,0.65,92,46,30,81,9.248325117148266
2025-02-25 19:00:00,2025-02-25 18:10:00,0.0,0.0,0.0,0.0,0.0,7.9,0.36,100,64,54,100,-0.8199833142860364
2025-02-25 20:00:00,2025-02-25 19:10:00,0.0,0.0,0.0,0.0,0.0,7.9,0.21,100,61,28,100,-11.312392059661889
2025-02-25 21:00:00,2025-02-25 20:10:00,0.0,0.0,0.0,0.0,0.0,6.9,0.94,100,100,2,100,-21.86497191606097
2025-02-25 22:00:00,2025-02-25 21:10:00,0.0,0.0,0.0,0.0,0.0,6.8,0.83,100,98,1,100,-32.07774545487919
2025-02-25 23:00:00,2025-02-25 22:10:00,0.0,0.0,0.0,0.0,0.0,6.2,0.36,100,11,0,100,-41.39731224974074
2025-02-26 00:00:00,2025-02-25 23:10:00,0.0,0.0,0.0,0.0,0.0,5.4,0.29,99,97,0,75,-48.951250267883964
2025-02-26 01:00:00,2025-02-26 00:10:00,0.0,0.0,0.0,0.0,0.0,4.7,0.45,100,100,0,18,-53.45080755546649
2025-02-26 02:00:00,2025-02-26 01:10:00,0.0,0.0,0.0,0.0,0.0,6.7,0.94,90,86,12,23,-53.65768945472463
2025-02-26 03:00:00,2025-02-26 02:10:00,0.0,0.0,0.0,0.0,0.0,5.9,0.81,96,94,7,24,-49.50149395281055
2025-02-26 04:00:00,2025-02-26 03:10:00,0.0,0.0,0.0,0.0,0.0,6.1,0.85,78,72,12,11,-42.159508653624684
2025-02-26 05:00:00,2025-02-26 04:10:00,0.0,0.0,0.0,0.0,0.0,5.4,0.18,70,50,41,2,-32.948031765286096
2025-02-26 06:00:00,2025-02-26 05:10:00,0.0,0.0,0.0,0.0,0.0,5.1,0.67,47,45,11,0,-22.7759738236448
2025-02-26 07:00:00,2025-02-26 06:10:00,0.0,0.0,0.0,0.0,0.0,4.3,0.85,25,22,5,0,-12.217230781747077
2025-02-26 08:00:00,2025-02-26 07:10:00,4468.380859375,21.0,21.0,14.0,69.9,4.5,1.52,7,6,1,0,-1.6788009981779384
2025-02-26 09:00:00,2025-02-26 08:10:00,12166.9765625,145.0,145.0,66.0,375.0,6.1,1.35,3,2,0,0,8.477645340209515
2025-02-26 10:00:00,2025-02-26 09:10:00,18404.650390625,308.0,308.0,89.0,606.9,8.6,0.87,2,2,0,0,17.848877394873607
2025-02-26 11:00:00,2025-02-26 10:10:00,21852.916015625,457.0,457.0,85.0,776.2,11.4,0.67,0,0,0,0,25.920445194418665
2025-02-26 12:00:00,2025-02-26 11:10:00,23508.876953125,556.0,556.0,84.0,846.1,13.6,0.51,0,0,0,0,32.03090150217225
2025-02-26 13:00:00,2025-02-26 12:10:00,23618.41796875,597.0,597.0,85.0,866.0,14.6,0.86,0,0,0,0,35.44504958170629
2025-02-26 14:00:00,2025-02-26 13:10:00,21486.203125,569.0,569.0,92.0,826.4,15.4,1.49,17,0,17,0,35.618862311658056
2025-02-26 15:00:00,2025-02-26 14:10:00,18308.115234375,487.0,487.0,95.0,758.7,15.6,0.9,6,0,5,2,32.52199195195125
2025-02-26 16:00:00,2025-02-26 15:10:00,12395.33203125,358.0,358.0,92.0,642.8,15.6,0.81,7,0,1,6,26.659045484154234
2025-02-26 17:00:00,2025-02-26 16:10:00,5893.50830078125,224.0,224.0,63.0,584.1,14.6,0.89,11,0,0,11,18.761746400550468
2025-02-26 18:00:00,2025-02-26 17:10:00,221.36468505859375,71.0,71.0,29.0,309.7,12.0,1.61,0,0,0,0,9.506118462398886
2025-02-26 19:00:00,2025-02-26 18:10:00,239.8104248046875,1.0,1.0,1.0,0.0,9.9,1.97,0,0,0,0,-0.577823998047316
2025-02-26 20:00:00,2025-02-26 19:10:00,0.0,0.0,0.0,0.0,0.0,7.8,1.4,1,1,0,0,-11.076708437310145
2025-02-26 21:00:00,2025-02-26 20:10:00,0.0,0.0,0.0,0.0,0.0,6.6,1.28,19,19,0,0,-21.625657532153177
2025-02-26 22:00:00,2025-02-26 21:10:00,0.0,0.0,0.0,0.0,0.0,5.8,1.21,36,36,0,0,-31.823158528750728
2025-02-26 23:00:00,2025-02-26 22:10:00,0.0,0.0,0.0,0.0,0.0,5.3,0.29,32,32,0,0,-41.11419700883616
2025-02-27 00:00:00,2025-02-26 23:10:00,0.0,0.0,0.0,0.0,0.0,4.2,0.5,17,17,0,0,-48.627995256611364
2025-02-27 01:00:00,2025-02-27 00:10:00,0.0,0.0,0.0,0.0,0.0,3.2,1.19,5,4,0,1,-53.08895650881895
2025-02-27 02:00:00,2025-02-27 01:10:00,0.0,0.0,0.0,0.0,0.0,4.8,1.8,14,0,0,14,-53.28320072914069
2025-02-27 03:00:00,2025-02-27 02:10:00,0.0,0.0,0.0,0.0,0.0,3.2,1.0,24,0,0,24,-49.14548824377943
2025-02-27 04:00:00,2025-02-27 03:10:00,0.0,0.0,0.0,0.0,0.0,2.8,0.47,57,0,0,57,-41.832315970760874
2025-02-27 05:00:00,2025-02-27 04:10:00,0.0,0.0,0.0,0.0,0.0,2.0,0.92,79,0,0,79,-32.64405362311532
2025-02-27 06:00:00,2025-02-27 05:10:00,0.0,0.0,0.0,0.0,0.0,1.8,0.45,35,0,0,35,-22.485331995682554
2025-02-27 07:00:00,2025-02-27 06:10:00,0.0,0.0,0.0,0.0,0.0,1.4,0.18,65,0,26,63,-11.930379349858248
2025-02-27 08:00:00,2025-02-27 07:10:00,4983.642578125,27.0,27.0,17.0,97.2,2.2,0.55,16,0,1,15,-1.3872864740694193
2025-02-27 09:00:00,2025-02-27 08:10:00,12753.5302734375,164.0,164.0,56.0,499.7,4.3,0.29,8,0,0,8,8.78131040774102
2025-02-27 10:00:00,2025-02-27 09:10:00,19171.458984375,330.0,330.0,73.0,701.5,7.2,0.34,2,0,2,0,18.17101455343943
2025-02-27 11:00:00,2025-02-27 10:10:00,22072.775390625,470.0,470.0,79.0,806.6,9.6,0.54,0,0,0,0,26.264923570660777
2025-02-27 12:00:00,2025-02-27 11:10:00,22895.384765625,556.0,556.0,87.0,832.6,11.4,0.99,1,0,0,1,32.396210811185185
2025-02-27 13:00:00,2025-02-27 12:10:00,22720.599609375,591.0,591.0,92.0,836.4,12.6,0.9,15,0,0,15,35.820923585349405
2025-02-27 14:00:00,2025-02-27 13:10:00,21094.3515625,570.0,570.0,95.0,815.6,13.3,1.0,19,3,16,1,35.987390687824295
2025-02-27 15:00:00,2025-02-27 14:10:00,18495.09375,499.0,499.0,92.0,780.2,13.6,1.36,7,2,0,5,32.866245892731484
2025-02-27 16:00:00,2025-02-27 15:10:00,13308.169921875,377.0,377.0,83.0,702.3,13.6,1.25,1,1,0,0,26.971226672864805
2025-02-27 17:00:00,2025-02-27 16:10:00,5998.78125,225.0,225.0,64.0,574.6,12.9,0.97,0,0,0,0,19.04328858339455
2025-02-27 18:00:00,2025-02-27 17:10:00,202.89659118652344,72.0,72.0,32.0,290.1,10.9,0.3,13,0,0,13,9.763558713908806
2025-02-27 19:00:00,2025-02-27 18:10:00,243.95687866210938,1.0,1.0,1.0,0.0,9.1,0.39,1,0,0,1,-0.3359812262927666
2025-02-27 20:00:00,2025-02-27 19:10:00,0.0,0.0,0.0,0.0,0.0,7.8,0.49,0,0,0,0,-10.84114154299686
2025-02-27 21:00:00,2025-02-27 20:10:00,0.0,0.0,0.0,0.0,0.0,6.9,0.34,6,0,0,6,-21.386129053678456
2025-02-27 22:00:00,2025-02-27 21:10:00,0.0,0.0,0.0,0.0,0.0,6.1,0.21,47,0,0,47,-31.567924532260744
2025-02-27 23:00:00,2025-02-27 22:10:00,0.0,0.0,0.0,0.0,0.0,5.4,0.11,96,0,0,96,-40.82995597698994
2025-02-28 00:00:00,2025-02-27 23:10:00,0.0,0.0,0.0,0.0,0.0,4.8,0.3,94,0,0,94,-48.30319516328447
2025-02-28 01:00:00,2025-02-28 00:10:00,0.0,0.0,0.0,0.0,0.0,3.7,0.81,63,0,0,63,-52.725204381588064
2025-02-28 02:00:00,2025-02-28 01:10:00,0.0,0.0,0.0,0.0,0.0,4.1,0.76,28,0,0,28,-52.90619829945739
2025-02-28 03:00:00,2025-02-28 02:10:00,0.0,0.0,0.0,0.0,0.0,2.8,1.05,2,0,0,2,-48.78616275630535
2025-02-28 04:00:00,2025-02-28 03:10:00,0.0,0.0,0.0,0.0,0.0,2.0,1.06,63,0,0,63,-41.50131420341876
2025-02-28 05:00:00,2025-02-28 04:10:00,0.0,0.0,0.0,0.0,0.0,1.5,1.17,91,1,0,90,-32.33616134983551
2025-02-28 06:00:00,2025-02-28 05:10:00,0.0,0.0,0.0,0.0,0.0,1.0,1.21,100,2,0,100,-22.1908827931734
2025-02-28 07:00:00,2025-02-28 06:10:00,0.0,0.0,0.0,0.0,0.0,1.1,0.49,99,1,0,99,-11.639909211820118
2025-02-28 08:00:00,2025-02-28 07:10:00,3279.66259765625,25.0,25.0,21.0,37.9,2.2,0.74,100,1,0,100,-1.0923574972713432
2025-02-28 09:00:00,2025-02-28 08:10:00,8130.69091796875,130.0,130.0,97.0,148.9,4.2,0.67,100,1,0,100,9.088203287146138
2025-02-28 10:00:00,2025-02-28 09:10:00,13634.9296875,270.0,270.0,151.0,320.0,6.8,0.75,100,0,0,100,18.496226768962508
2025-02-28 11:00:00,2025-02-28 10:10:00,16200.12109375,425.0,425.0,153.0,554.8,9.5,0.72,100,0,0,100,26.612350250301144
2025-02-28 12:00:00,2025-02-28 11:10:00,17914.62109375,518.0,518.0,166.0,618.9,11.3,0.65,100,0,0,100,32.76429905354375
2025-02-28 13:00:00,2025-02-28 12:10:00,18376.65625,552.0,552.0,179.0,619.7,12.5,0.75,100,0,0,100,36.199209116387074
2025-02-28 14:00:00,2025-02-28 13:10:00,16413.244140625,550.0,550.0,155.0,672.3,13.1,0.72,100,0,0,100,36.35765030912125
2025-02-28 15:00:00,2025-02-28 14:10:00,12923.7314453125,474.0,474.0,137.0,639.9,13.2,0.66,100,1,2,100,33.21138552693893
2025-02-28 16:00:00,2025-02-28 15:10:00,8278.654296875,354.0,354.0,121.0,550.4,13.1,0.62,100,0,5,100,27.283578760993425
2025-02-28 17:00:00,2025-02-28 16:10:00,5201.517578125,216.0,216.0,73.0,502.2,12.6,0.5,46,0,6,42,19.324570658836226
2025-02-28 18:00:00,2025-02-28 17:10:00,200.8442840576172,75.0,75.0,35.0,285.5,10.4,0.14,48,0,1,48,10.020580478807219
2025-02-28 19:00:00,2025-02-28 18:10:00,236.07077026367188,1.0,1.0,1.0,0.0,8.6,0.47,88,2,1,87,-0.09450460421784002
2025-02-28 20:00:00,2025-02-28 19:10:00,0.0,0.0,0.0,0.0,0.0,7.2,0.59,98,6,2,98,-10.605729317943776
2025-02-28 21:00:00,2025-02-28 20:10:00,0.0,0.0,0.0,0.0,0.0,6.6,0.53,100,6,2,100,-21.1464178627114
2025-02-28 22:00:00,2025-02-28 21:10:00,0.0,0.0,0.0,0.0,0.0,5.5,1.41,99,16,26,99,-31.312074992506968
2025-02-28 23:00:00,2025-02-28 22:10:00,0.0,0.0,0.0,0.0,0.0,4.3,1.61,100,13,42,99,-40.544630117139384
2025-03-01 00:00:00,2025-02-28 23:10:00,0.0,0.0,0.0,0.0,0.0,4.1,1.75,98,33,69,93,-47.976911510876995
2025-03-01 01:00:00,2025-03-01 00:10:00,0.0,0.0,0.0,0.0,0.0,3.7,1.52,100,46,77,100,-52.359642174270384
2025-03-01 02:00:00,2025-03-01 01:10:00,0.0,0.0,0.0,0.0,0.0,5.3,2.23,99,42,66,96,-52.526807257387745
2025-03-01 03:00:00,2025-03-01 02:10:00,0.0,0.0,0.0,0.0,0.0,5.2,0.49,100,100,96,60,-48.423664585423886
2025-03-01 04:00:00,2025-03-01 03:10:00,0.0,0.0,0.0,0.0,0.0,4.7,0.22,93,27,85,44,-41.166650648146835
2025-03-01 05:00:00,2025-03-01 04:10:00,0.0,0.0,0.0,0.0,0.0,3.8,0.62,98,50,95,42,-32.02449408541563
2025-03-01 06:00:00,2025-03-01 05:10:00,0.0,0.0,0.0,0.0,0.0,3.2,2.45,97,73,86,52,-21.89275848394193
2025-03-01 07:00:00,2025-03-01 06:10:00,0.0,0.0,0.0,0.0,0.0,3.5,2.8,100,100,74,29,-11.3459490790152
2025-03-01 08:00:00,2025-03-01 07:10:00,1592.548095703125,11.0,11.0,11.0,0.0,3.8,2.77,100,100,94,2,-0.7941419175957397
2025-03-01 09:00:00,2025-03-01 08:10:00,2726.214111328125,50.0,50.0,45.0,22.0,4.9,3.29,100,100,19,0,9.398195505558428
2025-03-01 10:00:00,2025-03-01 09:10:00,5862.0908203125,148.0,148.0,100.0,127.2,5.6,4.23,100,100,93,4,18.824384935298166
2025-03-01 11:00:00,2025-03-01 10:10:00,3087.267578125,107.0,107.0,107.0,0.0,5.3,4.13,100,100,100,41,26.962597127995053
2025-03-01 12:00:00,2025-03-01 11:10:00,3743.05322265625,147.0,147.0,126.0,36.6,5.8,4.72,100,100,87,84,33.13504150275063
2025-03-01 13:00:00,2025-03-01 12:10:00,3323.226318359375,133.0,133.0,130.0,4.9,6.1,4.24,100,100,70,92,36.5797851441818
2025-03-01 14:00:00,2025-03-01 13:10:00,4536.3125,187.0,187.0,173.0,23.6,7.5,3.68,100,100,94,99,36.72952226431638
2025-03-01 15:00:00,2025-03-01 14:10:00,4323.14794921875,181.0,181.0,150.0,58.3,7.9,3.15,100,93,79,96,33.55729736979204
2025-03-01 16:00:00,2025-03-01 15:10:00,6536.47021484375,210.0,210.0,137.0,170.5,8.6,2.5,74,37,47,26,27.596001736925338
2025-03-01 17:00:00,2025-03-01 16:10:00,2862.06494140625,131.0,131.0,94.0,127.9,7.8,2.12,90,75,33,47,19.605511253457752
2025-03-01 18:00:00,2025-03-01 17:10:00,298.787841796875,49.0,49.0,38.0,77.3,6.9,1.88,61,5,51,33,10.277121059901498
2025-03-01 19:00:00,2025-03-01 18:10:00,209.4751434326172,1.0,1.0,1.0,0.0,6.0,1.76,44,0,42,11,0.1465588392005802
2025-03-01 20:00:00,2025-03-01 19:10:00,0.0,0.0,0.0,0.0,0.0,5.3,1.98,37,4,36,0,-10.37050743909851
2025-03-01 21:00:00,2025-03-01 20:10:00,0.0,0.0,0.0,0.0,0.0,4.6,1.25,68,1,68,0,-20.906553533134478
2025-03-01 22:00:00,2025-03-01 21:10:00,0.0,0.0,0.0,0.0,0.0,4.6,1.24,100,10,100,0,-31.055640189586796
2025-03-01 23:00:00,2025-03-01 22:10:00,0.0,0.0,0.0,0.0,0.0,3.9,1.89,92,9,92,0,-40.258259712454404
2025-03-02 00:00:00,2025-03-01 23:10:00,0.0,0.0,0.0,0.0,0.0,3.3,1.35,67,13,66,0,-47.649205463668615
2025-03-02 01:00:00,2025-03-02 00:10:00,0.0,0.0,0.0,0.0,0.0,2.6,0.53,89,15,86,21,-51.99236037909992
2025-03-02 02:00:00,2025-03-02 01:10:00,0.0,0.0,0.0,0.0,0.0,4.6,0.81,98,28,97,2,-52.1451519678735
2025-03-02 03:00:00,2025-03-02 02:10:00,0.0,0.0,0.0,0.0,0.0,4.3,0.95,98,46,98,0,-48.05814080107441
2025-03-02 04:00:00,2025-03-02 03:10:00,0.0,0.0,0.0,0.0,0.0,4.8,1.42,100,72,100,0,-40.82847376176442
2025-03-02 05:00:00,2025-03-02 04:10:00,0.0,0.0,0.0,0.0,0.0,4.9,1.64,100,87,100,0,-31.70919286319465
2025-03-02 06:00:00,2025-03-02 05:10:00,0.0,0.0,0.0,0.0,0.0,4.7,1.13,100,27,100,0,-21.59109347252051
2025-03-02 07:00:00,2025-03-02 06:10:00,0.0,0.0,0.0,0.0,0.0,4.7,0.53,100,83,100,0,-11.048629767917662
2025-03-02 08:00:00,2025-03-02 07:10:00,2583.058349609375,15.0,15.0,12.0,27.0,4.8,0.29,100,90,100,0,-0.4927695259124033
2025-03-02 09:00:00,2025-03-02 08:10:00,5876.99755859375,96.0,96.0,60.0,154.8,5.8,0.18,100,93,99,0,9.711156880332688
2025-03-02 10:00:00,2025-03-02 09:10:00,7234.4580078125,160.0,160.0,113.0,122.7,7.3,0.75,99,87,99,0,19.155358521887187
2025-03-02 11:00:00,2025-03-02 10:10:00,10689.501953125,267.0,267.0,149.0,235.4,8.8,0.89,85,70,76,0,27.31553504602265
2025-03-02 12:00:00,2025-03-02 11:10:00,17130.80859375,377.0,377.0,179.0,341.6,9.9,0.7,25,17,10,0,33.508312890062165
2025-03-02 13:00:00,2025-03-02 12:10:00,15215.6572265625,486.0,486.0,184.0,493.0,10.9,1.07,53,52,3,0,36.962530710871974
2025-03-02 14:00:00,2025-03-02 13:10:00,13550.6259765625,468.0,468.0,166.0,505.1,11.7,0.34,68,68,0,0,37.102888350367365
2025-03-02 15:00:00,2025-03-02 14:10:00,11696.3046875,454.0,454.0,149.0,568.4,12.2,0.5,43,43,1,0,33.903869361187496
2025-03-02 16:00:00,2025-03-02 15:10:00,10106.5810546875,354.0,354.0,118.0,545.3,12.3,0.46,28,28,3,0,27.90839772418073
2025-03-02 17:00:00,2025-03-02 16:10:00,5703.55859375,222.0,222.0,87.0,459.6,12.1,0.5,2,0,2,0,19.88603158452524
2025-03-02 18:00:00,2025-03-02 17:10:00,262.8423767089844,81.0,81.0,37.0,304.3,9.9,0.79,5,2,3,0,10.533120473397183
2025-03-02 19:00:00,2025-03-02 18:10:00,225.53199768066406,2.0,2.0,2.0,0.0,7.8,0.67,2,0,2,0,0.3871646440656903
2025-03-02 20:00:00,2025-03-02 19:10:00,0.0,0.0,0.0,0.0,0.0,6.8,0.21,0,0,0,0,-10.135509347025954
2025-03-02 21:00:00,2025-03-02 20:10:00,0.0,0.0,0.0,0.0,0.0,5.8,0.3,0,0,0,0,-20.66656387416512
2025-03-02 22:00:00,2025-03-02 21:10:00,0.0,0.0,0.0,0.0,0.0,4.7,0.96,0,0,0,0,-30.79864920904821
2025-03-02 23:00:00,2025-03-02 22:10:00,0.0,0.0,0.0,0.0,0.0,4.1,0.63,0,0,0,0,-39.970884417748245
2025-03-03 00:00:00,2025-03-02 23:10:00,0.0,0.0,0.0,0.0,0.0,3.7,0.3,0,0,0,0,-47.320137868105114
2025-03-03 01:00:00,2025-03-03 00:10:00,0.0,0.0,0.0,0.0,0.0,2.7,0.35,0,0,0,0,-51.62344901055827
2025-03-03 02:00:00,2025-03-03 01:10:00,0.0,0.0,0.0,0.0,0.0,2.5,0.32,2,2,0,0,-51.761356068178124
2025-03-03 03:00:00,2025-03-03 02:10:00,0.0,0.0,0.0,0.0,0.0,1.2,0.85,5,5,0,0,-47.68973836577818
2025-03-03 04:00:00,2025-03-03 03:10:00,0.0,0.0,0.0,0.0,0.0,0.8,0.16,15,6,0,10,-40.48693302540239
2025-03-03 05:00:00,2025-03-03 04:10:00,0.0,0.0,0.0,0.0,0.0,0.4,0.21,8,7,0,1,-31.390400471144456
2025-03-03 06:00:00,2025-03-03 05:10:00,0.0,0.0,0.0,0.0,0.0,-0.2,0.43,27,9,0,20,-21.286024177433454
2025-03-03 07:00:00,2025-03-03 06:10:00,0.0,0.0,0.0,0.0,0.0,-0.9,0.86,32,10,0,24,-10.748084095287089
2025-03-03 08:00:00,2025-03-03 07:10:00,5959.22314453125,38.0,38.0,20.0,158.1,-0.1,0.92,13,7,0,7,-0.188371965474813
2025-03-03 09:00:00,2025-03-03 08:10:00,12078.9072265625,180.0,180.0,63.0,491.3,2.8,0.61,6,5,0,1,10.026955592996222
2025-03-03 10:00:00,2025-03-03 09:10:00,18339.40625,340.0,340.0,89.0,646.0,6.2,0.55,2,2,0,0,19.489015633749496
2025-03-03 11:00:00,2025-03-03 10:10:00,21645.15234375,493.0,493.0,88.0,799.0,9.4,0.4,0,0,0,0,27.671033842307946
2025-03-03 12:00:00,2025-03-03 11:10:00,22621.07421875,587.0,587.0,93.0,844.3,11.5,0.5,1,1,0,0,33.88398744687603
2025-03-03 13:00:00,2025-03-03 12:10:00,22770.37109375,627.0,627.0,95.0,861.0,13.0,1.01,0,0,0,0,37.34732497721434
2025-03-03 14:00:00,2025-03-03 13:10:00,21329.603515625,608.0,608.0,94.0,852.4,14.0,0.67,0,0,0,0,37.47763112687517
2025-03-03 15:00:00,2025-03-03 14:10:00,18899.107421875,534.0,534.0,90.0,820.0,14.5,0.81,0,0,0,0,34.25099092811264
2025-03-03 16:00:00,2025-03-03 15:10:00,13549.1005859375,410.0,410.0,80.0,754.2,14.6,0.95,0,0,0,0,28.220671039325314
2025-03-03 17:00:00,2025-03-03 16:10:00,6527.1005859375,252.0,252.0,66.0,623.7,13.9,0.65,0,0,0,0,20.166055497741354
2025-03-03 18:00:00,2025-03-03 17:10:00,235.1226348876953,89.0,89.0,37.0,354.2,11.6,0.47,0,0,0,0,10.788521460162913
2025-03-03 19:00:00,2025-03-03 18:10:00,221.37661743164062,2.0,2.0,2.0,0.0,9.2,0.45,0,0,0,0,0.6272709059354866
2025-03-03 20:00:00,2025-03-03 19:10:00,0.0,0.0,0.0,0.0,0.0,7.6,0.39,0,0,0,0,-9.900766279848376
2025-03-03 21:00:00,2025-03-03 20:10:00,0.0,0.0,0.0,0.0,0.0,6.7,0.36,0,0,0,0,-20.42647497915034
2025-03-03 22:00:00,2025-03-03 21:10:00,0.0,0.0,0.0,0.0,0.0,5.9,0.25,0,0,0,0,-30.541129998500022
2025-03-03 23:00:00,2025-03-03 22:10:00,0.0,0.0,0.0,0.0,0.0,4.9,0.29,0,0,0,0,-39.682543313687404
2025-03-04 00:00:00,2025-03-03 23:10:00,0.0,0.0,0.0,0.0,0.0,3.8,0.22,0,0,0,0,-46.989769295251484
2025-03-04 01:00:00,2025-03-04 00:10:00,0.0,0.0,0.0,0.0,0.0,2.8,0.5,53,0,0,53,-51.252997636943945
2025-03-04 02:00:00,2025-03-04 01:10:00,0.0,0.0,0.0,0.0,0.0,3.0,0.65,51,0,0,51,-51.37554246990379
2025-03-04 03:00:00,2025-03-04 02:10:00,0.0,0.0,0.0,0.0,0.0,2.4,1.13,93,0,0,93,-47.31860405839301
2025-03-04 04:00:00,2025-03-04 03:10:00,0.0,0.0,0.0,0.0,0.0,2.0,1.11,83,0,0,83,-40.14217881326143
2025-03-04 05:00:00,2025-03-04 04:10:00,0.0,0.0,0.0,0.0,0.0,1.9,0.69,81,0,0,81,-31.068261314865673
2025-03-04 06:00:00,2025-03-04 05:10:00,0.0,0.0,0.0,0.0,0.0,2.0,0.3,65,0,0,65,-20.977688908251036
2025-03-04 07:00:00,2025-03-04 06:10:00,0.0,0.0,0.0,0.0,0.0,1.9,0.38,35,0,0,35,-10.444446772209082
2025-03-04 08:00:00,2025-03-04 07:10:00,5417.85009765625,42.0,42.0,21.0,180.0,3.1,0.79,77,0,0,77,0.1189173581949438
2025-03-04 09:00:00,2025-03-04 08:10:00,10762.5712890625,186.0,186.0,67.0,488.3,5.3,0.57,85,0,0,85,10.345458264523257
2025-03-04 10:00:00,2025-03-04 09:10:00,16374.279296875,350.0,350.0,87.0,667.3,8.4,0.32,75,0,0,75,19.825223072341466
2025-03-04 11:00:00,2025-03-04 10:10:00,19537.79296875,487.0,487.0,101.0,753.3,10.9,0.14,75,0,0,75,28.028962398526534
2025-03-04 12:00:00,2025-03-04 11:10:00,20427.35546875,576.0,576.0,117.0,777.2,12.8,0.5,88,0,0,88,34.261938946323085
2025-03-04 13:00:00,2025-03-04 12:10:00,18985.578125,611.0,611.0,129.0,773.4,13.9,0.72,99,0,0,99,37.73404726695879
2025-03-04 14:00:00,2025-03-04 13:10:00,18223.71484375,599.0,599.0,113.0,799.2,14.7,0.76,100,0,0,100,37.85363396850022
2025-03-04 15:00:00,2025-03-04 14:10:00,15979.3134765625,527.0,527.0,104.0,774.2,15.1,0.74,99,0,0,99,34.598553044091396
2025-03-04 16:00:00,2025-03-04 15:10:00,12052.1396484375,403.0,403.0,95.0,696.5,15.1,0.63,100,0,0,100,28.532728245400712
2025-03-04 17:00:00,2025-03-04 16:10:00,4647.443359375,247.0,247.0,79.0,555.1,14.6,0.32,100,0,0,100,20.44550949914063
2025-03-04 18:00:00,2025-03-04 17:10:00,203.49952697753906,87.0,87.0,43.0,295.2,12.4,0.07,99,0,0,99,11.043269490490907
2025-03-04 19:00:00,2025-03-04 18:10:00,206.8667755126953,3.0,3.0,3.0,0.0,10.2,0.16,90,0,0,90,0.8668382557272959
2025-03-04 20:00:00,2025-03-04 19:10:00,0.0,0.0,0.0,0.0,0.0,9.1,0.16,85,0,0,85,-9.666307313165595
2025-03-04 21:00:00,2025-03-04 20:10:00,0.0,0.0,0.0,0.0,0.0,8.1,0.11,84,0,0,84,-20.18631127951698
2025-03-04 22:00:00,2025-03-04 21:10:00,0.0,0.0,0.0,0.0,0.0,7.2,0.18,94,0,0,94,-30.283109428239325
2025-03-04 23:00:00,2025-03-04 22:10:00,0.0,0.0,0.0,0.0,0.0,5.8,0.3,91,0,0,91,-39.39327496365185
2025-03-05 00:00:00,2025-03-04 23:10:00,0.0,0.0,0.0,0.0,0.0,4.4,0.5,93,0,0,93,-46.658160084708705
2025-03-05 01:00:00,2025-03-05 00:10:00,0.0,0.0,0.0,0.0,0.0,3.5,0.45,86,0,0,86,-50.881095412868
2025-03-05 02:00:00,2025-03-05 01:10:00,0.0,0.0,0.0,0.0,0.0,4.0,0.21,87,0,0,87,-50.9878333636571
2025-03-05 03:00:00,2025-03-05 02:10:00,0.0,0.0,0.0,0.0,0.0,3.2,0.32,8,0,0,8,-46.944884403687205
2025-03-05 04:00:00,2025-03-05 03:10:00,0.0,0.0,0.0,0.0,0.0,2.2,0.81,1,0,0,0,-39.794362266161805
2025-03-05 05:00:00,2025-03-05 04:10:00,0.0,0.0,0.0,0.0,0.0,1.7,0.6,20,0,0,20,-30.742921282563117
2025-03-05 06:00:00,2025-03-05 05:10:00,0.0,0.0,0.0,0.0,0.0,1.2,0.78,12,0,0,12,-20.66622774266783
2025-03-05 07:00:00,2025-03-05 06:10:00,0.0,0.0,0.0,0.0,0.0,1.0,0.6,26,0,0,26,-10.137854297185973
2025-03-05 08:00:00,2025-03-05 07:10:00,6618.109375,46.0,46.0,21.0,209.3,2.3,0.89,9,0,0,9,0.42896336872004526
2025-03-05 09:00:00,2025-03-05 08:10:00,13795.763671875,198.0,198.0,59.0,557.7,5.0,0.45,1,0,0,1,10.66653003184569
2025-03-05 10:00:00,2025-03-05 09:10:00,18814.880859375,363.0,363.0,77.0,715.6,8.2,0.35,5,0,0,5,20.16384639723185
2025-03-05 11:00:00,2025-03-05 10:10:00,21930.7734375,500.0,500.0,87.0,797.4,11.6,0.11,0,0,0,0,28.389188688274803
2025-03-05 12:00:00,2025-03-05 11:10:00,22724.486328125,593.0,593.0,94.0,837.3,14.1,0.0,0,0,0,0,34.64204074402818
2025-03-05 13:00:00,2025-03-05 12:10:00,23018.34375,632.0,632.0,96.0,852.9,15.6,0.05,0,0,0,0,38.12257710970572
2025-03-05 14:00:00,2025-03-05 13:10:00,21875.38671875,614.0,614.0,95.0,846.4,16.4,0.69,0,0,0,0,38.230781115275605
2025-03-05 15:00:00,2025-03-05 14:10:00,18908.712890625,538.0,538.0,90.0,812.7,16.7,0.87,0,0,0,0,34.946448285561964
2025-03-05 16:00:00,2025-03-05 15:10:00,13493.486328125,415.0,415.0,82.0,745.2,16.6,0.92,0,0,0,0,28.84447820074769
2025-03-05 17:00:00,2025-03-05 16:10:00,6469.06396484375,257.0,257.0,67.0,618.7,15.9,0.63,0,0,0,0,20.72432278103222
2025-03-05 18:00:00,2025-03-05 17:10:00,308.78350830078125,94.0,94.0,39.0,363.6,13.3,0.61,0,0,0,0,11.297312762324625
2025-03-05 19:00:00,2025-03-05 18:10:00,221.37661743164062,3.0,3.0,2.0,15.9,11.1,0.49,0,0,0,0,1.1058298331899774
2025-03-05 20:00:00,2025-03-05 19:10:00,0.0,0.0,0.0,0.0,0.0,9.7,0.25,0,0,0,0,-9.432159405862146
2025-03-05 21:00:00,2025-03-05 20:10:00,0.0,0.0,0.0,0.0,0.0,8.2,0.16,0,0,0,0,-19.946095603744503
2025-03-05 22:00:00,2025-03-05 21:10:00,0.0,0.0,0.0,0.0,0.0,6.8,0.27,0,0,0,0,-30.024613355734036
2025-03-05 23:00:00,2025-03-05 22:10:00,0.0,0.0,0.0,0.0,0.0,5.9,0.49,0,0,0,0,-39.10311747308099
2025-03-06 00:00:00,2025-03-05 23:10:00,0.0,0.0,0.0,0.0,0.0,5.1,0.85,0,0,0,0,-46.325370389854996
2025-03-06 01:00:00,2025-03-06 00:10:00,0.0,0.0,0.0,0.0,0.0,4.2,1.19,0,0,0,0,-50.50783111254183
2025-03-06 02:00:00,2025-03-06 01:10:00,0.0,0.0,0.0,0.0,0.0,4.4,1.25,0,0,0,0,-50.59835022609937
2025-03-06 03:00:00,2025-03-06 02:10:00,0.0,0.0,0.0,0.0,0.0,4.3,0.46,0,0,0,0,-46.56872560746465
2025-03-06 04:00:00,2025-03-06 03:10:00,0.0,0.0,0.0,0.0,0.0,3.8,0.45,0,0,0,0,-39.44363516992331
2025-03-06 05:00:00,2025-03-06 04:10:00,0.0,0.0,0.0,0.0,0.0,3.3,0.43,0,0,0,0,-30.414527612222177
2025-03-06 06:00:00,2025-03-06 05:10:00,0.0,0.0,0.0,0.0,0.0,3.0,0.36,0,0,0,0,-20.351782403844116
2025-03-06 07:00:00,2025-03-06 06:10:00,0.0,0.0,0.0,0.0,0.0,2.7,0.25,0,0,0,0,-9.828444848472849
2025-03-06 08:00:00,2025-03-06 07:10:00,6429.44580078125,48.0,48.0,24.0,196.3,3.6,0.25,0,0,0,0,0.7416294114432412
2025-03-06 09:00:00,2025-03-06 08:10:00,13251.3388671875,198.0,198.0,62.0,533.8,6.2,0.75,0,0,0,0,10.990034625515197
2025-03-06 10:00:00,2025-03-06 09:10:00,18812.4609375,362.0,362.0,81.0,693.5,9.5,0.58,0,0,0,0,20.504749988553336
2025-03-06 11:00:00,2025-03-06 10:10:00,20973.53515625,499.0,499.0,92.0,777.6,12.5,0.32,19,0,1,19,28.751579825275382
2025-03-06 12:00:00,2025-03-06 11:10:00,21756.830078125,583.0,583.0,113.0,781.6,14.2,0.41,40,0,0,40,35.02416581800508
2025-03-06 13:00:00,2025-03-06 12:10:00,20139.392578125,600.0,600.0,149.0,711.7,15.0,0.78,49,0,0,49,38.51279428219739
2025-03-06 14:00:00,2025-03-06 13:10:00,18401.287109375,592.0,592.0,139.0,732.7,15.4,0.85,89,0,0,89,38.60895772075236
2025-03-06 15:00:00,2025-03-06 14:10:00,16434.2109375,516.0,516.0,133.0,688.8,15.6,0.65,21,0,0,21,35.294570885088035
2025-03-06 16:00:00,2025-03-06 15:10:00,12171.80078125,400.0,400.0,112.0,637.9,15.4,0.63,47,0,0,47,29.155832103104107
2025-03-06 17:00:00,2025-03-06 16:10:00,5867.07421875,257.0,257.0,74.0,587.5,15.1,0.45,26,0,3,24,21.002427241910198
2025-03-06 18:00:00,2025-03-06 17:10:00,270.06878662109375,94.0,94.0,40.0,351.9,13.2,0.34,7,0,5,2,11.550602192945254
2025-03-06 19:00:00,2025-03-06 18:10:00,225.69967651367188,4.0,4.0,3.0,15.4,11.0,0.35,26,0,1,24,1.3442112540042648
2025-03-06 20:00:00,2025-03-06 19:10:00,0.0,0.0,0.0,0.0,0.0,9.5,0.49,90,0,0,90,-9.198347451688372
2025-03-06 21:00:00,2025-03-06 20:10:00,0.0,0.0,0.0,0.0,0.0,8.6,0.16,56,0,2,55,-19.70584924120652
2025-03-06 22:00:00,2025-03-06 21:10:00,0.0,0.0,0.0,0.0,0.0,7.7,0.16,99,0,3,99,-29.765666693782478
2025-03-06 23:00:00,2025-03-06 22:10:00,0.0,0.0,0.0,0.0,0.0,6.7,0.3,97,0,1,97,-38.81210855112531
2025-03-07 00:00:00,2025-03-06 23:10:00,0.0,0.0,0.0,0.0,0.0,5.5,0.36,36,0,4,33,-45.99146022426217
2025-03-07 01:00:00,2025-03-07 00:10:00,0.0,0.0,0.0,0.0,0.0,4.6,0.6,5,0,4,1,-50.13329316371977
2025-03-07 02:00:00,2025-03-07 01:10:00,0.0,0.0,0.0,0.0,0.0,4.9,1.0,89,0,84,31,-50.20721382912422
2025-03-07 03:00:00,2025-03-07 02:10:00,0.0,0.0,0.0,0.0,0.0,5.2,1.25,98,0,96,46,-46.19027349696306
2025-03-07 04:00:00,2025-03-07 03:10:00,0.0,0.0,0.0,0.0,0.0,5.4,1.08,99,0,90,94,-39.09014983858481
2025-03-07 05:00:00,2025-03-07 04:10:00,0.0,0.0,0.0,0.0,0.0,5.6,0.72,99,0,83,96,-30.083228761178518
2025-03-07 06:00:00,2025-03-07 05:10:00,0.0,0.0,0.0,0.0,0.0,5.2,0.65,100,0,100,66,-20.03449613823201
2025-03-07 07:00:00,2025-03-07 06:10:00,0.0,0.0,0.0,0.0,0.0,5.4,0.81,100,0,100,14,-9.516358175845255
2025-03-07 08:00:00,2025-03-07 07:10:00,2757.43701171875,21.0,21.0,19.0,16.0,6.1,1.1,100,0,100,0,1.0567773470276767
2025-03-07 09:00:00,2025-03-07 08:10:00,8064.5341796875,109.0,109.0,77.0,122.9,7.8,0.96,94,0,93,14,11.315834448435258
2025-03-07 10:00:00,2025-03-07 09:10:00,13138.2958984375,263.0,263.0,125.0,336.0,10.4,0.67,71,0,69,6,20.84779711018896
2025-03-07 11:00:00,2025-03-07 10:10:00,18807.515625,427.0,427.0,136.0,550.2,12.8,0.49,26,0,3,23,29.116002111595794
2025-03-07 12:00:00,2025-03-07 11:10:00,20622.791015625,591.0,591.0,114.0,786.3,14.5,0.25,70,0,1,70,35.40818680765395
2025-03-07 13:00:00,2025-03-07 12:10:00,19638.396484375,655.0,655.0,98.0,871.9,15.4,0.22,99,0,5,99,38.90457884799581
2025-03-07 14:00:00,2025-03-07 13:10:00,18787.703125,616.0,616.0,132.0,776.6,15.6,0.32,100,0,30,100,38.98804989791457
2025-03-07 15:00:00,2025-03-07 14:10:00,16279.0771484375,531.0,531.0,140.0,697.1,15.9,0.18,59,0,26,46,35.642816781309
2025-03-07 16:00:00,2025-03-07 15:10:00,13709.8857421875,436.0,436.0,85.0,769.7,15.8,0.21,5,0,2,3,29.466703528869555
2025-03-07 17:00:00,2025-03-07 16:10:00,6875.9794921875,275.0,275.0,67.0,658.5,15.4,0.4,1,0,1,0,21.27975750026838
2025-03-07 18:00:00,2025-03-07 17:10:00,330.58685302734375,104.0,104.0,41.0,404.8,13.2,0.54,0,0,0,0,11.803091404129166
2025-03-07 19:00:00,2025-03-07 18:10:00,221.37661743164062,5.0,5.0,4.0,14.9,11.1,0.43,0,0,0,0,1.5819505705925572
2025-03-07 20:00:00,2025-03-07 19:10:00,0.0,0.0,0.0,0.0,0.0,9.8,0.21,0,0,0,0,-8.964894336480793
2025-03-07 21:00:00,2025-03-07 20:10:00,0.0,0.0,0.0,0.0,0.0,8.9,0.07,0,0,0,0,-19.465592010707578
2025-03-07 22:00:00,2025-03-07 21:10:00,0.0,0.0,0.0,0.0,0.0,7.8,0.4,0,0,0,0,-29.506293482153026
2025-03-07 23:00:00,2025-03-07 22:10:00,0.0,0.0,0.0,0.0,0.0,6.4,0.92,1,0,1,0,-38.520285574412654
2025-03-08 00:00:00,2025-03-07 23:10:00,0.0,0.0,0.0,0.0,0.0,5.8,0.69,4,0,4,0,-45.65648950913037
2025-03-08 01:00:00,2025-03-08 00:10:00,0.0,0.0,0.0,0.0,0.0,5.0,1.0,0,0,0,0,-49.75756968215719
2025-03-08 02:00:00,2025-03-08 01:10:00,0.0,0.0,0.0,0.0,0.0,5.2,1.12,1,1,0,0,-49.81454425091445
2025-03-08 03:00:00,2025-03-08 02:10:00,0.0,0.0,0.0,0.0,0.0,4.4,0.96,1,1,0,0,-45.80967346624314
2025-03-08 04:00:00,2025-03-08 03:10:00,0.0,0.0,0.0,0.0,0.0,3.9,0.38,4,2,2,0,-38.73405900244364
2025-03-08 05:00:00,2025-03-08 04:10:00,0.0,0.0,0.0,0.0,0.0,3.6,0.16,5,3,1,1,-29.749174278248482
2025-03-08 06:00:00,2025-03-08 05:10:00,0.0,0.0,0.0,0.0,0.0,3.0,0.5,7,7,0,0,-19.71451359409197
2025-03-08 07:00:00,2025-03-08 06:10:00,0.0,0.0,0.0,0.0,0.0,2.7,0.4,9,9,0,0,-9.201735491975173
2025-03-08 08:00:00,2025-03-08 07:10:00,6355.48193359375,55.0,55.0,26.0,226.9,4.0,0.85,12,12,0,0,1.3742676459554968
2025-03-08 09:00:00,2025-03-08 08:10:00,13992.5078125,209.0,209.0,63.0,549.3,6.4,0.72,4,4,0,0,11.64379065558411
2025-03-08 10:00:00,2025-03-08 09:10:00,19126.46484375,374.0,374.0,81.0,704.0,9.9,0.46,0,0,0,0,21.192849973655647
2025-03-08 11:00:00,2025-03-08 10:10:00,22448.291015625,509.0,509.0,93.0,778.6,12.8,0.0,0,0,0,0,29.482321085861187
2025-03-08 12:00:00,2025-03-08 11:10:00,23431.85546875,602.0,602.0,99.0,821.9,14.4,0.43,0,0,0,0,35.79397605183132
2025-03-08 13:00:00,2025-03-08 12:10:00,23492.421875,641.0,641.0,102.0,837.0,15.4,0.66,5,0,0,5,39.29781119550141
2025-03-08 14:00:00,2025-03-08 13:10:00,21472.703125,622.0,622.0,100.0,831.0,15.9,0.54,44,0,0,44,39.367944762803766
2025-03-08 15:00:00,2025-03-08 14:10:00,17772.6875,542.0,542.0,108.0,767.3,16.0,0.51,60,0,0,60,35.99108366553961
2025-03-08 16:00:00,2025-03-08 15:10:00,11929.2509765625,413.0,413.0,107.0,664.4,16.0,0.63,67,0,0,67,29.777008467437998
2025-03-08 17:00:00,2025-03-08 16:10:00,5960.81103515625,264.0,264.0,76.0,587.1,15.5,0.66,22,0,0,22,21.556250902273582
2025-03-08 18:00:00,2025-03-08 17:10:00,266.2837219238281,102.0,102.0,44.0,367.6,13.6,0.72,100,0,0,100,12.054736700809805
2025-03-08 19:00:00,2025-03-08 18:10:00,226.20016479492188,5.0,5.0,4.0,14.5,11.6,0.55,43,0,1,43,1.819018226741971
2025-03-08 20:00:00,2025-03-08 19:10:00,0.0,0.0,0.0,0.0,0.0,10.1,0.58,5,0,1,4,-8.731821000865242
2025-03-08 21:00:00,2025-03-08 20:10:00,0.0,0.0,0.0,0.0,0.0,9.4,0.18,12,0,0,12,-19.225342333523248
2025-03-08 22:00:00,2025-03-08 21:10:00,0.0,0.0,0.0,0.0,0.0,8.2,0.36,0,0,0,0,-29.246516962490553
2025-03-08 23:00:00,2025-03-08 22:10:00,0.0,0.0,0.0,0.0,0.0,6.9,0.57,35,0,4,33,-38.227685652723984
2025-03-09 00:00:00,2025-03-08 23:10:00,0.0,0.0,0.0,0.0,0.0,6.3,0.25,16,0,16,0,-45.32051812157583
2025-03-09 01:00:00,2025-03-09 00:10:00,0.0,0.0,0.0,0.0,0.0,5.7,0.41,43,0,42,1,-49.380748506443936
2025-03-09 02:00:00,2025-03-09 01:10:00,0.0,0.0,0.0,0.0,0.0,5.8,0.45,80,0,54,57,-49.42046088863928
2025-03-09 03:00:00,2025-03-09 02:10:00,0.0,0.0,0.0,0.0,0.0,5.6,1.02,100,0,74,100,-45.427070426281055
2025-03-09 04:00:00,2025-03-09 03:10:00,0.0,0.0,0.0,0.0,0.0,5.8,0.85,100,0,97,93,-38.375515700869144
2025-03-09 05:00:00,2025-03-09 04:10:00,0.0,0.0,0.0,0.0,0.0,6.0,0.65,100,1,100,95,-29.412514678561465
2025-03-09 06:00:00,2025-03-09 05:10:00,0.0,0.0,0.0,0.0,0.0,6.2,0.7,100,5,100,100,-19.391980700887725
2025-03-09 07:00:00,2025-03-09 06:10:00,0.0,0.0,0.0,0.0,0.0,6.3,0.63,100,7,100,94,-8.88471936358268
2025-03-09 08:00:00,2025-03-09 07:10:00,1435.194580078125,16.0,16.0,16.0,0.0,6.8,0.63,100,3,100,99,1.6939594838012484
2025-03-09 09:00:00,2025-03-09 08:10:00,3196.754638671875,70.0,70.0,65.0,18.4,7.8,0.36,100,0,100,99,11.973763234653283
2025-03-09 10:00:00,2025-03-09 09:10:00,4656.92724609375,96.0,96.0,96.0,0.0,8.6,0.28,100,0,100,63,21.539769802650376
2025-03-09 11:00:00,2025-03-09 10:10:00,6084.2607421875,145.0,145.0,122.0,42.6,9.9,0.49,100,0,100,1,29.85040157144462
2025-03-09 12:00:00,2025-03-09 11:10:00,3758.9345703125,133.0,133.0,123.0,16.2,10.3,0.67,100,33,100,6,36.181405625965375
2025-03-09 13:00:00,2025-03-09 12:10:00,4147.39990234375,162.0,162.0,153.0,13.9,10.9,0.57,100,89,100,99,39.69237207426878
2025-03-09 14:00:00,2025-03-09 13:10:00,3168.800048828125,109.0,109.0,106.0,4.7,10.9,0.98,100,26,100,100,39.748530475794524
2025-03-09 15:00:00,2025-03-09 14:10:00,2304.573486328125,88.0,88.0,88.0,0.0,10.2,1.45,100,69,100,100,36.33927102493368
2025-03-09 16:00:00,2025-03-09 15:10:00,2122.19384765625,67.0,67.0,67.0,0.0,9.6,0.75,100,95,100,100,30.08666535051152
2025-03-09 17:00:00,2025-03-09 16:10:00,1330.48681640625,32.0,32.0,32.0,0.0,9.1,0.11,100,100,100,100,21.831847523269186
2025-03-09 18:00:00,2025-03-09 17:10:00,151.45111083984375,12.0,12.0,12.0,0.0,8.4,0.41,100,100,100,100,12.305497043298116
2025-03-09 19:00:00,2025-03-09 18:10:00,196.3772430419922,1.0,1.0,1.0,0.0,7.8,0.85,100,100,100,100,2.055387006164974
2025-03-09 20:00:00,2025-03-09 19:10:00,0.0,0.0,0.0,0.0,0.0,7.5,1.22,100,100,100,100,-8.499146508268312
2025-03-09 21:00:00,2025-03-09 20:10:00,0.0,0.0,0.0,0.0,0.0,7.4,1.16,100,100,100,96,-18.985117310732463
2025-03-09 22:00:00,2025-03-09 21:10:00,0.0,0.0,0.0,0.0,0.0,7.3,2.35,100,100,100,99,-28.986359656263193
2025-03-09 23:00:00,2025-03-09 22:10:00,0.0,0.0,0.0,0.0,0.0,7.3,3.45,100,100,100,99,-37.93434569636424
2025-03-10 00:00:00,2025-03-09 23:10:00,0.0,0.0,0.0,0.0,0.0,7.2,3.82,100,100,100,100,-44.98360594360117
2025-03-10 01:00:00,2025-03-10 00:10:00,0.0,0.0,0.0,0.0,0.0,6.9,3.33,100,100,100,100,-49.002917233071265
2025-03-10 02:00:00,2025-03-10 01:10:00,0.0,0.0,0.0,0.0,0.0,6.4,3.16,100,100,100,100,-49.02508247256114
2025-03-10 03:00:00,2025-03-10 02:10:00,0.0,0.0,0.0,0.0,0.0,6.3,3.7,100,100,100,100,-45.04260875947644
2025-03-10 04:00:00,2025-03-10 03:10:00,0.0,0.0,0.0,0.0,0.0,6.3,2.62,100,100,100,2,-38.01467317982284
2025-03-10 05:00:00,2025-03-10 04:10:00,0.0,0.0,0.0,0.0,0.0,6.2,2.04,100,100,100,90,-29.073401321211556
2025-03-10 06:00:00,2025-03-10 05:10:00,0.0,0.0,0.0,0.0,0.0,6.2,2.1,100,100,93,98,-19.06704454973113
2025-03-10 07:00:00,2025-03-10 06:10:00,0.0,0.0,0.0,0.0,0.0,6.1,2.04,100,100,26,100,-8.565453602519609
2025-03-10 08:00:00,2025-03-10 07:10:00,1985.1243896484375,22.0,22.0,22.0,0.0,6.2,1.83,100,47,1,100,2.0157108371625863
2025-03-10 09:00:00,2025-03-10 08:10:00,4951.54296875,89.0,89.0,74.0,54.2,7.2,1.26,68,55,0,29,12.305611087530478
2025-03-10 10:00:00,2025-03-10 09:10:00,11869.7880859375,231.0,231.0,161.0,163.8,8.8,1.37,21,21,0,0,21.888416898227543
2025-03-10 11:00:00,2025-03-10 10:10:00,17992.880859375,365.0,365.0,187.0,326.5,10.1,1.01,2,2,0,0,30.220107724622384
2025-03-10 12:00:00,2025-03-10 11:10:00,14918.2890625,358.0,358.0,210.0,237.7,10.9,0.7,2,1,0,1,36.570347378192736
2025-03-10 13:00:00,2025-03-10 12:10:00,12986.7177734375,424.0,424.0,247.0,270.5,11.8,0.91,33,24,0,12,40.088142629577376
2025-03-10 14:00:00,2025-03-10 13:10:00,7222.04296875,247.0,247.0,210.0,58.0,11.4,1.96,100,91,5,98,40.12969628046607
2025-03-10 15:00:00,2025-03-10 14:10:00,9296.7333984375,316.0,316.0,202.0,198.2,11.9,2.04,100,24,4,100,36.6872801821319
2025-03-10 16:00:00,2025-03-10 15:10:00,4858.04638671875,271.0,271.0,167.0,221.4,12.4,1.55,100,34,8,100,30.39559507631932
2025-03-10 17:00:00,2025-03-10 16:10:00,2661.68701171875,126.0,126.0,111.0,45.6,11.9,1.98,100,99,45,100,22.106490163098055
2025-03-10 18:00:00,2025-03-10 17:10:00,226.81314086914062,41.0,41.0,41.0,0.0,11.1,2.42,100,100,94,100,12.555334013136536
2025-03-10 19:00:00,2025-03-10 18:10:00,210.384521484375,2.0,2.0,2.0,0.0,9.9,2.53,100,100,95,100,2.291031975143336
2025-03-10 20:00:00,2025-03-10 19:10:00,0.0,0.0,0.0,0.0,0.0,9.1,2.2,100,100,100,100,-8.266888118041393
2025-03-10 21:00:00,2025-03-10 20:10:00,0.0,0.0,0.0,0.0,0.0,8.8,2.17,100,100,100,98,-18.744932804614727
2025-03-10 22:00:00,2025-03-10 21:10:00,0.0,0.0,0.0,0.0,0.0,8.4,1.36,100,100,99,100,-28.725843445506268
2025-03-10 23:00:00,2025-03-10 22:10:00,0.0,0.0,0.0,0.0,0.0,8.2,1.1,100,100,100,100,-37.64030248500319
2025-03-11 00:00:00,2025-03-10 23:10:00,0.0,0.0,0.0,0.0,0.0,8.1,1.24,100,100,100,100,-44.64581291157168
2025-03-11 01:00:00,2025-03-11 00:10:00,0.0,0.0,0.0,0.0,0.0,8.1,1.47,100,93,99,100,-48.62416325159116
2025-03-11 02:00:00,2025-03-11 01:10:00,0.0,0.0,0.0,0.0,0.0,7.9,1.61,100,100,65,93,-48.628527081331114
2025-03-11 03:00:00,2025-03-11 02:10:00,0.0,0.0,0.0,0.0,0.0,7.9,1.57,100,100,96,100,-44.65643227828809
2025-03-11 04:00:00,2025-03-11 03:10:00,0.0,0.0,0.0,0.0,0.0,7.9,1.63,100,100,15,98,-37.65168479399491
2025-03-11 05:00:00,2025-03-11 04:10:00,0.0,0.0,0.0,0.0,0.0,7.8,0.71,100,100,87,27,-28.73198628982271
2025-03-11 06:00:00,2025-03-11 05:10:00,0.0,0.0,0.0,0.0,0.0,7.6,0.49,100,100,99,19,-18.73985327503209
2025-03-11 07:00:00,2025-03-11 06:10:00,0.0,0.0,0.0,0.0,0.0,7.3,0.22,100,100,100,1,-8.244083156932419
2025-03-11 08:00:00,2025-03-11 07:10:00,2003.687744140625,17.0,17.0,16.0,7.3,7.9,0.11,100,100,100,4,2.339378580137261
2025-03-11 09:00:00,2025-03-11 08:10:00,2944.501220703125,66.0,66.0,64.0,7.1,8.6,0.18,100,100,98,0,12.639192112559678
2025-03-11 10:00:00,2025-03-11 09:10:00,8769.587890625,188.0,188.0,124.0,147.8,9.6,0.16,100,100,90,76,22.238650704580653
2025-03-11 11:00:00,2025-03-11 10:10:00,7557.85693359375,234.0,234.0,179.0,99.9,10.1,0.4,100,62,89,99,30.591303082686323
2025-03-11 12:00:00,2025-03-11 11:10:00,9433.751953125,370.0,370.0,234.0,216.6,11.3,0.54,100,21,36,100,36.96067296449575
2025-03-11 13:00:00,2025-03-11 12:10:00,7960.7646484375,267.0,267.0,241.0,39.4,11.4,0.7,100,84,95,100,40.48500443521805
2025-03-11 14:00:00,2025-03-11 13:10:00,6586.05078125,255.0,255.0,209.0,71.5,11.6,0.35,100,39,80,100,40.511332540017605
2025-03-11 15:00:00,2025-03-11 14:10:00,5726.298828125,252.0,252.0,214.0,65.5,11.8,0.46,100,24,82,100,37.035014331319864
2025-03-11 16:00:00,2025-03-11 15:10:00,2859.952392578125,120.0,120.0,101.0,40.1,11.2,0.51,100,27,93,100,30.703721028678086
2025-03-11 17:00:00,2025-03-11 16:10:00,2707.33837890625,158.0,158.0,122.0,108.0,11.1,0.86,100,41,91,93,22.380124335253416
2025-03-11 18:00:00,2025-03-11 17:10:00,211.5611572265625,64.0,64.0,48.0,96.0,10.1,1.29,100,30,100,91,12.804211772682251
2025-03-11 19:00:00,2025-03-11 18:10:00,214.94422912597656,5.0,5.0,5.0,0.0,9.1,1.18,100,41,100,100,2.525930419421014
2025-03-11 20:00:00,2025-03-11 19:10:00,0.0,0.0,0.0,0.0,0.0,9.1,1.5,100,100,100,100,-8.035061363483582
2025-03-11 21:00:00,2025-03-11 20:10:00,0.0,0.0,0.0,0.0,0.0,9.1,1.55,100,100,100,100,-18.504803523868237
2025-03-11 22:00:00,2025-03-11 21:10:00,0.0,0.0,0.0,0.0,0.0,8.8,1.75,100,100,100,100,-28.464989656109875
2025-03-11 23:00:00,2025-03-11 22:10:00,0.0,0.0,0.0,0.0,0.0,8.4,1.35,100,100,100,100,-37.345592737753975
2025-03-12 00:00:00,2025-03-11 23:10:00,0.0,0.0,0.0,0.0,0.0,8.1,2.16,100,100,100,100,-44.30719906601736
2025-03-12 01:00:00,2025-03-12 00:10:00,0.0,0.0,0.0,0.0,0.0,7.9,2.26,100,100,100,100,-48.244573779726124
2025-03-12 02:00:00,2025-03-12 01:10:00,0.0,0.0,0.0,0.0,0.0,8.4,1.35,100,100,100,100,-48.230912158260274
2025-03-12 03:00:00,2025-03-12 02:10:00,0.0,0.0,0.0,0.0,0.0,8.1,1.84,100,100,100,100,-44.26868418771126
2025-03-12 04:00:00,2025-03-12 03:10:00,0.0,0.0,0.0,0.0,0.0,8.0,2.12,100,11,90,100,-37.286703913450786
2025-03-12 05:00:00,2025-03-12 04:10:00,0.0,0.0,0.0,0.0,0.0,7.8,1.25,100,41,100,100,-28.388422276099256
2025-03-12 06:00:00,2025-03-12 05:10:00,0.0,0.0,0.0,0.0,0.0,7.4,1.1,100,51,11,99,-18.410555937491985
2025-03-12 07:00:00,2025-03-12 06:10:00,0.0,0.0,0.0,0.0,0.0,6.9,0.67,88,88,1,0,-7.920754002640237
2025-03-12 08:00:00,2025-03-12 07:10:00,2524.652587890625,31.0,31.0,28.0,21.5,7.8,0.95,100,100,9,70,2.664818581241564
2025-03-12 09:00:00,2025-03-12 08:10:00,5879.4189453125,119.0,119.0,83.0,124.9,8.7,0.52,100,100,21,100,12.974363287515166
2025-03-12 10:00:00,2025-03-12 09:10:00,6170.7197265625,170.0,170.0,140.0,68.4,8.9,1.35,100,100,2,100,22.590329875404738
2025-03-12 11:00:00,2025-03-12 10:10:00,8130.5390625,236.0,236.0,203.0,59.3,9.8,1.57,100,100,3,100,30.963850612009203
2025-03-12 12:00:00,2025-03-12 11:10:00,9565.5439453125,301.0,301.0,241.0,94.7,10.6,1.25,100,43,26,100,37.352253882823845
2025-03-12 13:00:00,2025-03-12 12:10:00,8275.7275390625,313.0,313.0,254.0,88.8,11.2,0.81,100,34,79,100,40.88283952445848
2025-03-12 14:00:00,2025-03-12 13:10:00,5606.673828125,208.0,208.0,197.0,17.0,11.2,1.87,100,60,71,100,40.89333077117818
2025-03-12 15:00:00,2025-03-12 14:10:00,5588.94775390625,182.0,182.0,182.0,0.0,11.3,1.89,100,14,75,100,37.38237857062778
2025-03-12 16:00:00,2025-03-12 15:10:00,5049.828125,263.0,263.0,186.0,160.9,11.9,1.63,100,35,8,100,31.01096909084288
2025-03-12 17:00:00,2025-03-12 16:10:00,4549.1298828125,197.0,197.0,120.0,228.1,11.9,1.53,91,67,25,71,22.652698249883915
2025-03-12 18:00:00,2025-03-12 17:10:00,270.4112548828125,62.0,62.0,50.0,70.3,11.1,0.82,91,52,41,80,13.052097018536704
2025-03-12 19:00:00,2025-03-12 18:10:00,228.177490234375,5.0,5.0,5.0,0.0,10.1,1.04,85,18,32,74,2.7600617755315997
2025-03-12 20:00:00,2025-03-12 19:10:00,0.0,0.0,0.0,0.0,0.0,9.2,1.46,89,40,74,44,-7.803680134532216
2025-03-12 21:00:00,2025-03-12 20:10:00,0.0,0.0,0.0,0.0,0.0,8.4,1.05,68,16,41,37,-18.264743112389592
2025-03-12 22:00:00,2025-03-12 21:10:00,0.0,0.0,0.0,0.0,0.0,7.8,0.65,98,0,45,96,-28.203819143384024
2025-03-12 23:00:00,2025-03-12 22:10:00,0.0,0.0,0.0,0.0,0.0,7.8,0.11,100,1,31,100,-37.05025318424945
2025-03-13 00:00:00,2025-03-12 23:10:00,0.0,0.0,0.0,0.0,0.0,7.2,0.3,2,1,1,0,-43.967824601577625
2025-03-13 01:00:00,2025-03-13 00:10:00,0.0,0.0,0.0,0.0,0.0,6.6,0.46,13,6,9,0,-47.864235898289124
2025-03-13 02:00:00,2025-03-13 01:10:00,0.0,0.0,0.0,0.0,0.0,8.4,0.78,21,4,9,10,-47.83235452836333
2025-03-13 03:00:00,2025-03-13 02:10:00,0.0,0.0,0.0,0.0,0.0,7.7,1.02,32,20,15,8,-43.879507051314896
2025-03-13 04:00:00,2025-03-13 03:10:00,0.0,0.0,0.0,0.0,0.0,6.4,1.08,77,75,19,3,-36.91988383466377
2025-03-13 05:00:00,2025-03-13 04:10:00,0.0,0.0,0.0,0.0,0.0,6.0,0.25,45,42,2,4,-28.042862466413897
2025-03-13 06:00:00,2025-03-13 05:10:00,0.0,0.0,0.0,0.0,0.0,4.9,0.4,25,24,1,1,-18.07930240856334
2025-03-13 07:00:00,2025-03-13 06:10:00,712.36962890625,1.0,1.0,1.0,0.0,4.1,0.59,93,92,3,0,-7.595613034853732
2025-03-13 08:00:00,2025-03-13 07:10:00,6806.64208984375,75.0,75.0,37.0,267.3,5.8,0.25,100,100,0,0,2.991885800672024
2025-03-13 09:00:00,2025-03-13 08:10:00,12651.8359375,240.0,240.0,78.0,550.9,8.0,0.65,98,98,1,0,13.310980753231625
2025-03-13 10:00:00,2025-03-13 09:10:00,19477.919921875,410.0,410.0,91.0,718.1,10.1,1.05,3,1,2,0,22.943312340821056
2025-03-13 11:00:00,2025-03-13 10:10:00,14577.02734375,445.0,445.0,165.0,498.4,11.8,1.01,64,60,11,0,31.337612756064253
2025-03-13 12:00:00,2025-03-13 11:10:00,18865.689453125,514.0,514.0,182.0,519.8,12.9,1.17,23,18,6,0,37.74496150618593
2025-03-13 13:00:00,2025-03-13 12:10:00,20709.03515625,625.0,625.0,129.0,740.5,14.1,1.27,49,37,18,6,41.28153041915392
2025-03-13 14:00:00,2025-03-13 13:10:00,15455.958984375,536.0,536.0,183.0,540.7,12.9,1.5,52,32,28,5,41.275583675565585
2025-03-13 15:00:00,2025-03-13 14:10:00,14755.904296875,472.0,472.0,157.0,534.6,14.2,1.3,33,2,24,9,37.729279930810705
2025-03-13 16:00:00,2025-03-13 15:10:00,9758.2822265625,324.0,324.0,122.0,418.1,13.1,2.48,26,2,13,15,31.317267654110438
2025-03-13 17:00:00,2025-03-13 16:10:00,5578.9423828125,268.0,268.0,82.0,544.2,12.3,1.9,76,11,20,67,22.92416279069853
2025-03-13 18:00:00,2025-03-13 17:10:00,429.26806640625,105.0,105.0,56.0,280.1,11.4,1.57,87,1,36,80,13.298958928957584
2025-03-13 19:00:00,2025-03-13 18:10:00,228.55642700195312,8.0,8.0,6.0,25.2,9.6,2.19,94,18,19,91,2.9934075567651584
2025-03-13 20:00:00,2025-03-13 19:10:00,0.0,0.0,0.0,0.0,0.0,8.2,3.73,57,5,10,50,-7.572756764872862
2025-03-13 21:00:00,2025-03-13 20:10:00,0.0,0.0,0.0,0.0,0.0,6.9,2.92,34,13,10,16,-18.024764241342506
2025-03-13 22:00:00,2025-03-13 21:10:00,0.0,0.0,0.0,0.0,0.0,6.5,2.35,96,12,20,94,-27.9423523796245
2025-03-13 23:00:00,2025-03-13 22:10:00,0.0,0.0,0.0,0.0,0.0,6.3,2.27,100,30,46,100,-36.75432063647091
2025-03-14 00:00:00,2025-03-13 23:10:00,0.0,0.0,0.0,0.0,0.0,6.4,2.3,100,1,24,100,-43.62774991690329
2025-03-14 01:00:00,2025-03-14 00:10:00,0.0,0.0,0.0,0.0,0.0,6.1,0.41,100,11,90,100,-47.48323658577425
2025-03-14 02:00:00,2025-03-14 01:10:00,0.0,0.0,0.0,0.0,0.0,7.9,0.97,100,28,100,100,-47.432970415980535
2025-03-14 03:00:00,2025-03-14 02:10:00,0.0,0.0,0.0,0.0,0.0,7.9,1.05,100,11,97,100,-43.48904276056148
2025-03-14 04:00:00,2025-03-14 03:10:00,0.0,0.0,0.0,0.0,0.0,7.8,1.71,100,57,100,100,-36.55137769579745
2025-03-14 05:00:00,2025-03-14 04:10:00,0.0,0.0,0.0,0.0,0.0,7.8,2.71,100,100,100,100,-27.695460431465264
2025-03-14 06:00:00,2025-03-14 05:10:00,0.0,0.0,0.0,0.0,0.0,7.8,2.64,100,100,100,100,-17.746243256483396
2025-03-14 07:00:00,2025-03-14 06:10:00,0.0,0.0,0.0,0.0,0.0,7.4,2.51,100,99,100,100,-7.268807960350836
2025-03-14 08:00:00,2025-03-14 07:10:00,1561.3658447265625,21.0,21.0,21.0,0.0,7.4,2.45,100,100,100,100,3.3204343878185134
2025-03-14 09:00:00,2025-03-14 08:10:00,2689.62890625,70.0,70.0,68.0,6.7,7.7,1.9,100,100,100,97,13.648899897836237
2025-03-14 10:00:00,2025-03-14 09:10:00,8006.07421875,157.0,157.0,150.0,15.6,8.8,1.32,82,58,13,49,23.29745537484912
2025-03-14 11:00:00,2025-03-14 10:10:00,11091.595703125,380.0,380.0,200.0,317.3,10.6,1.7,100,60,99,100,31.712451483405175
2025-03-14 12:00:00,2025-03-14 11:10:00,11650.5283203125,375.0,375.0,248.0,197.2,11.4,1.66,94,90,29,23,38.138667114705925
2025-03-14 13:00:00,2025-03-14 12:10:00,14417.7744140625,485.0,485.0,190.0,437.1,11.9,1.76,99,46,94,81,41.68096015697249
2025-03-14 14:00:00,2025-03-14 13:10:00,11928.375,444.0,444.0,200.0,370.9,12.5,1.48,100,29,90,100,41.65798516845297
2025-03-14 15:00:00,2025-03-14 14:10:00,7641.140625,327.0,327.0,250.0,129.7,12.6,1.95,100,32,85,100,38.07562740015474
2025-03-14 16:00:00,2025-03-14 15:10:00,4565.6904296875,284.0,284.0,216.0,139.5,12.4,2.3,100,34,88,100,31.62254762115121
2025-03-14 17:00:00,2025-03-14 16:10:00,1900.742919921875,92.0,92.0,79.0,37.6,10.9,1.39,100,83,100,100,23.194471485835937
2025-03-14 18:00:00,2025-03-14 17:10:00,224.72647094726562,12.0,12.0,12.0,0.0,9.9,0.91,100,95,100,100,13.544769105410744
2025-03-14 19:00:00,2025-03-14 18:10:00,208.8740234375,2.0,2.0,2.0,0.0,9.4,1.5,100,100,100,100,3.2259512739973406
2025-03-14 20:00:00,2025-03-14 19:10:00,0.0,0.0,0.0,0.0,0.0,9.2,1.36,100,100,100,100,-7.342302123204365
2025-03-14 21:00:00,2025-03-14 20:10:00,0.0,0.0,0.0,0.0,0.0,9.0,1.32,100,100,100,100,-17.784878704229474
2025-03-14 22:00:00,2025-03-14 21:10:00,0.0,0.0,0.0,0.0,0.0,8.7,1.35,100,100,100,96,-27.680609543395526
2025-03-14 23:00:00,2025-03-14 22:10:00,0.0,0.0,0.0,0.0,0.0,8.6,1.0,100,100,100,99,-36.4578320610797
2025-03-15 00:00:00,2025-03-14 23:10:00,0.0,0.0,0.0,0.0,0.0,8.4,0.85,100,100,100,100,-43.28703566432969
2025-03-15 01:00:00,2025-03-15 00:10:00,0.0,0.0,0.0,0.0,0.0,8.4,1.06,100,100,100,98,-47.10166275248151
2025-03-15 02:00:00,2025-03-15 01:10:00,0.0,0.0,0.0,0.0,0.0,8.3,0.97,100,100,58,2,-47.03287546279184
2025-03-15 03:00:00,2025-03-15 02:10:00,0.0,0.0,0.0,0.0,0.0,8.3,0.15,100,100,100,44,-43.09743250713819
2025-03-15 04:00:00,2025-03-15 03:10:00,0.0,0.0,0.0,0.0,0.0,8.1,0.66,100,100,99,5,-36.18133839608965
2025-03-15 05:00:00,2025-03-15 04:10:00,0.0,0.0,0.0,0.0,0.0,8.1,0.6,100,100,47,22,-27.346370019020227
2025-03-15 06:00:00,2025-03-15 05:10:00,0.0,0.0,0.0,0.0,0.0,8.1,0.35,100,100,15,19,-17.411529633973988
2025-03-15 07:00:00,2025-03-15 06:10:00,650.7459716796875,1.0,1.0,1.0,0.0,7.9,0.82,100,100,48,10,-6.940487190214515
2025-03-15 08:00:00,2025-03-15 07:10:00,1705.891845703125,19.0,19.0,19.0,0.0,8.1,1.2,100,100,95,85,3.6503177789437524
2025-03-15 09:00:00,2025-03-15 08:10:00,3004.860107421875,71.0,71.0,64.0,22.9,8.8,0.25,100,100,87,82,13.987975441533637
2025-03-15 10:00:00,2025-03-15 09:10:00,3820.88916015625,105.0,105.0,101.0,8.8,9.3,0.93,100,100,82,79,23.652615663416558
2025-03-15 11:00:00,2025-03-15 10:10:00,6416.03076171875,202.0,202.0,181.0,36.7,10.1,1.45,100,100,98,100,32.0882283356179
2025-03-15 12:00:00,2025-03-15 11:10:00,7852.22509765625,259.0,259.0,232.0,41.6,10.9,1.86,100,84,100,88,38.53324192663816
2025-03-15 13:00:00,2025-03-15 12:10:00,4603.94677734375,175.0,175.0,166.0,13.2,10.6,1.69,100,100,100,98,42.08101231670838
2025-03-15 14:00:00,2025-03-15 13:10:00,7724.1826171875,351.0,351.0,251.0,150.9,11.2,2.51,100,96,99,73,42.04043040490522
2025-03-15 15:00:00,2025-03-15 14:10:00,2821.010986328125,141.0,141.0,133.0,13.4,10.9,2.4,100,100,93,59,38.421331945562024
2025-03-15 16:00:00,2025-03-15 15:10:00,2665.437744140625,114.0,114.0,108.0,12.2,10.4,2.95,100,100,100,74,31.926742404059695
2025-03-15 17:00:00,2025-03-15 16:10:00,2139.392822265625,90.0,90.0,88.0,5.7,9.9,3.13,100,97,98,74,23.463580472781896
2025-03-15 18:00:00,2025-03-15 17:10:00,298.223388671875,25.0,25.0,25.0,0.0,9.5,2.33,100,100,100,98,13.789501508438185
2025-03-15 19:00:00,2025-03-15 18:10:00,218.15032958984375,1.0,1.0,1.0,0.0,9.1,1.27,100,100,100,72,3.4576783516216607
2025-03-15 20:00:00,2025-03-15 19:10:00,0.0,0.0,0.0,0.0,0.0,8.9,1.14,100,100,100,35,-7.112325708380197
2025-03-15 21:00:00,2025-03-15 20:10:00,0.0,0.0,0.0,0.0,0.0,8.7,1.77,100,100,100,18,-17.545097514669248
2025-03-15 22:00:00,2025-03-15 21:10:00,0.0,0.0,0.0,0.0,0.0,8.6,1.65,100,100,100,29,-27.41861061023608
2025-03-15 23:00:00,2025-03-15 22:10:00,0.0,0.0,0.0,0.0,0.0,8.3,1.08,100,100,100,0,-36.1608246519993
2025-03-16 00:00:00,2025-03-15 23:10:00,0.0,0.0,0.0,0.0,0.0,8.1,1.99,100,100,100,0,-42.94574279913526
2025-03-16 01:00:00,2025-03-16 00:10:00,0.0,0.0,0.0,0.0,0.0,7.9,1.19,100,100,100,0,-46.71960127403977
2025-03-16 02:00:00,2025-03-16 01:10:00,0.0,0.0,0.0,0.0,0.0,8.2,1.85,89,61,73,0,-46.63218474604687
2025-03-16 03:00:00,2025-03-16 02:10:00,0.0,0.0,0.0,0.0,0.0,7.9,0.25,99,99,59,0,-42.704816758036024
2025-03-16 04:00:00,2025-03-16 03:10:00,0.0,0.0,0.0,0.0,0.0,7.8,1.25,100,100,46,0,-35.80991851918023
2025-03-16 05:00:00,2025-03-16 04:10:00,0.0,0.0,0.0,0.0,0.0,7.9,2.31,100,99,54,0,-26.99574524973921
2025-03-16 06:00:00,2025-03-16 05:10:00,0.0,0.0,0.0,0.0,0.0,7.8,3.15,100,100,56,0,-17.075313167686588
2025-03-16 07:00:00,2025-03-16 06:10:00,679.5789184570312,1.0,1.0,1.0,0.0,7.6,3.3,100,100,70,0,-6.610799733228385
2025-03-16 08:00:00,2025-03-16 07:10:00,2798.253173828125,31.0,31.0,27.0,26.5,7.3,3.12,100,100,95,0,3.981388794950139
2025-03-16 09:00:00,2025-03-16 08:10:00,3551.6337890625,95.0,95.0,78.0,54.6,7.6,3.66,100,100,56,0,14.328061521899372
2025-03-16 10:00:00,2025-03-16 09:10:00,5257.61279296875,122.0,122.0,122.0,0.0,8.2,3.63,90,88,18,0,24.00864937290123
2025-03-16 11:00:00,2025-03-16 10:10:00,14470.662109375,325.0,325.0,200.0,216.1,10.0,2.72,23,14,21,0,32.46480447526151
2025-03-16 12:00:00,2025-03-16 11:10:00,19712.517578125,517.0,517.0,154.0,554.5,11.5,2.26,14,7,9,0,38.92855712834451
2025-03-16 13:00:00,2025-03-16 12:10:00,20897.767578125,584.0,584.0,148.0,636.4,12.6,1.53,23,11,16,0,42.48157104165931
2025-03-16 14:00:00,2025-03-16 13:10:00,19804.830078125,644.0,644.0,117.0,789.5,13.2,1.38,41,39,5,0,42.42281580325265
2025-03-16 15:00:00,2025-03-16 14:10:00,14938.24609375,553.0,553.0,135.0,693.0,13.8,1.48,56,9,56,0,38.76630652977573
2025-03-16 16:00:00,2025-03-16 15:10:00,11287.1845703125,433.0,433.0,111.0,648.7,13.5,1.79,80,37,80,0,32.229787917128164
2025-03-16 17:00:00,2025-03-16 16:10:00,6232.705078125,272.0,272.0,90.0,513.4,12.3,2.1,15,0,15,0,23.731448457437477
2025-03-16 18:00:00,2025-03-16 17:10:00,581.306640625,113.0,113.0,51.0,331.1,10.9,1.44,10,3,9,0,14.033132388037453
2025-03-16 19:00:00,2025-03-16 18:10:00,225.73777770996094,10.0,10.0,8.0,23.4,9.2,0.47,38,0,38,0,3.688576038841753
2025-03-16 20:00:00,2025-03-16 19:10:00,0.0,0.0,0.0,0.0,0.0,8.8,0.3,17,2,17,0,-6.8828357481337425
2025-03-16 21:00:00,2025-03-16 20:10:00,0.0,0.0,0.0,0.0,0.0,7.6,0.83,65,0,65,0,-17.30543100657234
2025-03-16 22:00:00,2025-03-16 21:10:00,0.0,0.0,0.0,0.0,0.0,6.4,0.7,2,0,2,0,-27.156375444491378
2025-03-16 23:00:00,2025-03-16 22:10:00,0.0,0.0,0.0,0.0,0.0,6.2,0.07,0,0,0,0,-35.86333590299376
2025-03-17 00:00:00,2025-03-16 23:10:00,0.0,0.0,0.0,0.0,0.0,5.1,0.85,0,0,0,0,-42.60393262820069
2025-03-17 01:00:00,2025-03-17 00:10:00,0.0,0.0,0.0,0.0,0.0,4.6,0.47,0,0,0,0,-46.33713902419753
2025-03-17 02:00:00,2025-03-17 01:10:00,0.0,0.0,0.0,0.0,0.0,5.8,0.36,0,0,0,0,-46.23101279684297
2025-03-17 03:00:00,2025-03-17 02:10:00,0.0,0.0,0.0,0.0,0.0,5.2,0.39,0,0,0,0,-42.31133523312036
2025-03-17 04:00:00,2025-03-17 03:10:00,0.0,0.0,0.0,0.0,0.0,4.6,0.36,0,0,0,0,-35.43727026021777
2025-03-17 05:00:00,2025-03-17 04:10:00,0.0,0.0,0.0,0.0,0.0,4.1,0.22,0,0,0,0,-26.64374021606854
2025-03-17 06:00:00,2025-03-17 05:10:00,0.0,0.0,0.0,0.0,0.0,3.5,0.15,0,0,0,0,-16.73774584945789
2025-03-17 07:00:00,2025-03-17 06:10:00,1067.9283447265625,3.0,3.0,2.0,15.8,3.2,0.36,0,0,0,0,-6.279895090016462
2025-03-17 08:00:00,2025-03-17 07:10:00,7885.6064453125,94.0,94.0,41.0,344.3,4.6,1.12,0,0,0,0,4.313499739161523
2025-03-17 09:00:00,2025-03-17 08:10:00,15360.208984375,262.0,262.0,73.0,596.0,7.2,0.56,0,0,0,0,14.66901177964204
2025-03-17 10:00:00,2025-03-17 09:10:00,19692.595703125,431.0,431.0,90.0,730.4,10.1,0.29,0,0,0,0,24.36541221920495
2025-03-17 11:00:00,2025-03-17 10:10:00,22844.029296875,569.0,569.0,100.0,803.3,12.3,0.4,0,0,0,0,32.84204073382129
2025-03-17 12:00:00,2025-03-17 11:10:00,24424.66796875,660.0,660.0,105.0,840.9,13.7,0.81,0,0,0,0,39.32448390324097
2025-03-17 13:00:00,2025-03-17 12:10:00,24564.76953125,696.0,696.0,107.0,853.4,14.8,0.79,0,0,0,0,42.88252106104982
2025-03-17 14:00:00,2025-03-17 13:10:00,22917.853515625,674.0,674.0,106.0,844.8,15.4,0.74,0,0,0,0,42.805039065873125
2025-03-17 15:00:00,2025-03-17 14:10:00,19015.955078125,597.0,597.0,99.0,819.4,15.6,0.78,0,0,0,0,39.11046612471427
2025-03-17 16:00:00,2025-03-17 15:10:00,13877.16015625,474.0,474.0,88.0,770.8,15.7,0.7,0,0,0,0,32.53162256436322
2025-03-17 17:00:00,2025-03-17 16:10:00,6916.3681640625,310.0,310.0,76.0,652.3,15.4,0.71,0,0,0,0,23.998036667459466
2025-03-17 18:00:00,2025-03-17 17:10:00,710.0796508789062,135.0,135.0,51.0,439.0,14.1,0.25,0,0,0,0,14.275640208766255
2025-03-17 19:00:00,2025-03-17 18:10:00,229.30958557128906,14.0,14.0,9.0,57.2,11.4,0.71,0,0,0,0,3.9186333165965346
2025-03-17 20:00:00,2025-03-17 19:10:00,0.0,0.0,0.0,0.0,0.0,9.8,1.18,0,0,0,0,-6.6538393010825985
2025-03-17 21:00:00,2025-03-17 20:10:00,0.0,0.0,0.0,0.0,0.0,8.4,0.72,0,0,0,0,-17.065888936398434
2025-03-17 22:00:00,2025-03-17 21:10:00,0.0,0.0,0.0,0.0,0.0,7.2,0.84,13,12,2,0,-26.89392389196694
2025-03-17 23:00:00,2025-03-17 22:10:00,0.0,0.0,0.0,0.0,0.0,6.8,1.12,100,58,100,0,-35.565403679987675
2025-03-18 00:00:00,2025-03-17 23:10:00,0.0,0.0,0.0,0.0,0.0,7.5,3.4,100,78,100,0,-42.26166685788632
2025-03-18 01:00:00,2025-03-18 00:10:00,0.0,0.0,0.0,0.0,0.0,7.3,3.77,88,75,65,0,-45.954362906752486
2025-03-18 02:00:00,2025-03-18 01:10:00,0.0,0.0,0.0,0.0,0.0,7.8,2.95,99,76,97,0,-45.82947361829253
2025-03-18 03:00:00,2025-03-18 02:10:00,0.0,0.0,0.0,0.0,0.0,7.9,3.3,100,93,100,0,-41.91712688494578
2025-03-18 04:00:00,2025-03-18 03:10:00,0.0,0.0,0.0,0.0,0.0,7.8,4.07,100,100,100,0,-35.063545356574764
2025-03-18 05:00:00,2025-03-18 04:10:00,0.0,0.0,0.0,0.0,0.0,7.2,4.68,100,100,100,0,-26.290508984170376
2025-03-18 06:00:00,2025-03-18 05:10:00,0.0,0.0,0.0,0.0,0.0,6.8,4.81,100,100,100,0,-16.398979929428933
2025-03-18 07:00:00,2025-03-18 06:10:00,737.403564453125,1.0,1.0,1.0,0.0,6.6,4.7,99,94,97,0,-5.947923148004025
2025-03-18 08:00:00,2025-03-18 07:10:00,2115.564697265625,18.0,18.0,18.0,0.0,6.4,4.25,97,79,93,0,4.6465024950534906
2025-03-18 09:00:00,2025-03-18 08:10:00,3864.2880859375,50.0,50.0,50.0,0.0,6.4,4.26,98,51,96,0,15.010679444798177
2025-03-18 10:00:00,2025-03-18 09:10:00,7358.4111328125,153.0,153.0,97.0,118.5,6.9,4.07,94,27,92,0,24.722759537362762
2025-03-18 11:00:00,2025-03-18 10:10:00,10129.3701171875,262.0,262.0,139.0,208.7,7.7,3.62,80,36,69,0,33.21979765970267
2025-03-18 12:00:00,2025-03-18 11:10:00,12171.669921875,328.0,328.0,180.0,222.5,8.4,2.9,77,65,39,0,39.72089345972695
2025-03-18 13:00:00,2025-03-18 12:10:00,10100.0703125,335.0,335.0,197.0,198.5,8.9,2.35,94,94,6,0,43.28374770948531
2025-03-18 14:00:00,2025-03-18 13:10:00,11082.8330078125,361.0,361.0,223.0,203.8,8.6,2.07,22,22,1,0,43.18699919726012
2025-03-18 15:00:00,2025-03-18 14:10:00,9614.9609375,353.0,353.0,158.0,318.5,8.9,0.85,31,30,17,0,39.453727720892736
2025-03-18 16:00:00,2025-03-18 15:10:00,6697.654296875,178.0,178.0,147.0,61.4,8.9,0.36,69,67,54,0,32.83218722178033
2025-03-18 17:00:00,2025-03-18 16:10:00,3214.746337890625,116.0,116.0,116.0,0.0,8.8,1.03,100,100,73,0,24.26330880001392
2025-03-18 18:00:00,2025-03-18 17:10:00,362.5962219238281,55.0,55.0,49.0,30.7,8.3,1.06,100,100,49,0,14.51700556980365
2025-03-18 19:00:00,2025-03-18 18:10:00,217.43563842773438,6.0,6.0,6.0,0.0,7.6,0.75,82,80,56,0,4.147840800406081
2025-03-18 20:00:00,2025-03-18 19:10:00,0.0,0.0,0.0,0.0,0.0,7.2,1.2,100,100,59,0,-6.425342361695285
2025-03-18 21:00:00,2025-03-18 20:10:00,0.0,0.0,0.0,0.0,0.0,6.8,1.32,100,100,40,0,-16.82648058717156
2025-03-18 22:00:00,2025-03-18 21:10:00,0.0,0.0,0.0,0.0,0.0,6.7,1.11,100,100,1,0,-26.63127587309796
2025-03-18 23:00:00,2025-03-18 22:10:00,0.0,0.0,0.0,0.0,0.0,5.9,1.03,34,34,3,0,-35.26706629287445
2025-03-19 00:00:00,2025-03-18 23:10:00,0.0,0.0,0.0,0.0,0.0,5.1,0.87,0,0,0,0,-41.91900764094793
2025-03-19 01:00:00,2025-03-19 00:10:00,0.0,0.0,0.0,0.0,0.0,4.3,1.04,0,0,0,0,-45.57135988649593
2025-03-19 02:00:00,2025-03-19 01:10:00,0.0,0.0,0.0,0.0,0.0,3.2,0.97,15,15,0,0,-45.427680703429374
2025-03-19 03:00:00,2025-03-19 02:10:00,0.0,0.0,0.0,0.0,0.0,2.8,0.81,21,21,0,0,-41.52232988057734
2025-03-19 04:00:00,2025-03-19 03:10:00,0.0,0.0,0.0,0.0,0.0,2.8,0.36,27,27,0,0,-34.688895021996196
2025-03-19 05:00:00,2025-03-19 04:10:00,0.0,0.0,0.0,0.0,0.0,2.7,0.1,2,2,0,0,-25.93620549884878
2025-03-19 06:00:00,2025-03-19 05:10:00,0.0,0.0,0.0,0.0,0.0,2.5,0.05,0,0,0,0,-16.059167811069035
2025-03-19 07:00:00,2025-03-19 06:10:00,1203.3116455078125,5.0,5.0,4.0,14.5,2.3,0.1,0,0,0,0,-5.615034077268448
2025-03-19 08:00:00,2025-03-19 07:10:00,7630.443359375,94.0,94.0,49.0,281.5,3.6,0.56,0,0,0,0,4.980248623871433
2025-03-19 09:00:00,2025-03-19 08:10:00,13113.6357421875,259.0,259.0,92.0,508.1,5.7,0.43,0,0,0,0,15.352917423328757
2025-03-19 10:00:00,2025-03-19 09:10:00,19241.556640625,429.0,429.0,111.0,665.0,7.2,0.18,3,3,0,0,25.080546351696107
2025-03-19 11:00:00,2025-03-19 10:10:00,22681.60546875,579.0,579.0,111.0,786.8,8.6,0.57,3,3,0,0,33.59793556630113
2025-03-19 12:00:00,2025-03-19 11:10:00,24552.095703125,677.0,677.0,110.0,845.6,9.7,0.46,0,0,0,0,40.117657058117324
2025-03-19 13:00:00,2025-03-19 12:10:00,25007.623046875,717.0,717.0,111.0,865.5,10.6,0.32,0,0,0,0,43.68513694442699
2025-03-19 14:00:00,2025-03-19 13:10:00,22287.662109375,682.0,682.0,120.0,824.2,11.2,0.32,2,2,0,0,43.56859651935834
2025-03-19 15:00:00,2025-03-19 14:10:00,19378.517578125,610.0,610.0,109.0,812.2,11.6,0.35,0,0,0,0,39.79601033291896
2025-03-19 16:00:00,2025-03-19 15:10:00,14233.451171875,484.0,484.0,94.0,765.6,11.7,0.67,0,0,0,0,33.13142521452655
2025-03-19 17:00:00,2025-03-19 16:10:00,7374.23779296875,319.0,319.0,79.0,653.9,11.4,0.78,0,0,0,0,24.527230964100855
2025-03-19 18:00:00,2025-03-19 17:10:00,994.4358520507812,143.0,143.0,54.0,446.3,10.4,0.76,0,0,0,0,14.757211120215846
2025-03-19 19:00:00,2025-03-19 18:10:00,228.24940490722656,16.0,16.0,10.0,65.7,8.4,0.97,0,0,0,0,4.376190639438922
2025-03-19 20:00:00,2025-03-19 19:10:00,0.0,0.0,0.0,0.0,0.0,7.3,0.47,0,0,0,0,-6.197349967895062
2025-03-19 21:00:00,2025-03-19 20:10:00,0.0,0.0,0.0,0.0,0.0,6.0,0.93,0,0,0,0,-16.587214873922868
2025-03-19 22:00:00,2025-03-19 21:10:00,0.0,0.0,0.0,0.0,0.0,5.4,0.63,0,0,0,0,-26.36845147632658
2025-03-19 23:00:00,2025-03-19 22:10:00,0.0,0.0,0.0,0.0,0.0,5.2,0.27,0,0,0,0,-34.96836256656131
2025-03-20 00:00:00,2025-03-19 23:10:00,0.0,0.0,0.0,0.0,0.0,4.3,0.57,0,0,0,0,-41.576017622315376
2025-03-20 01:00:00,2025-03-20 00:10:00,0.0,0.0,0.0,0.0,0.0,3.4,0.69,5,0,0,5,-45.188217019052196
2025-03-20 02:00:00,2025-03-20 01:10:00,0.0,0.0,0.0,0.0,0.0,4.0,0.83,0,0,0,0,-45.02574705271278
2025-03-20 03:00:00,2025-03-20 02:10:00,0.0,0.0,0.0,0.0,0.0,3.6,0.92,4,1,0,3,-41.1270815851899
2025-03-20 04:00:00,2025-03-20 03:10:00,0.0,0.0,0.0,0.0,0.0,3.2,0.41,21,3,0,19,-34.313469884005
2025-03-20 05:00:00,2025-03-20 04:10:00,0.0,0.0,0.0,0.0,0.0,2.7,0.25,8,3,0,5,-25.580983491419826
2025-03-20 06:00:00,2025-03-20 05:10:00,0.0,0.0,0.0,0.0,0.0,2.2,0.28,3,3,0,0,-15.71846194813527
2025-03-20 07:00:00,2025-03-20 06:10:00,1202.185546875,6.0,6.0,5.0,13.9,2.0,0.35,4,4,0,0,-5.281378227340012
2025-03-20 08:00:00,2025-03-20 07:10:00,7905.03857421875,108.0,108.0,45.0,387.0,3.7,0.46,4,4,0,0,5.314589462080937
2025-03-20 09:00:00,2025-03-20 08:10:00,15302.7666015625,283.0,283.0,74.0,625.0,6.3,0.5,1,1,0,0,15.695578384089952
2025-03-20 10:00:00,2025-03-20 09:10:00,20076.4140625,453.0,453.0,87.0,756.5,8.9,0.22,0,0,0,0,25.438627446522244
2025-03-20 11:00:00,2025-03-20 10:10:00,23016.16015625,582.0,582.0,102.0,799.7,10.4,0.34,0,0,0,0,33.9763145801893
2025-03-20 12:00:00,2025-03-20 11:10:00,24352.455078125,671.0,671.0,106.0,836.2,11.6,0.46,0,0,0,0,40.514646036602784
2025-03-20 13:00:00,2025-03-20 12:10:00,24918.974609375,706.0,706.0,108.0,848.0,12.4,0.47,1,0,1,0,44.086575361682804
2025-03-20 14:00:00,2025-03-20 13:10:00,23044.30078125,685.0,685.0,104.0,846.2,12.7,0.64,13,0,2,11,43.94973268415478
2025-03-20 15:00:00,2025-03-20 14:10:00,16807.5390625,595.0,595.0,105.0,788.7,12.8,0.87,98,0,4,98,40.13723500106074
2025-03-20 16:00:00,2025-03-20 15:10:00,11717.3564453125,475.0,475.0,100.0,730.0,12.9,0.92,93,0,4,93,33.42928228889807
2025-03-20 17:00:00,2025-03-20 16:10:00,5425.56396484375,307.0,307.0,90.0,584.6,12.4,0.97,98,0,1,98,24.78977161762751
2025-03-20 18:00:00,2025-03-20 17:10:00,719.1103515625,131.0,131.0,69.0,304.8,10.9,1.11,90,0,0,90,14.99624146969067
2025-03-20 19:00:00,2025-03-20 18:10:00,215.5347442626953,16.0,16.0,13.0,32.1,8.9,0.67,97,0,1,97,4.60367641211335
2025-03-20 20:00:00,2025-03-20 19:10:00,0.0,0.0,0.0,0.0,0.0,8.6,0.43,97,6,0,97,-5.969866310965454
2025-03-20 21:00:00,2025-03-20 20:10:00,0.0,0.0,0.0,0.0,0.0,8.1,0.35,44,1,1,44,-16.348100450226124
2025-03-20 22:00:00,2025-03-20 21:10:00,0.0,0.0,0.0,0.0,0.0,7.3,0.22,58,0,0,57,-26.10547105137752
2025-03-20 23:00:00,2025-03-20 22:10:00,0.0,0.0,0.0,0.0,0.0,6.4,0.36,100,0,0,100,-34.669331911003056
2025-03-21 00:00:00,2025-03-20 23:10:00,0.0,0.0,0.0,0.0,0.0,5.8,0.65,100,6,0,100,-41.232759983563916
2025-03-21 01:00:00,2025-03-21 00:10:00,0.0,0.0,0.0,0.0,0.0,5.2,0.85,100,0,0,100,-44.80502147949871
2025-03-21 02:00:00,2025-03-21 01:10:00,0.0,0.0,0.0,0.0,0.0,6.7,0.91,100,2,15,100,-44.62378519099694
2025-03-21 03:00:00,2025-03-21 02:10:00,0.0,0.0,0.0,0.0,0.0,6.2,0.68,100,7,7,100,-40.73151854722693
2025-03-21 04:00:00,2025-03-21 03:10:00,0.0,0.0,0.0,0.0,0.0,5.8,0.21,96,2,2,96,-33.937419924386205
2025-03-21 05:00:00,2025-03-21 04:10:00,0.0,0.0,0.0,0.0,0.0,4.6,0.4,98,2,1,98,-25.2249963904658
2025-03-21 06:00:00,2025-03-21 05:10:00,0.0,0.0,0.0,0.0,0.0,4.1,0.41,97,5,39,97,-15.377014743588148
2025-03-21 07:00:00,2025-03-21 06:10:00,901.827392578125,5.0,5.0,5.0,0.0,4.3,0.0,99,57,82,98,-4.947106025005996
2025-03-21 08:00:00,2025-03-21 07:10:00,2989.442626953125,46.0,46.0,39.0,41.7,5.2,0.25,100,100,90,100,5.649376218600674
2025-03-21 09:00:00,2025-03-21 08:10:00,3008.063232421875,88.0,88.0,88.0,0.0,6.4,0.36,100,100,95,99,16.038514846154193
2025-03-21 10:00:00,2025-03-21 09:10:00,3643.30859375,105.0,105.0,105.0,0.0,7.7,0.64,100,100,100,98,25.7968574374368
2025-03-21 11:00:00,2025-03-21 10:10:00,5568.71875,178.0,178.0,178.0,0.0,9.1,0.53,100,100,100,96,34.35479468946822
2025-03-21 12:00:00,2025-03-21 11:10:00,5692.39794921875,181.0,181.0,181.0,0.0,9.8,0.47,100,100,100,98,40.911731836272125
2025-03-21 13:00:00,2025-03-21 12:10:00,4860.78466796875,180.0,180.0,179.0,1.4,10.2,0.49,100,100,100,100,44.48795020891464
2025-03-21 14:00:00,2025-03-21 13:10:00,3946.490234375,140.0,140.0,140.0,0.0,10.1,0.25,100,83,100,100,44.330310683519016
2025-03-21 15:00:00,2025-03-21 14:10:00,5316.935546875,174.0,174.0,169.0,8.0,10.2,0.2,100,97,100,100,40.47732478889108
2025-03-21 16:00:00,2025-03-21 15:10:00,2366.84765625,90.0,90.0,89.0,1.9,9.8,0.39,100,100,100,100,33.72570657933396
2025-03-21 17:00:00,2025-03-21 16:10:00,1555.72998046875,67.0,67.0,65.0,5.3,9.2,0.43,100,100,100,99,25.05090149942411
2025-03-21 18:00:00,2025-03-21 17:10:00,309.64312744140625,28.0,28.0,28.0,0.0,8.4,0.79,100,100,100,100,15.234083095019624
2025-03-21 19:00:00,2025-03-21 18:10:00,188.33070373535156,4.0,4.0,4.0,0.0,7.7,0.74,100,100,100,100,4.8302930185581605
2025-03-21 20:00:00,2025-03-21 19:10:00,0.0,0.0,0.0,0.0,0.0,7.6,0.43,100,100,100,100,-5.742894847416028
2025-03-21 21:00:00,2025-03-21 20:10:00,0.0,0.0,0.0,0.0,0.0,7.4,0.58,100,100,100,89,-16.109145815487775
2025-03-21 22:00:00,2025-03-21 21:10:00,0.0,0.0,0.0,0.0,0.0,7.3,0.78,100,100,100,74,-25.842355302124343
2025-03-21 23:00:00,2025-03-21 22:10:00,0.0,0.0,0.0,0.0,0.0,7.2,1.41,100,100,100,77,-34.37001438998051
2025-03-22 00:00:00,2025-03-21 23:10:00,0.0,0.0,0.0,0.0,0.0,7.0,1.4,100,100,100,97,-40.88929848591166
2025-03-22 01:00:00,2025-03-22 00:10:00,0.0,0.0,0.0,0.0,0.0,6.8,1.38,100,100,100,0,-44.42186058965663
2025-03-22 02:00:00,2025-03-22 01:10:00,0.0,0.0,0.0,0.0,0.0,7.3,1.31,100,100,100,0,-44.221907183841004
2025-03-22 03:00:00,2025-03-22 02:10:00,0.0,0.0,0.0,0.0,0.0,7.4,0.78,100,98,100,20,-40.33577648491187
2025-03-22 04:00:00,2025-03-22 03:10:00,0.0,0.0,0.0,0.0,0.0,7.2,0.51,100,100,100,100,-33.5608944225717
2025-03-22 05:00:00,2025-03-22 04:10:00,0.0,0.0,0.0,0.0,0.0,7.3,0.81,100,100,100,99,-24.86839723540377
2025-03-22 06:00:00,2025-03-22 05:10:00,0.0,0.0,0.0,0.0,0.0,7.2,1.3,100,100,100,88,-15.034978450475975
2025-03-22 07:00:00,2025-03-22 06:10:00,887.1871337890625,2.0,2.0,2.0,0.0,7.2,0.94,100,100,100,44,-4.612367873163823
2025-03-22 08:00:00,2025-03-22 07:10:00,2213.931884765625,25.0,25.0,24.0,5.8,7.5,1.24,100,100,100,0,5.9844600717716965
2025-03-22 09:00:00,2025-03-22 08:10:00,2808.701904296875,56.0,56.0,54.0,5.8,7.8,0.87,100,100,100,0,16.38157926646094
2025-03-22 10:00:00,2025-03-22 09:10:00,3603.420166015625,109.0,109.0,102.0,14.1,8.2,0.52,100,100,99,0,26.15509084318993
2025-03-22 11:00:00,2025-03-22 10:10:00,6300.15185546875,161.0,161.0,156.0,8.2,8.9,0.8,100,100,40,0,34.7332357923366
2025-03-22 12:00:00,2025-03-22 11:10:00,6064.10888671875,197.0,197.0,168.0,42.3,9.4,2.02,100,100,100,6,41.308786025235875
2025-03-22 13:00:00,2025-03-22 12:10:00,5798.78564453125,220.0,220.0,208.0,16.8,9.9,1.77,100,100,100,0,44.889149397167216
2025-03-22 14:00:00,2025-03-22 13:10:00,5816.22119140625,196.0,196.0,184.0,17.2,9.8,1.45,100,96,95,0,44.7102348562921
2025-03-22 15:00:00,2025-03-22 14:10:00,3492.858154296875,128.0,128.0,127.0,1.6,9.8,1.14,100,81,100,1,40.81620477702799
2025-03-22 16:00:00,2025-03-22 15:10:00,2379.564208984375,71.0,71.0,71.0,0.0,9.6,0.9,100,100,100,6,34.02064857048466
2025-03-22 17:00:00,2025-03-22 16:10:00,1355.577392578125,40.0,40.0,40.0,0.0,9.2,0.6,100,100,100,7,25.310593556413636
2025-03-22 18:00:00,2025-03-22 17:10:00,358.24456787109375,22.0,22.0,22.0,0.0,8.9,1.2,100,100,100,83,15.470724242620438
2025-03-22 19:00:00,2025-03-22 18:10:00,207.887939453125,3.0,3.0,3.0,0.0,8.6,1.98,100,100,100,100,5.0560365702660155
2025-03-22 20:00:00,2025-03-22 19:10:00,0.0,0.0,0.0,0.0,0.0,8.3,0.81,100,100,100,100,-5.5164384124601575
2025-03-22 21:00:00,2025-03-22 20:10:00,0.0,0.0,0.0,0.0,0.0,7.9,1.56,100,100,97,99,-15.870359422650832
2025-03-22 22:00:00,2025-03-22 21:10:00,0.0,0.0,0.0,0.0,0.0,7.7,2.23,100,100,100,95,-25.579125378741328
2025-03-22 23:00:00,2025-03-22 22:10:00,0.0,0.0,0.0,0.0,0.0,7.5,3.15,100,100,100,85,-34.07045078838606
2025-03-23 00:00:00,2025-03-22 23:10:00,0.0,0.0,0.0,0.0,0.0,7.7,1.9,100,100,100,100,-40.54569751158487
2025-03-23 01:00:00,2025-03-23 00:10:00,0.0,0.0,0.0,0.0,0.0,7.6,2.3,100,100,100,83,-44.0388218439481
2025-03-23 02:00:00,2025-03-23 01:10:00,0.0,0.0,0.0,0.0,0.0,7.6,2.16,100,100,99,0,-43.82022465304466
2025-03-23 03:00:00,2025-03-23 02:10:00,0.0,0.0,0.0,0.0,0.0,7.2,1.68,100,100,100,15,-39.939990273914226
2025-03-23 04:00:00,2025-03-23 03:10:00,0.0,0.0,0.0,0.0,0.0,7.2,1.86,100,100,67,1,-33.1840419017501
2025-03-23 05:00:00,2025-03-23 04:10:00,0.0,0.0,0.0,0.0,0.0,7.1,1.17,100,100,18,8,-24.511338592794466
2025-03-23 06:00:00,2025-03-23 05:10:00,0.0,0.0,0.0,0.0,0.0,7.2,1.36,100,100,2,54,-14.692505074790905
2025-03-23 07:00:00,2025-03-23 06:10:00,1018.0776977539062,4.0,4.0,4.0,0.0,6.9,1.63,100,100,0,86,-4.277314050762802
2025-03-23 08:00:00,2025-03-23 07:10:00,3988.6435546875,54.0,54.0,42.0,66.8,7.5,1.57,100,100,0,1,6.319692266022247
2025-03-23 09:00:00,2025-03-23 08:10:00,6202.216796875,146.0,146.0,110.0,102.4,8.9,2.03,100,100,0,100,16.724624127779627
2025-03-23 10:00:00,2025-03-23 09:10:00,12425.2373046875,307.0,307.0,151.0,311.7,9.6,2.26,100,95,9,95,26.513182158179777
2025-03-23 11:00:00,2025-03-23 10:10:00,8716.919921875,182.0,182.0,182.0,0.0,9.8,1.86,82,21,1,77,35.11149774593697
2025-03-23 12:00:00,2025-03-23 11:10:00,12376.509765625,334.0,334.0,240.0,136.0,11.1,1.77,94,82,1,68,41.70568032189884
2025-03-23 13:00:00,2025-03-23 12:10:00,11153.603515625,361.0,361.0,258.0,143.1,11.9,1.35,100,98,7,72,45.29006151043023
2025-03-23 14:00:00,2025-03-23 13:10:00,8958.103515625,416.0,416.0,244.0,245.5,12.4,2.55,99,90,48,78,45.08941089263035
2025-03-23 15:00:00,2025-03-23 14:10:00,7868.60205078125,387.0,387.0,201.0,293.2,12.6,2.38,99,48,52,95,41.153802052995985
2025-03-23 16:00:00,2025-03-23 15:10:00,6966.4111328125,353.0,353.0,172.0,343.9,12.5,1.88,99,97,45,54,34.314061054468
2025-03-23 17:00:00,2025-03-23 16:10:00,3106.4677734375,160.0,160.0,102.0,151.3,11.9,1.49,95,62,87,19,25.56882286616268
2025-03-23 18:00:00,2025-03-23 17:10:00,447.3403625488281,66.0,66.0,54.0,55.7,11.1,0.86,100,21,87,100,15.706154827405484
2025-03-23 19:00:00,2025-03-23 18:10:00,203.3885498046875,10.0,10.0,10.0,0.0,10.4,0.54,100,18,100,100,5.280904277282438
2025-03-23 20:00:00,2025-03-23 19:10:00,0.0,0.0,0.0,0.0,0.0,10.1,0.99,100,74,99,100,-5.290499334752721
2025-03-23 21:00:00,2025-03-23 20:10:00,0.0,0.0,0.0,0.0,0.0,9.6,0.72,100,79,84,100,-15.631749785972644
2025-03-23 22:00:00,2025-03-23 21:10:00,0.0,0.0,0.0,0.0,0.0,9.1,0.25,100,29,97,100,-25.315802968837634
2025-03-23 23:00:00,2025-03-23 22:10:00,0.0,0.0,0.0,0.0,0.0,8.6,0.52,100,44,100,100,-33.77068267778466
2025-03-24 00:00:00,2025-03-23 23:10:00,0.0,0.0,0.0,0.0,0.0,8.2,0.34,100,43,95,95,-40.20202210339871
2025-03-24 01:00:00,2025-03-24 00:10:00,0.0,0.0,0.0,0.0,0.0,8.1,0.1,100,96,96,93,-43.655992933722395
2025-03-24 02:00:00,2025-03-24 01:10:00,0.0,0.0,0.0,0.0,0.0,6.9,0.82,100,82,97,46,-43.418848791301826
2025-03-24 03:00:00,2025-03-24 02:10:00,0.0,0.0,0.0,0.0,0.0,6.9,0.46,100,45,86,99,-39.54429393598423
2025-03-24 04:00:00,2025-03-24 03:10:00,0.0,0.0,0.0,0.0,0.0,7.1,0.27,100,28,97,96,-32.807010077527195
2025-03-24 05:00:00,2025-03-24 04:10:00,0.0,0.0,0.0,0.0,0.0,6.8,0.6,100,31,100,82,-24.153972475310976
2025-03-24 06:00:00,2025-03-24 05:10:00,0.0,0.0,0.0,0.0,0.0,6.8,0.27,100,70,100,92,-14.349746280294942
2025-03-24 07:00:00,2025-03-24 06:10:00,918.0103759765625,3.0,3.0,3.0,0.0,6.9,0.16,100,88,100,24,-3.9420946138685737
2025-03-24 08:00:00,2025-03-24 07:10:00,2385.709228515625,34.0,34.0,34.0,0.0,7.5,0.65,100,38,100,0,6.654924208190011
2025-03-24 09:00:00,2025-03-24 08:10:00,4561.6376953125,103.0,103.0,86.0,47.6,8.6,0.76,100,88,100,0,17.067502026969375
2025-03-24 10:00:00,2025-03-24 09:10:00,9971.89453125,214.0,214.0,144.0,138.4,10.0,0.3,100,91,100,26,26.87098592559026
2025-03-24 11:00:00,2025-03-24 10:10:00,10589.0517578125,278.0,278.0,214.0,103.0,11.0,0.43,95,77,87,52,35.48944041554437
2025-03-24 12:00:00,2025-03-24 11:10:00,10898.9189453125,355.0,355.0,242.0,162.3,12.0,0.57,96,40,95,23,42.10228661743607
2025-03-24 13:00:00,2025-03-24 12:10:00,17090.189453125,513.0,513.0,242.0,374.0,13.1,0.57,65,22,63,1,45.69057581325109
2025-03-24 14:00:00,2025-03-24 13:10:00,14338.0,401.0,401.0,128.0,387.2,12.6,2.22,94,19,18,91,45.467745835616384
2025-03-24 15:00:00,2025-03-24 14:10:00,11577.4306640625,491.0,491.0,148.0,537.0,13.3,1.8,92,7,2,91,41.49004569724711
2025-03-24 16:00:00,2025-03-24 15:10:00,11461.7587890625,459.0,459.0,124.0,631.5,13.8,0.72,84,2,2,83,34.60589908344238
2025-03-24 17:00:00,2025-03-24 16:10:00,5259.99853515625,296.0,296.0,94.0,521.5,13.6,0.22,82,3,4,80,25.82556655505676
2025-03-24 18:00:00,2025-03-24 17:10:00,743.3297119140625,145.0,145.0,69.0,346.5,13.0,0.05,95,6,4,94,15.940366328313225
2025-03-24 19:00:00,2025-03-24 18:10:00,209.73822021484375,21.0,21.0,15.0,59.2,11.2,0.05,100,6,7,100,5.504894333279844
2025-03-24 20:00:00,2025-03-24 19:10:00,0.0,0.0,0.0,0.0,0.0,10.3,0.41,100,3,8,100,-5.065079552031838
2025-03-24 21:00:00,2025-03-24 20:10:00,0.0,0.0,0.0,0.0,0.0,9.5,0.85,98,1,5,98,-15.393325588535298
2025-03-24 22:00:00,2025-03-24 21:10:00,0.0,0.0,0.0,0.0,0.0,9.1,0.34,96,0,2,96,-25.052410387277448
2025-03-24 23:00:00,2025-03-24 22:10:00,0.0,0.0,0.0,0.0,0.0,8.6,0.18,3,0,3,0,-33.47075248002583
2025-03-25 00:00:00,2025-03-24 23:10:00,0.0,0.0,0.0,0.0,0.0,7.4,0.29,0,0,0,0,-39.85833800240792
2025-03-25 01:00:00,2025-03-25 00:10:00,0.0,0.0,0.0,0.0,0.0,6.2,0.93,12,0,0,12,-43.27346176995847
2025-03-25 02:00:00,2025-03-25 01:10:00,0.0,0.0,0.0,0.0,0.0,6.8,1.14,8,0,2,6,-43.0178903758734
2025-03-25 03:00:00,2025-03-25 02:10:00,0.0,0.0,0.0,0.0,0.0,5.9,0.55,25,2,20,4,-39.14882062838086
2025-03-25 04:00:00,2025-03-25 03:10:00,0.0,0.0,0.0,0.0,0.0,5.6,0.25,8,5,3,0,-32.429945808967496
2025-03-25 05:00:00,2025-03-25 04:10:00,0.0,0.0,0.0,0.0,0.0,5.2,0.85,3,0,3,0,-23.796450263282658
2025-03-25 06:00:00,2025-03-25 05:10:00,0.0,0.0,0.0,0.0,0.0,5.1,1.28,3,1,1,0,-14.006853295305602
2025-03-25 07:00:00,2025-03-25 06:10:00,1858.50146484375,12.0,12.0,8.0,46.3,4.9,1.27,9,6,3,0,-3.606859297879125
2025-03-25 08:00:00,2025-03-25 07:10:00,7838.0849609375,127.0,127.0,54.0,382.1,6.3,0.7,16,15,1,0,6.990007563467195
2025-03-25 09:00:00,2025-03-25 08:10:00,15387.8994140625,302.0,302.0,84.0,601.0,9.4,0.07,2,2,0,0,17.410065763522102
2025-03-25 10:00:00,2025-03-25 09:10:00,19793.20703125,471.0,471.0,96.0,733.5,12.6,0.46,0,0,0,0,27.228356811203003
2025-03-25 11:00:00,2025-03-25 10:10:00,23024.533203125,605.0,605.0,105.0,797.9,14.9,0.55,1,0,0,0,35.866923724168544
2025-03-25 12:00:00,2025-03-25 11:10:00,24061.2265625,682.0,682.0,115.0,808.9,16.1,0.16,1,0,0,1,42.49847699753465
2025-03-25 13:00:00,2025-03-25 12:10:00,23999.900390625,721.0,721.0,115.0,831.0,16.9,0.34,3,0,2,2,46.090582256421534
2025-03-25 14:00:00,2025-03-25 13:10:00,21781.365234375,684.0,684.0,136.0,772.4,17.5,0.21,21,1,3,18,45.84514808015667
2025-03-25 15:00:00,2025-03-25 14:10:00,18174.056640625,611.0,611.0,125.0,755.8,17.5,0.39,16,1,2,15,41.82486676538966
2025-03-25 16:00:00,2025-03-25 15:10:00,13014.359375,493.0,493.0,105.0,725.9,17.6,0.76,22,1,2,21,34.89611991764148
2025-03-25 17:00:00,2025-03-25 16:10:00,6103.52099609375,317.0,317.0,106.0,539.2,16.5,2.01,50,4,9,44,26.080803712357305
2025-03-25 18:00:00,2025-03-25 17:10:00,771.82080078125,130.0,130.0,70.0,268.8,14.9,1.61,64,7,10,61,16.17335168083019
2025-03-25 19:00:00,2025-03-25 18:10:00,231.71771240234375,21.0,21.0,16.0,48.4,12.9,0.29,58,1,3,57,5.728005798872577
2025-03-25 20:00:00,2025-03-25 19:10:00,0.0,0.0,0.0,0.0,0.0,11.6,1.2,64,11,54,14,-4.840180727307913
2025-03-25 21:00:00,2025-03-25 20:10:00,0.0,0.0,0.0,0.0,0.0,10.8,0.53,14,0,14,0,-15.155095789152426
2025-03-25 22:00:00,2025-03-25 21:10:00,0.0,0.0,0.0,0.0,0.0,10.1,0.35,24,15,11,0,-24.78897066439399
2025-03-25 23:00:00,2025-03-25 22:10:00,0.0,0.0,0.0,0.0,0.0,9.0,0.73,39,10,34,0,-33.17070352869129
2025-03-26 00:00:00,2025-03-25 23:10:00,0.0,0.0,0.0,0.0,0.0,8.3,0.92,25,10,18,0,-39.514711683491264
2025-03-26 01:00:00,2025-03-26 00:10:00,0.0,0.0,0.0,0.0,0.0,7.7,1.38,15,12,3,0,-42.891316504258924
2025-03-26 02:00:00,2025-03-26 01:10:00,0.0,0.0,0.0,0.0,0.0,8.8,1.88,56,20,31,29,-42.61745978118812
2025-03-26 03:00:00,2025-03-26 02:10:00,0.0,0.0,0.0,0.0,0.0,8.1,0.81,38,15,28,12,-38.75370263392807
2025-03-26 04:00:00,2025-03-26 03:10:00,0.0,0.0,0.0,0.0,0.0,7.6,0.29,37,19,31,5,-32.05299505185012
2025-03-26 05:00:00,2025-03-26 04:10:00,0.0,0.0,0.0,0.0,0.0,7.0,0.8,14,4,10,1,-23.438922628727678
2025-03-26 06:00:00,2025-03-26 05:10:00,0.0,0.0,0.0,0.0,0.0,6.2,1.15,98,98,9,0,-13.663976821427557
2025-03-26 07:00:00,2025-03-26 06:10:00,1868.4483642578125,13.0,13.0,10.0,33.6,6.4,0.07,100,100,4,0,-3.271757420916834
2025-03-26 08:00:00,2025-03-26 07:10:00,7160.75244140625,120.0,120.0,66.0,274.5,8.1,0.3,100,100,0,0,7.3247943509364895
2025-03-26 09:00:00,2025-03-26 08:10:00,12707.9677734375,284.0,284.0,109.0,475.3,10.1,0.55,29,28,0,0,17.752168428376887
2025-03-26 10:00:00,2025-03-26 09:10:00,19672.43359375,466.0,466.0,112.0,685.2,12.3,0.28,0,0,0,0,27.585149677914433
2025-03-26 11:00:00,2025-03-26 10:10:00,21998.662109375,594.0,594.0,123.0,745.5,14.2,0.05,1,0,0,1,36.24380770264595
2025-03-26 12:00:00,2025-03-26 11:10:00,23882.89453125,691.0,691.0,123.0,804.7,15.6,0.25,8,1,2,6,42.89412376347141
2025-03-26 13:00:00,2025-03-26 12:10:00,23946.6953125,724.0,724.0,122.0,820.3,16.5,0.28,14,2,4,10,46.48997148076811
2025-03-26 14:00:00,2025-03-26 13:10:00,21678.578125,674.0,674.0,145.0,741.0,17.4,0.67,14,0,12,7,46.221527369191556
2025-03-26 15:00:00,2025-03-26 14:10:00,17176.294921875,610.0,610.0,123.0,752.4,18.0,1.08,34,6,30,4,42.15819826668405
2025-03-26 16:00:00,2025-03-26 15:10:00,9068.580078125,412.0,412.0,134.0,516.2,16.4,2.2,61,20,41,37,35.18468296902969
2025-03-26 17:00:00,2025-03-26 16:10:00,5195.150390625,284.0,284.0,111.0,437.7,15.6,1.52,35,16,30,3,26.334515300411347
2025-03-26 18:00:00,2025-03-26 17:10:00,846.5393676757812,133.0,133.0,67.0,290.6,14.8,0.86,9,1,7,0,16.40510516683988
2025-03-26 19:00:00,2025-03-26 18:10:00,229.98936462402344,25.0,25.0,16.0,85.6,13.1,1.79,9,8,1,0,5.950238483532411
2025-03-26 20:00:00,2025-03-26 19:10:00,0.0,0.0,0.0,0.0,0.0,12.2,1.7,14,12,2,0,-4.615804365241838
2025-03-26 21:00:00,2025-03-26 20:10:00,0.0,0.0,0.0,0.0,0.0,11.1,0.4,10,9,1,0,-14.917069728336337
2025-03-26 22:00:00,2025-03-26 21:10:00,0.0,0.0,0.0,0.0,0.0,10.4,0.18,11,7,1,4,-24.525507632313936
2025-03-26 23:00:00,2025-03-26 22:10:00,0.0,0.0,0.0,0.0,0.0,9.2,0.27,9,5,2,3,-32.87058012817238
2025-03-27 00:00:00,2025-03-26 23:10:00,0.0,0.0,0.0,0.0,0.0,8.1,0.9,19,4,16,0,-39.17121038874015
2025-03-27 01:00:00,2025-03-27 00:10:00,0.0,0.0,0.0,0.0,0.0,7.3,1.26,21,2,19,0,-42.50964554805593
2025-03-27 02:00:00,2025-03-27 01:10:00,0.0,0.0,0.0,0.0,0.0,8.1,0.74,68,2,68,0,-42.21766699028893
2025-03-27 03:00:00,2025-03-27 02:10:00,0.0,0.0,0.0,0.0,0.0,8.2,1.24,50,0,50,0,-38.35907135154554
2025-03-27 04:00:00,2025-03-27 03:10:00,0.0,0.0,0.0,0.0,0.0,7.2,0.9,2,1,0,0,-31.676302813979156
2025-03-27 05:00:00,2025-03-27 04:10:00,0.0,0.0,0.0,0.0,0.0,6.1,1.0,0,0,0,0,-23.0815394617847
2025-03-27 06:00:00,2025-03-27 05:10:00,0.0,0.0,0.0,0.0,0.0,5.9,1.36,4,4,0,0,-13.321266944211514
2025-03-27 07:00:00,2025-03-27 06:10:00,2089.927490234375,16.0,16.0,10.0,65.1,6.3,1.35,5,5,0,0,-2.9369377884176706
2025-03-27 08:00:00,2025-03-27 07:10:00,8691.140625,142.0,142.0,56.0,425.1,8.2,1.06,4,4,0,0,7.659137038667992
2025-03-27 09:00:00,2025-03-27 08:10:00,15314.7236328125,318.0,318.0,82.0,631.6,10.7,0.87,2,2,0,0,18.093663492994615
2025-03-27 10:00:00,2025-03-27 09:10:00,20452.578125,491.0,491.0,93.0,762.6,13.9,0.25,0,0,0,0,27.94121966099205
2025-03-27 11:00:00,2025-03-27 10:10:00,22832.2890625,624.0,624.0,104.0,816.6,16.4,0.43,53,0,0,53,36.61995254030317
2025-03-27 12:00:00,2025-03-27 11:10:00,23605.708984375,707.0,707.0,115.0,833.0,17.9,0.32,71,0,0,71,43.28909945260446
2025-03-27 13:00:00,2025-03-27 12:10:00,23431.486328125,741.0,741.0,123.0,836.9,18.6,0.52,86,0,1,86,46.88863481908254
2025-03-27 14:00:00,2025-03-27 13:10:00,19107.26171875,662.0,662.0,223.0,611.2,18.9,0.76,100,0,0,100,46.59679478725093
2025-03-27 15:00:00,2025-03-27 14:10:00,11503.7265625,501.0,501.0,261.0,368.4,18.9,0.74,100,0,0,100,42.48997513887593
2025-03-27 16:00:00,2025-03-27 15:10:00,6806.40380859375,394.0,394.0,237.0,289.4,18.8,1.39,100,0,0,100,35.47154974075266
2025-03-27 17:00:00,2025-03-27 16:10:00,5119.693359375,309.0,309.0,136.0,433.4,18.2,1.53,86,0,8,85,26.586684061298147
2025-03-27 18:00:00,2025-03-27 17:10:00,904.7188110351562,152.0,152.0,81.0,307.4,16.6,1.38,100,0,3,100,16.635622302142504
2025-03-27 19:00:00,2025-03-27 18:10:00,228.84664916992188,25.0,25.0,21.0,37.3,13.9,1.2,100,0,1,100,6.171592826467231
2025-03-27 20:00:00,2025-03-27 19:10:00,0.0,0.0,0.0,0.0,0.0,12.4,1.33,89,0,0,89,-4.391951928356354
2025-03-27 21:00:00,2025-03-27 20:10:00,0.0,0.0,0.0,0.0,0.0,10.9,0.9,16,0,3,14,-14.679257232997479
2025-03-27 22:00:00,2025-03-27 21:10:00,0.0,0.0,0.0,0.0,0.0,10.2,0.05,69,0,0,69,-24.262046009115537
2025-03-27 23:00:00,2025-03-27 22:10:00,0.0,0.0,0.0,0.0,0.0,9.6,0.6,70,0,0,70,-32.570427610179514
2025-03-28 00:00:00,2025-03-27 23:10:00,0.0,0.0,0.0,0.0,0.0,9.1,0.46,100,0,0,100,-38.82790215853223
2025-03-28 01:00:00,2025-03-28 00:10:00,0.0,0.0,0.0,0.0,0.0,8.4,1.2,92,0,0,92,-42.12853758995683
2025-03-28 02:00:00,2025-03-28 01:10:00,0.0,0.0,0.0,0.0,0.0,9.6,2.41,100,0,2,100,-41.8186216050495
2025-03-28 03:00:00,2025-03-28 02:10:00,0.0,0.0,0.0,0.0,0.0,8.8,1.68,100,0,1,100,-37.965057287110405
2025-03-28 04:00:00,2025-03-28 03:10:00,0.0,0.0,0.0,0.0,0.0,8.6,1.54,99,0,7,99,-31.300013112392445
2025-03-28 05:00:00,2025-03-28 04:10:00,0.0,0.0,0.0,0.0,0.0,8.4,1.5,95,0,0,95,-22.72444979945385
2025-03-28 06:00:00,2025-03-28 05:10:00,0.0,0.0,0.0,0.0,0.0,7.7,0.67,73,0,1,73,-12.978873045717743
2025-03-28 07:00:00,2025-03-28 06:10:00,1943.17529296875,17.0,17.0,12.0,52.7,7.9,0.54,0,0,0,0,-2.602548598935178
2025-03-28 08:00:00,2025-03-28 07:10:00,8881.70703125,145.0,145.0,57.0,423.4,9.2,0.65,0,0,0,0,7.9928886383480435
2025-03-28 09:00:00,2025-03-28 08:10:00,15350.431640625,323.0,323.0,82.0,635.8,11.5,0.54,0,0,0,0,18.434404898681446
2025-03-28 10:00:00,2025-03-28 09:10:00,20096.13671875,493.0,493.0,95.0,755.1,13.8,1.03,0,0,0,0,28.296422244103127
2025-03-28 11:00:00,2025-03-28 10:10:00,23527.72265625,629.0,629.0,105.0,816.5,15.4,1.35,0,0,0,0,36.995218636278175
2025-03-28 12:00:00,2025-03-28 11:10:00,24875.021484375,717.0,717.0,111.0,847.1,16.5,1.01,0,0,0,0,43.68327685836484
2025-03-28 13:00:00,2025-03-28 12:10:00,24749.7265625,750.0,750.0,112.0,858.7,17.2,0.73,0,0,0,0,47.28646429623518
2025-03-28 14:00:00,2025-03-28 13:10:00,23064.927734375,731.0,731.0,108.0,862.3,18.0,0.76,0,0,0,0,46.970862751395
2025-03-28 15:00:00,2025-03-28 14:10:00,19545.263671875,652.0,652.0,101.0,840.6,18.3,0.56,0,0,0,0,42.82013421944727
2025-03-28 16:00:00,2025-03-28 15:10:00,13860.3896484375,518.0,518.0,95.0,774.0,18.5,0.65,1,0,1,0,35.756683762570844
2025-03-28 17:00:00,2025-03-28 16:10:00,7168.97119140625,348.0,348.0,83.0,657.5,18.4,0.47,3,0,3,0,26.837294420207325
2025-03-28 18:00:00,2025-03-28 17:10:00,1016.2188720703125,171.0,171.0,61.0,468.5,17.6,0.3,9,0,9,0,16.864899721996448
2025-03-28 19:00:00,2025-03-28 18:10:00,231.80406188964844,30.0,30.0,18.0,110.0,15.6,0.0,16,0,16,0,6.392069776828011
2025-03-28 20:00:00,2025-03-28 19:10:00,0.0,0.0,0.0,0.0,0.0,13.8,0.07,33,0,31,12,-4.168624952725969
2025-03-28 21:00:00,2025-03-28 20:10:00,0.0,0.0,0.0,0.0,0.0,12.5,0.2,5,0,5,2,-14.441668719552073
2025-03-28 22:00:00,2025-03-28 21:10:00,0.0,0.0,0.0,0.0,0.0,11.3,0.57,1,0,1,0,-23.998611480554597
2025-03-28 23:00:00,2025-03-28 22:10:00,0.0,0.0,0.0,0.0,0.0,10.5,0.47,11,0,5,6,-32.27029238749935
2025-03-29 00:00:00,2025-03-28 23:10:00,0.0,0.0,0.0,0.0,0.0,9.2,1.76,12,3,9,0,-38.48485586017876
2025-03-29 01:00:00,2025-03-29 00:10:00,0.0,0.0,0.0,0.0,0.0,8.6,1.61,27,16,6,8,-41.74808161116444
2025-03-29 02:00:00,2025-03-29 01:10:00,0.0,0.0,0.0,0.0,0.0,8.7,1.2,42,2,6,38,-41.42043285509378
2025-03-29 03:00:00,2025-03-29 02:10:00,0.0,0.0,0.0,0.0,0.0,8.2,0.4,81,2,9,79,-37.57179004451767
2025-03-29 04:00:00,2025-03-29 03:10:00,0.0,0.0,0.0,0.0,0.0,7.6,0.63,70,2,20,67,-30.92426893231998
2025-03-29 05:00:00,2025-03-29 04:10:00,0.0,0.0,0.0,0.0,0.0,7.3,0.72,72,5,66,12,-22.367801756556496
2025-03-29 06:00:00,2025-03-29 05:10:00,0.0,0.0,0.0,0.0,0.0,7.2,0.97,98,3,96,63,-12.636943718959973
2025-03-29 07:00:00,2025-03-29 06:10:00,1212.619140625,14.0,14.0,14.0,0.0,7.2,1.0,100,1,100,100,-2.268737351175123
2025-03-29 08:00:00,2025-03-29 07:10:00,2008.840576171875,39.0,39.0,39.0,0.0,7.7,0.49,100,3,100,100,8.325902799412518
2025-03-29 09:00:00,2025-03-29 08:10:00,3357.997802734375,72.0,72.0,72.0,0.0,8.5,0.11,100,2,100,100,18.77424714614986
2025-03-29 10:00:00,2025-03-29 09:10:00,5079.69677734375,133.0,133.0,132.0,1.9,9.9,0.74,100,2,100,100,28.65061333615101
2025-03-29 11:00:00,2025-03-29 10:10:00,5806.619140625,178.0,178.0,178.0,0.0,11.4,0.47,100,0,100,100,37.36946665158972
2025-03-29 12:00:00,2025-03-29 11:10:00,5624.31884765625,187.0,187.0,185.0,2.8,12.1,0.93,100,0,100,100,44.07652904984181
2025-03-29 13:00:00,2025-03-29 12:10:00,5342.21923828125,185.0,185.0,183.0,2.7,12.1,2.72,100,0,100,100,47.683352627521295
2025-03-29 14:00:00,2025-03-29 13:10:00,7397.9033203125,223.0,223.0,223.0,0.0,13.1,2.24,100,0,100,48,47.3436449995879
2025-03-29 15:00:00,2025-03-29 14:10:00,11800.6494140625,474.0,474.0,272.0,306.3,15.1,1.9,20,1,16,5,43.148614213377336
2025-03-29 16:00:00,2025-03-29 15:10:00,12964.751953125,497.0,497.0,117.0,690.3,16.4,1.57,29,0,23,9,36.040050522477536
2025-03-29 17:00:00,2025-03-29 16:10:00,6031.822265625,336.0,336.0,106.0,565.3,16.7,0.75,83,0,57,61,27.086332385854572
2025-03-29 18:00:00,2025-03-29 17:10:00,828.659912109375,122.0,122.0,73.0,205.3,15.6,0.21,50,0,45,15,17.092935065036066
2025-03-29 19:00:00,2025-03-29 18:10:00,237.800537109375,25.0,25.0,18.0,63.1,13.6,0.25,25,0,20,6,6.611670673607598
2025-03-29 20:00:00,2025-03-29 19:10:00,0.0,0.0,0.0,0.0,0.0,12.3,0.11,35,0,35,0,-3.945825162795586
2025-03-29 21:00:00,2025-03-29 20:10:00,0.0,0.0,0.0,0.0,0.0,10.9,0.74,42,1,33,19,-14.204315295122138
2025-03-29 22:00:00,2025-03-29 21:10:00,0.0,0.0,0.0,0.0,0.0,10.0,1.07,19,1,19,1,-23.73523077910158
2025-03-29 23:00:00,2025-03-29 22:10:00,0.0,0.0,0.0,0.0,0.0,10.1,0.42,22,0,20,5,-31.970222004824148
2025-03-30 00:00:00,2025-03-29 23:10:00,0.0,0.0,0.0,0.0,0.0,9.6,0.11,9,0,4,6,-38.14214121404404
2025-03-30 01:00:00,2025-03-30 00:10:00,0.0,0.0,0.0,0.0,0.0,8.8,0.27,5,0,3,4,-41.368366898912406
2025-03-30 02:00:00,2025-03-30 01:10:00,0.0,0.0,0.0,0.0,0.0,10.7,0.85,15,0,15,2,-41.02320960535821
2025-03-30 03:00:00,2025-03-30 02:10:00,0.0,0.0,0.0,0.0,0.0,9.1,0.96,8,5,4,0,-37.17939831681642
2025-03-30 04:00:00,2025-03-30 03:10:00,0.0,0.0,0.0,0.0,0.0,7.9,0.78,6,5,1,0,-30.549212187749998
2025-03-30 05:00:00,2025-03-30 04:10:00,0.0,0.0,0.0,0.0,0.0,6.7,0.74,22,7,7,12,-22.011742458824944
2025-03-30 06:00:00,2025-03-30 05:10:00,0.0,0.0,0.0,0.0,0.0,5.7,0.75,14,12,1,1,-12.295626684202482
2025-03-30 07:00:00,2025-03-30 06:10:00,2218.107421875,20.0,20.0,14.0,59.7,5.2,1.08,21,21,0,0,-1.9356507522744437
2025-03-30 08:00:00,2025-03-30 07:10:00,7685.26904296875,140.0,140.0,68.0,329.0,7.5,0.71,36,22,0,18,8.658033902657033
2025-03-30 09:00:00,2025-03-30 08:10:00,14097.423828125,317.0,317.0,103.0,549.0,10.6,0.16,22,14,0,9,19.113045385304773
2025-03-30 10:00:00,2025-03-30 09:10:00,19122.306640625,495.0,495.0,107.0,722.0,14.1,0.35,32,4,0,30,29.003649348952116
2025-03-30 11:00:00,2025-03-30 10:10:00,22866.689453125,634.0,634.0,109.0,805.6,16.8,0.76,18,0,0,18,37.74255756204955
2025-03-30 12:00:00,2025-03-30 11:10:00,23809.265625,721.0,721.0,116.0,834.7,18.4,0.81,30,0,0,30,44.46872939106424
2025-03-30 13:00:00,2025-03-30 12:10:00,24053.451171875,755.0,755.0,117.0,848.5,19.4,1.05,48,0,0,48,48.07919321529671
2025-03-30 14:00:00,2025-03-30 13:10:00,22136.908203125,734.0,734.0,111.0,852.3,21.2,2.01,42,0,0,42,47.7150565765576
2025-03-30 15:00:00,2025-03-30 14:10:00,18516.490234375,650.0,650.0,110.0,813.7,21.5,1.53,36,0,0,36,43.47535565751572
2025-03-30 16:00:00,2025-03-30 15:10:00,12738.892578125,516.0,516.0,105.0,741.4,21.6,0.86,74,0,2,73,36.321617394715666
2025-03-30 17:00:00,2025-03-30 16:10:00,6562.49853515625,350.0,350.0,91.0,630.6,21.0,0.42,47,0,0,47,27.333785448249078
2025-03-30 18:00:00,2025-03-30 17:10:00,1064.0772705078125,178.0,178.0,63.0,474.4,19.0,0.51,49,0,0,49,17.319726855925243
2025-03-30 19:00:00,2025-03-30 18:10:00,232.22772216796875,33.0,33.0,22.0,97.4,15.9,1.12,99,0,0,99,6.83039712559532
2025-03-30 20:00:00,2025-03-30 19:10:00,0.0,0.0,0.0,0.0,0.0,14.5,1.02,30,0,7,25,-3.723554584982405
2025-03-30 21:00:00,2025-03-30 20:10:00,0.0,0.0,0.0,0.0,0.0,13.4,0.25,3,0,3,0,-13.967208856519914
2025-03-30 22:00:00,2025-03-30 21:10:00,0.0,0.0,0.0,0.0,0.0,11.9,0.38,4,0,4,0,-23.47193176004506
2025-03-30 23:00:00,2025-03-30 22:10:00,0.0,0.0,0.0,0.0,0.0,10.2,0.81,1,0,1,0,-31.6702651864908
2025-03-31 00:00:00,2025-03-30 23:10:00,0.0,0.0,0.0,0.0,0.0,9.1,0.82,0,0,0,0,-37.79982881704526
2025-03-31 01:00:00,2025-03-31 00:10:00,0.0,0.0,0.0,0.0,0.0,8.4,0.62,0,0,0,0,-40.98948305786509
2025-03-31 02:00:00,2025-03-31 01:10:00,0.0,0.0,0.0,0.0,0.0,9.4,1.75,0,0,0,0,-40.62706036224466
2025-03-31 03:00:00,2025-03-31 02:10:00,0.0,0.0,0.0,0.0,0.0,9.1,1.72,0,0,0,0,-36.78800987730954
2025-03-31 04:00:00,2025-03-31 03:10:00,0.0,0.0,0.0,0.0,0.0,8.2,0.85,0,0,0,0,-30.17498368346689
2025-03-31 05:00:00,2025-03-31 04:10:00,0.0,0.0,0.0,0.0,0.0,7.7,0.92,0,0,0,0,-21.6564179780336
2025-03-31 06:00:00,2025-03-31 05:10:00,0.0,0.0,0.0,0.0,0.0,7.9,1.45,0,0,0,0,-11.955068707082592
2025-03-31 07:00:00,2025-03-31 06:10:00,2431.9111328125,26.0,26.0,15.0,106.4,8.9,1.61,0,0,0,0,-1.6034346273375473
2025-03-31 08:00:00,2025-03-31 07:10:00,9048.5390625,167.0,167.0,57.0,490.2,11.5,1.89,0,0,0,0,8.989137153295571
2025-03-31 09:00:00,2025-03-31 08:10:00,15542.2177734375,346.0,346.0,81.0,670.6,14.1,2.04,0,0,0,0,19.450655505240036
2025-03-31 10:00:00,2025-03-31 09:10:00,20587.763671875,515.0,515.0,96.0,772.2,15.4,2.48,0,0,0,0,29.35538727578699
2025-03-31 11:00:00,2025-03-31 10:10:00,23817.771484375,651.0,651.0,105.0,831.6,16.2,2.44,0,0,0,0,38.11435271211443
2025-03-31 12:00:00,2025-03-31 11:10:00,24786.345703125,738.0,738.0,112.0,858.1,17.0,2.34,0,0,0,0,44.859751560087766
2025-03-31 13:00:00,2025-03-31 12:10:00,25051.486328125,768.0,768.0,113.0,866.1,17.5,2.13,0,0,0,0,48.47388014396674
2025-03-31 14:00:00,2025-03-31 13:10:00,22929.849609375,743.0,743.0,112.0,858.3,19.4,1.91,0,0,0,0,48.085013817203496
2025-03-31 15:00:00,2025-03-31 14:10:00,19530.869140625,662.0,662.0,106.0,832.8,19.7,2.14,0,0,0,0,43.80030088168001
2025-03-31 16:00:00,2025-03-31 15:10:00,13990.2607421875,533.0,533.0,97.0,781.0,19.5,2.22,0,0,0,0,36.60135356441972
2025-03-31 17:00:00,2025-03-31 16:10:00,7468.51416015625,366.0,366.0,84.0,680.3,19.0,1.81,0,0,0,0,27.579642474135362
2025-03-31 18:00:00,2025-03-31 17:10:00,1134.74658203125,186.0,186.0,62.0,503.6,17.5,1.03,0,0,0,0,17.545274387106957
2025-03-31 19:00:00,2025-03-31 18:10:00,240.39297485351562,36.0,36.0,19.0,148.1,15.1,1.23,0,0,0,0,7.048250891747365
2025-03-31 20:00:00,2025-03-31 19:10:00,0.0,0.0,0.0,0.0,0.0,13.8,1.98,2,0,2,0,-3.50181565972228
2025-03-31 21:00:00,2025-03-31 20:10:00,0.0,0.0,0.0,0.0,0.0,12.1,2.21,4,0,4,0,-13.730362186719747
2025-03-31 22:00:00,2025-03-31 21:10:00,0.0,0.0,0.0,0.0,0.0,11.4,3.22,17,0,17,0,-23.208743474428672
2025-03-31 23:00:00,2025-03-31 22:10:00,0.0,0.0,0.0,0.0,0.0,10.4,2.98,26,0,26,0,-31.370471880979053
2025-04-01 00:00:00,2025-03-31 23:10:00,0.0,0.0,0.0,0.0,0.0,9.7,1.86,31,0,31,0,-37.45799016344993
2025-04-01 01:00:00,2025-04-01 00:10:00,0.0,0.0,0.0,0.0,0.0,8.9,0.98,20,0,20,0,-40.611520019436064
2025-04-01 02:00:00,2025-04-01 01:10:00,0.0,0.0,0.0,0.0,0.0,9.9,1.41,2,0,2,0,-40.23209327831805
2025-04-01 03:00:00,2025-04-01 02:10:00,0.0,0.0,0.0,0.0,0.0,9.2,1.71,8,0,8,0,-36.397751570514984
2025-04-01 04:00:00,2025-04-01 03:10:00,0.0,0.0,0.0,0.0,0.0,8.4,1.7,14,10,7,0,-29.80172307843306
2025-04-01 05:00:00,2025-04-01 04:10:00,0.0,0.0,0.0,0.0,0.0,7.8,2.11,56,12,55,0,-21.301973269086073
2025-04-01 06:00:00,2025-04-01 05:10:00,0.0,0.0,0.0,0.0,0.0,7.4,2.16,100,7,100,0,-11.615415518530146
2025-04-01 07:00:00,2025-04-01 06:10:00,2393.2197265625,23.0,23.0,15.0,75.4,7.6,2.08,100,0,100,0,-1.272233830242259
2025-04-01 08:00:00,2025-04-01 07:10:00,7175.3291015625,134.0,134.0,73.0,265.3,9.3,1.92,81,0,81,0,9.319068673439196
2025-04-01 09:00:00,2025-04-01 08:10:00,12054.2353515625,252.0,252.0,113.0,347.1,11.2,1.5,78,0,78,0,19.78693422442904
2025-04-01 10:00:00,2025-04-01 09:10:00,15974.6181640625,373.0,373.0,174.0,363.3,12.6,1.72,74,0,74,0,29.705684770855775
2025-04-01 11:00:00,2025-04-01 10:10:00,16271.248046875,432.0,432.0,216.0,326.5,13.2,1.59,96,0,96,0,38.4847138697786
2025-04-01 12:00:00,2025-04-01 11:10:00,13233.2412109375,371.0,371.0,244.0,173.0,13.3,1.52,100,0,100,0,45.249469568005736
2025-04-01 13:00:00,2025-04-01 12:10:00,16470.43359375,518.0,518.0,220.0,391.8,13.9,1.38,100,0,100,1,48.867308173399145
2025-04-01 14:00:00,2025-04-01 13:10:00,15251.671875,473.0,473.0,216.0,347.6,13.9,1.28,82,0,82,1,48.45343432761992
2025-04-01 15:00:00,2025-04-01 14:10:00,10949.1162109375,391.0,391.0,206.0,275.5,14.2,1.27,72,0,72,0,44.12339396660099
2025-04-01 16:00:00,2025-04-01 15:10:00,9773.2158203125,453.0,453.0,200.0,450.1,14.9,2.05,64,0,64,0,36.87922994911972
2025-04-01 17:00:00,2025-04-01 16:10:00,6284.95654296875,336.0,336.0,110.0,540.3,14.4,2.45,7,0,6,2,27.823893600437874
2025-04-01 18:00:00,2025-04-01 17:10:00,1004.46044921875,162.0,162.0,79.0,332.0,13.1,1.1,89,0,84,49,17.76957760001039
2025-04-01 19:00:00,2025-04-01 18:10:00,222.23526000976562,26.0,26.0,16.0,85.7,11.5,0.21,100,0,100,39,7.26523376233009
2025-04-01 20:00:00,2025-04-01 19:10:00,0.0,0.0,0.0,0.0,0.0,11.1,1.25,100,0,100,8,-3.2806113516291724
2025-04-01 21:00:00,2025-04-01 20:10:00,0.0,0.0,0.0,0.0,0.0,10.4,1.28,100,0,100,97,-13.493789048529052
2025-04-01 22:00:00,2025-04-01 21:10:00,0.0,0.0,0.0,0.0,0.0,9.8,1.28,100,2,100,100,-22.945696238600647
2025-04-01 23:00:00,2025-04-01 22:10:00,0.0,0.0,0.0,0.0,0.0,8.9,1.66,99,1,96,79,-31.070893302030683
2025-04-02 00:00:00,2025-04-01 23:10:00,0.0,0.0,0.0,0.0,0.0,8.8,2.82,100,8,100,100,-37.116697662898225
2025-04-02 01:00:00,2025-04-02 00:10:00,0.0,0.0,0.0,0.0,0.0,8.8,2.6,100,12,100,99,-40.23456804898773
2025-04-02 02:00:00,2025-04-02 01:10:00,0.0,0.0,0.0,0.0,0.0,9.4,0.96,100,6,100,98,-39.838416155509826
2025-04-02 03:00:00,2025-04-02 02:10:00,0.0,0.0,0.0,0.0,0.0,9.1,0.76,100,14,100,100,-36.0087493028949
2025-04-02 04:00:00,2025-04-02 03:10:00,0.0,0.0,0.0,0.0,0.0,8.6,2.44,100,57,100,100,-29.42956885039447
2025-04-02 05:00:00,2025-04-02 04:10:00,0.0,0.0,0.0,0.0,0.0,8.3,2.91,100,65,100,98,-20.948552108975047
2025-04-02 06:00:00,2025-04-02 05:10:00,0.0,0.0,0.0,0.0,0.0,7.8,2.05,100,14,100,78,-11.276811736455729
2025-04-02 07:00:00,2025-04-02 06:10:00,1009.0538330078125,6.0,6.0,6.0,0.0,7.8,1.81,100,86,100,47,-0.9421921557280443
2025-04-02 08:00:00,2025-04-02 07:10:00,1863.1455078125,24.0,24.0,24.0,0.0,8.3,2.78,100,100,100,57,9.647685593963757
2025-04-02 09:00:00,2025-04-02 08:10:00,2371.142822265625,35.0,35.0,35.0,0.0,8.8,2.82,100,100,100,13,20.121739181089144
2025-04-02 10:00:00,2025-04-02 09:10:00,2844.556640625,66.0,66.0,66.0,0.0,9.4,2.09,100,100,100,54,30.0544002296659
2025-04-02 11:00:00,2025-04-02 10:10:00,4146.8876953125,127.0,127.0,121.0,9.0,10.4,1.32,100,100,100,4,38.853503282607704
2025-04-02 12:00:00,2025-04-02 11:10:00,6679.546875,207.0,207.0,198.0,12.2,11.2,2.01,100,100,100,23,45.63775777800936
2025-04-02 13:00:00,2025-04-02 12:10:00,5990.60888671875,205.0,205.0,194.0,14.4,11.6,2.86,100,100,100,6,49.259372730839075
2025-04-02 14:00:00,2025-04-02 13:10:00,8210.013671875,339.0,339.0,279.0,80.7,10.6,1.57,100,95,100,0,48.82023696381017
2025-04-02 15:00:00,2025-04-02 14:10:00,4454.6806640625,140.0,140.0,140.0,0.0,10.9,1.82,100,85,100,0,44.44458069884745
2025-04-02 16:00:00,2025-04-02 15:10:00,5212.30517578125,105.0,105.0,103.0,3.5,11.4,2.13,82,15,81,0,37.15521911735497
2025-04-02 17:00:00,2025-04-02 16:10:00,3288.95947265625,126.0,126.0,122.0,9.5,11.8,1.61,48,13,41,0,28.066530126042217
2025-04-02 18:00:00,2025-04-02 17:10:00,978.5784301757812,134.0,134.0,79.0,216.8,11.2,1.7,76,67,27,0,17.99263696607569
2025-04-02 19:00:00,2025-04-02 18:10:00,230.01145935058594,20.0,20.0,18.0,16.9,10.2,2.2,93,77,68,0,7.481347441186419
2025-04-02 20:00:00,2025-04-02 19:10:00,0.0,0.0,0.0,0.0,0.0,9.8,1.88,100,0,100,0,-3.0599452574457104
2025-04-02 21:00:00,2025-04-02 20:10:00,0.0,0.0,0.0,0.0,0.0,9.9,1.5,100,0,100,0,-13.257504275183301
2025-04-02 22:00:00,2025-04-02 21:10:00,0.0,0.0,0.0,0.0,0.0,9.1,1.01,20,0,20,0,-22.682821700170688
2025-04-02 23:00:00,2025-04-02 22:10:00,0.0,0.0,0.0,0.0,0.0,8.4,0.96,36,0,33,5,-30.771581966264737
2025-04-03 00:00:00,2025-04-02 23:10:00,0.0,0.0,0.0,0.0,0.0,8.1,1.04,97,4,95,28,-36.776024655587385
2025-04-03 01:00:00,2025-04-03 00:10:00,0.0,0.0,0.0,0.0,0.0,8.1,1.24,98,3,98,12,-39.858717750881056
2025-04-03 02:00:00,2025-04-03 01:10:00,0.0,0.0,0.0,0.0,0.0,8.1,1.03,32,1,9,25,-39.446136446795975
2025-04-03 03:00:00,2025-04-03 02:10:00,0.0,0.0,0.0,0.0,0.0,7.9,0.6,23,5,9,15,-35.621128033269905
2025-04-03 04:00:00,2025-04-03 03:10:00,0.0,0.0,0.0,0.0,0.0,7.7,0.72,68,66,8,0,-29.058658261596484
2025-04-03 05:00:00,2025-04-03 04:10:00,0.0,0.0,0.0,0.0,0.0,7.8,1.08,32,26,21,0,-20.596297037534978
2025-04-03 06:00:00,2025-04-03 05:10:00,0.0,0.0,0.0,0.0,0.0,7.3,0.97,5,2,3,0,-10.93940078918008
2025-04-03 07:00:00,2025-04-03 06:10:00,2442.1845703125,28.0,28.0,18.0,89.5,8.1,0.76,3,1,2,0,-0.6134522527798488
2025-04-03 08:00:00,2025-04-03 07:10:00,7969.103515625,149.0,149.0,72.0,319.6,9.8,0.34,15,1,0,14,9.974846145734483
2025-04-03 09:00:00,2025-04-03 08:10:00,14020.271484375,322.0,322.0,110.0,515.6,12.4,0.05,17,3,0,14,20.454929023696558
2025-04-03 10:00:00,2025-04-03 09:10:00,18046.162109375,509.0,509.0,108.0,718.8,15.1,0.3,90,0,0,90,30.40139287037603
2025-04-03 11:00:00,2025-04-03 10:10:00,22523.369140625,646.0,646.0,113.0,794.1,16.7,0.29,75,0,0,75,39.22058373501755
2025-04-03 12:00:00,2025-04-03 11:10:00,21584.5546875,692.0,692.0,173.0,698.3,17.7,0.29,95,0,0,95,46.024490924630115
2025-04-03 13:00:00,2025-04-03 12:10:00,20500.572265625,678.0,678.0,195.0,627.8,18.5,0.29,98,0,0,98,49.649969901411446
2025-04-03 14:00:00,2025-04-03 13:10:00,19265.69921875,679.0,679.0,199.0,642.1,19.2,0.49,92,0,2,92,49.18534180817285
2025-04-03 15:00:00,2025-04-03 14:10:00,16694.369140625,608.0,608.0,172.0,641.7,19.4,0.74,26,0,0,26,44.76380852287264
2025-04-03 16:00:00,2025-04-03 15:10:00,12711.451171875,521.0,521.0,114.0,714.5,19.0,0.81,69,0,0,69,37.42929520465365
2025-04-03 17:00:00,2025-04-03 16:10:00,5533.29541015625,343.0,343.0,112.0,542.6,18.5,0.5,86,0,0,86,28.307544402250414
2025-04-03 18:00:00,2025-04-03 17:10:00,1095.43603515625,189.0,189.0,67.0,473.9,17.5,1.35,56,0,0,56,18.214453367954885
2025-04-03 19:00:00,2025-04-03 18:10:00,246.00926208496094,42.0,42.0,23.0,157.7,15.0,1.0,100,0,0,100,7.696593429470445
2025-04-03 20:00:00,2025-04-03 19:10:00,0.0,0.0,0.0,0.0,0.0,13.6,0.3,100,0,0,100,-2.839821711472226
2025-04-03 21:00:00,2025-04-03 20:10:00,0.0,0.0,0.0,0.0,0.0,12.8,0.3,100,0,0,100,-13.021523857602343
2025-04-03 22:00:00,2025-04-03 21:10:00,0.0,0.0,0.0,0.0,0.0,11.9,0.3,91,0,0,91,-22.420152900180007
2025-04-03 23:00:00,2025-04-03 22:10:00,0.0,0.0,0.0,0.0,0.0,10.8,0.43,72,0,0,72,-30.472591727176148
2025-04-04 00:00:00,2025-04-03 23:10:00,0.0,0.0,0.0,0.0,0.0,9.8,0.32,1,0,0,1,-36.436045424564796
2025-04-04 01:00:00,2025-04-04 00:10:00,0.0,0.0,0.0,0.0,0.0,8.9,0.21,1,0,0,1,-39.48406007134995
2025-04-04 02:00:00,2025-04-04 01:10:00,0.0,0.0,0.0,0.0,0.0,8.7,0.53,100,0,0,100,-39.05536125632329
2025-04-04 03:00:00,2025-04-04 02:10:00,0.0,0.0,0.0,0.0,0.0,8.1,0.6,99,0,0,99,-35.23501176284323
2025-04-04 04:00:00,2025-04-04 03:10:00,0.0,0.0,0.0,0.0,0.0,7.6,0.4,60,0,9,57,-28.689127325505222
2025-04-04 05:00:00,2025-04-04 04:10:00,0.0,0.0,0.0,0.0,0.0,7.3,0.22,53,0,52,10,-20.245349299911325
2025-04-04 06:00:00,2025-04-04 05:10:00,0.0,0.0,0.0,0.0,0.0,6.8,0.46,94,0,94,32,-10.603324840578445
2025-04-04 07:00:00,2025-04-04 06:10:00,2376.885009765625,30.0,30.0,22.0,69.8,7.3,1.15,36,0,36,0,-0.28615553932197013
2025-04-04 08:00:00,2025-04-04 07:10:00,8586.7119140625,162.0,162.0,83.0,320.6,9.9,0.96,1,0,1,0,10.300409750151731
2025-04-04 09:00:00,2025-04-04 08:10:00,15507.9853515625,354.0,354.0,91.0,631.6,13.1,0.71,0,0,0,0,20.786363501623597
2025-04-04 10:00:00,2025-04-04 09:10:00,19870.62890625,520.0,520.0,102.0,742.6,15.9,0.72,0,0,0,0,30.746522816116205
2025-04-04 11:00:00,2025-04-04 10:10:00,23047.140625,651.0,651.0,113.0,795.9,18.0,0.36,0,0,0,0,39.58581860689982
2025-04-04 12:00:00,2025-04-04 11:10:00,24056.771484375,738.0,738.0,117.0,830.5,19.1,0.64,0,0,0,0,46.409544133304884
2025-04-04 13:00:00,2025-04-04 12:10:00,24589.859375,768.0,768.0,118.0,840.3,19.8,0.69,0,0,0,0,50.03899641730282
2025-04-04 14:00:00,2025-04-04 13:10:00,22779.005859375,745.0,745.0,113.0,840.9,20.6,0.29,0,0,0,0,49.548670143848724
2025-04-04 15:00:00,2025-04-04 14:10:00,17555.966796875,629.0,629.0,142.0,712.7,21.0,0.51,1,1,0,0,45.08102649033256
2025-04-04 16:00:00,2025-04-04 15:10:00,13829.59765625,536.0,536.0,99.0,762.1,21.0,0.71,0,0,0,0,37.7014338271429
2025-04-04 17:00:00,2025-04-04 16:10:00,7069.15185546875,368.0,368.0,89.0,649.7,20.5,0.91,1,1,0,0,28.546929722249097
2025-04-04 18:00:00,2025-04-04 17:10:00,1219.2620849609375,192.0,192.0,65.0,486.3,19.1,0.79,6,6,0,0,18.435027981242328
2025-04-04 19:00:00,2025-04-04 18:10:00,262.38482666015625,43.0,43.0,23.0,163.5,16.2,1.32,11,11,0,0,7.910972911186213
2025-04-04 20:00:00,2025-04-04 19:10:00,0.0,0.0,0.0,0.0,0.0,14.9,1.42,0,0,0,0,-2.620245888172787
2025-04-04 21:00:00,2025-04-04 20:10:00,0.0,0.0,0.0,0.0,0.0,13.7,0.74,4,0,0,4,-12.785865028057993
2025-04-04 22:00:00,2025-04-04 21:10:00,0.0,0.0,0.0,0.0,0.0,13.1,0.07,0,0,0,0,-22.157724331307953
2025-04-04 23:00:00,2025-04-04 22:10:00,0.0,0.0,0.0,0.0,0.0,12.0,0.11,0,0,0,0,-30.17397780541953
2025-04-05 00:00:00,2025-04-04 23:10:00,0.0,0.0,0.0,0.0,0.0,11.1,0.15,0,0,0,0,-36.09683520508611
2025-04-05 01:00:00,2025-04-05 00:10:00,0.0,0.0,0.0,0.0,0.0,10.3,0.34,0,0,0,0,-39.1106862991832
2025-04-05 02:00:00,2025-04-05 01:10:00,0.0,0.0,0.0,0.0,0.0,10.0,0.81,8,8,0,0,-38.66619733796443
2025-04-05 03:00:00,2025-04-05 02:10:00,0.0,0.0,0.0,0.0,0.0,9.1,0.93,16,16,0,0,-34.85052352476916
2025-04-05 04:00:00,2025-04-05 03:10:00,0.0,0.0,0.0,0.0,0.0,8.3,1.12,18,18,0,0,-28.321110774436878
2025-04-05 05:00:00,2025-04-05 04:10:00,0.0,0.0,0.0,0.0,0.0,7.7,0.76,19,19,0,0,-19.895848790674474
2025-04-05 06:00:00,2025-04-05 05:10:00,0.0,0.0,0.0,0.0,0.0,7.3,0.45,17,17,0,0,-10.268724716915399
2025-04-05 07:00:00,2025-04-05 06:10:00,2635.703857421875,38.0,38.0,21.0,144.9,8.1,1.08,17,17,0,0,0.03955788176189289
2025-04-05 08:00:00,2025-04-05 07:10:00,8953.4228515625,187.0,187.0,63.0,492.3,10.9,0.65,12,12,0,0,10.624237108979784
2025-04-05 09:00:00,2025-04-05 08:10:00,15693.9072265625,366.0,366.0,85.0,666.4,14.0,0.3,2,2,0,0,21.11590355586491
2025-04-05 10:00:00,2025-04-05 09:10:00,19902.6171875,527.0,527.0,102.0,748.3,16.7,0.32,0,0,0,0,31.089651178297235
2025-04-05 11:00:00,2025-04-05 10:10:00,23385.291015625,661.0,661.0,111.0,808.0,18.4,0.75,0,0,0,0,39.94907193369722
2025-04-05 12:00:00,2025-04-05 11:10:00,24646.94140625,751.0,751.0,113.0,848.1,19.7,1.2,0,0,0,0,46.79279294041081
2025-04-05 13:00:00,2025-04-05 12:10:00,24535.25,784.0,784.0,113.0,862.7,20.8,1.43,0,0,0,0,50.42634964572239
2025-04-05 14:00:00,2025-04-05 13:10:00,22937.37890625,762.0,762.0,109.0,864.3,21.6,1.45,0,0,0,0,49.910144427022416
2025-04-05 15:00:00,2025-04-05 14:10:00,19254.28515625,682.0,682.0,105.0,839.8,21.8,1.77,0,0,0,0,45.39618520683489
2025-04-05 16:00:00,2025-04-05 15:10:00,13998.2099609375,555.0,555.0,95.0,797.1,21.8,1.68,3,0,2,1,37.97161199306071
2025-04-05 17:00:00,2025-04-05 16:10:00,7157.62353515625,379.0,379.0,88.0,671.9,21.5,1.23,12,0,6,6,28.78468020993115
2025-04-05 18:00:00,2025-04-05 17:10:00,1247.3995361328125,199.0,199.0,65.0,505.9,20.6,0.56,1,0,1,0,18.654362157084474
2025-04-05 19:00:00,2025-04-05 18:10:00,268.5700988769531,46.0,46.0,23.0,185.2,18.5,0.1,0,0,0,0,8.124486640858061
2025-04-05 20:00:00,2025-04-05 19:10:00,0.0,0.0,0.0,0.0,0.0,16.6,0.15,0,0,0,0,-2.4012239016694203
2025-04-05 21:00:00,2025-04-05 20:10:00,0.0,0.0,0.0,0.0,0.0,14.5,0.41,0,0,0,0,-12.550546340018068
2025-04-05 22:00:00,2025-04-05 21:10:00,0.0,0.0,0.0,0.0,0.0,13.2,0.36,0,0,0,0,-21.895571991951527
2025-04-05 23:00:00,2025-04-05 22:10:00,0.0,0.0,0.0,0.0,0.0,12.6,0.22,10,0,0,10,-29.875796815291853
2025-04-06 00:00:00,2025-04-05 23:10:00,0.0,0.0,0.0,0.0,0.0,12.3,0.11,8,0,0,8,-35.75847019100388
2025-04-06 01:00:00,2025-04-06 00:10:00,0.0,0.0,0.0,0.0,0.0,11.4,0.51,14,0,0,14,-38.73868806420172
2025-04-06 02:00:00,2025-04-06 01:10:00,0.0,0.0,0.0,0.0,0.0,11.2,0.35,4,0,0,4,-38.278751092288765
2025-04-06 03:00:00,2025-04-06 02:10:00,0.0,0.0,0.0,0.0,0.0,10.8,0.21,3,0,0,3,-34.467785373207825
2025-04-06 04:00:00,2025-04-06 03:10:00,0.0,0.0,0.0,0.0,0.0,9.9,0.74,4,0,0,4,-27.95474202800546
2025-04-06 05:00:00,2025-04-06 04:10:00,0.0,0.0,0.0,0.0,0.0,9.4,1.19,1,1,0,0,-19.547933999510185
2025-04-06 06:00:00,2025-04-06 05:10:00,0.0,0.0,0.0,0.0,0.0,8.8,0.81,5,5,0,0,-9.935739835347803
2025-04-06 07:00:00,2025-04-06 06:10:00,2602.788330078125,41.0,41.0,22.0,158.2,9.6,0.65,10,10,0,0,0.36354930526386564
2025-04-06 08:00:00,2025-04-06 07:10:00,8645.26171875,183.0,183.0,65.0,458.6,11.5,0.7,13,11,0,2,10.946190293416555
2025-04-06 09:00:00,2025-04-06 08:10:00,15006.521484375,365.0,365.0,93.0,637.2,13.9,0.75,22,14,0,9,21.443411409814143
2025-04-06 10:00:00,2025-04-06 09:10:00,19118.751953125,532.0,532.0,112.0,733.2,17.0,0.34,18,7,0,12,31.430640140917735
2025-04-06 11:00:00,2025-04-06 10:10:00,23242.130859375,671.0,671.0,112.0,815.7,20.0,1.11,5,0,0,5,40.3102084680271
2025-04-06 12:00:00,2025-04-06 11:10:00,24720.248046875,756.0,756.0,115.0,847.2,21.3,3.66,0,0,0,0,47.174113313923655
2025-04-06 13:00:00,2025-04-06 12:10:00,25068.16015625,787.0,787.0,114.0,860.7,19.9,4.86,1,0,1,0,50.811927575749245
2025-04-06 14:00:00,2025-04-06 13:10:00,22761.8984375,763.0,763.0,110.0,859.8,23.8,1.36,2,0,2,0,50.26968825727927
2025-04-06 15:00:00,2025-04-06 14:10:00,18891.67578125,677.0,677.0,114.0,814.9,24.2,1.74,11,0,11,0,45.70923677628438
2025-04-06 16:00:00,2025-04-06 15:10:00,13343.7490234375,536.0,536.0,107.0,738.7,23.0,3.89,18,0,7,15,38.23980801244604
2025-04-06 17:00:00,2025-04-06 16:10:00,6396.14013671875,370.0,370.0,97.0,625.1,19.9,4.94,5,0,5,1,29.020790708409443
2025-04-06 18:00:00,2025-04-06 17:10:00,1218.1356201171875,191.0,191.0,66.0,465.5,17.4,4.16,9,1,8,0,18.8724573060108
2025-04-06 19:00:00,2025-04-06 18:10:00,253.94578552246094,44.0,44.0,25.0,150.7,15.1,3.58,58,56,13,0,8.337134833648285
2025-04-06 20:00:00,2025-04-06 19:10:00,0.0,0.0,0.0,0.0,0.0,13.6,3.56,100,100,31,0,-2.182762901848096
2025-04-06 21:00:00,2025-04-06 20:10:00,0.0,0.0,0.0,0.0,0.0,12.8,3.29,100,100,63,0,-12.315587743946475
2025-04-06 22:00:00,2025-04-06 21:10:00,0.0,0.0,0.0,0.0,0.0,12.2,3.11,100,100,100,0,-21.633733436030948
2025-04-06 23:00:00,2025-04-06 22:10:00,0.0,0.0,0.0,0.0,0.0,11.7,3.13,100,100,100,0,-29.57810678734184
2025-04-07 00:00:00,2025-04-06 23:10:00,0.0,0.0,0.0,0.0,0.0,11.2,3.5,100,100,98,0,-35.42102753816245
2025-04-07 01:00:00,2025-04-07 00:10:00,0.0,0.0,0.0,0.0,0.0,10.6,3.76,100,100,99,0,-38.36815733352563
2025-04-07 02:00:00,2025-04-07 01:10:00,0.0,0.0,0.0,0.0,0.0,10.8,2.65,100,100,52,0,-37.89312856194039
2025-04-07 03:00:00,2025-04-07 02:10:00,0.0,0.0,0.0,0.0,0.0,10.4,2.36,100,100,77,0,-34.086918371816786
2025-04-07 04:00:00,2025-04-07 03:10:00,0.0,0.0,0.0,0.0,0.0,9.9,2.15,99,98,98,0,-27.59015316230646
2025-04-07 05:00:00,2025-04-07 04:10:00,0.0,0.0,0.0,0.0,0.0,9.2,2.08,97,96,96,0,-19.20174195842353
2025-04-07 06:00:00,2025-04-07 05:10:00,0.0,0.0,0.0,0.0,0.0,8.6,2.57,97,95,85,0,-9.604508134076182
2025-04-07 07:00:00,2025-04-07 06:10:00,1540.37744140625,17.0,17.0,14.0,24.4,8.1,2.62,91,88,83,0,0.6856815049219905
2025-04-07 08:00:00,2025-04-07 07:10:00,4218.8095703125,89.0,89.0,64.0,95.2,8.2,2.12,88,85,76,0,11.26613283235804
2025-04-07 09:00:00,2025-04-07 08:10:00,10989.1728515625,262.0,262.0,131.0,303.2,9.6,1.75,75,73,46,0,21.768750660045374
2025-04-07 10:00:00,2025-04-07 09:10:00,16005.146484375,463.0,463.0,159.0,526.2,11.0,1.81,50,48,8,0,31.769353045868048
2025-04-07 11:00:00,2025-04-07 10:10:00,21777.474609375,656.0,656.0,152.0,730.5,12.4,1.92,40,39,2,0,40.66909374295144
2025-04-07 12:00:00,2025-04-07 11:10:00,23952.611328125,749.0,749.0,136.0,805.5,13.3,1.88,15,14,1,0,47.55338167485952
2025-04-07 13:00:00,2025-04-07 12:10:00,24951.50390625,791.0,791.0,130.0,840.9,14.1,1.41,4,4,0,0,51.19562880417904
2025-04-07 14:00:00,2025-04-07 13:10:00,23119.77734375,765.0,765.0,121.0,843.6,14.9,1.26,0,0,0,0,50.62722634612363
2025-04-07 15:00:00,2025-04-07 14:10:00,19402.701171875,685.0,685.0,114.0,822.1,15.4,1.08,0,0,0,0,46.02013474299844
2025-04-07 16:00:00,2025-04-07 15:10:00,14138.046875,554.0,554.0,104.0,770.0,15.4,0.99,0,0,0,0,38.506001405288785
2025-04-07 17:00:00,2025-04-07 16:10:00,7513.3408203125,388.0,388.0,90.0,676.8,15.1,0.86,0,0,0,0,29.255256668559955
2025-04-07 18:00:00,2025-04-07 17:10:00,1294.4864501953125,207.0,207.0,68.0,510.7,14.5,1.2,0,0,0,0,19.089314783320447
2025-04-07 19:00:00,2025-04-07 18:10:00,252.83018493652344,51.0,51.0,26.0,195.5,13.2,1.36,0,0,0,0,8.548917058228763
2025-04-07 20:00:00,2025-04-07 19:10:00,0.0,0.0,0.0,0.0,0.0,11.9,1.14,0,0,0,0,-1.9648711668144736
2025-04-07 21:00:00,2025-04-07 20:10:00,0.0,0.0,0.0,0.0,0.0,10.8,0.92,0,0,0,0,-12.081010658854877
2025-04-07 22:00:00,2025-04-07 21:10:00,0.0,0.0,0.0,0.0,0.0,10.1,1.13,0,0,0,0,-21.37224781838902
2025-04-07 23:00:00,2025-04-07 22:10:00,0.0,0.0,0.0,0.0,0.0,9.1,1.23,0,0,0,0,-29.28096718704737
2025-04-08 00:00:00,2025-04-07 23:10:00,0.0,0.0,0.0,0.0,0.0,8.1,1.76,0,0,0,0,-35.084585364782846
2025-04-08 01:00:00,2025-04-08 00:10:00,0.0,0.0,0.0,0.0,0.0,7.3,2.3,9,9,0,0,-37.99918640563206
2025-04-08 02:00:00,2025-04-08 01:10:00,0.0,0.0,0.0,0.0,0.0,7.2,2.31,16,16,0,0,-37.50943542542101
2025-04-08 03:00:00,2025-04-08 02:10:00,0.0,0.0,0.0,0.0,0.0,6.5,2.75,26,26,0,0,-33.708042581637024
2025-04-08 04:00:00,2025-04-08 03:10:00,0.0,0.0,0.0,0.0,0.0,6.2,2.52,40,40,0,0,-27.22747487976239
2025-04-08 05:00:00,2025-04-08 04:10:00,0.0,0.0,0.0,0.0,0.0,5.9,2.12,98,98,0,0,-18.85740819039798
2025-04-08 06:00:00,2025-04-08 05:10:00,0.0,0.0,0.0,0.0,0.0,5.7,1.77,95,95,0,0,-9.275166004127588
2025-04-08 07:00:00,2025-04-08 06:10:00,2308.58154296875,35.0,35.0,28.0,55.8,5.9,1.46,99,99,0,0,1.00581881330113
2025-04-08 08:00:00,2025-04-08 07:10:00,6826.86376953125,133.0,133.0,105.0,104.5,6.9,1.32,98,98,0,0,11.583929799807223
2025-04-08 09:00:00,2025-04-08 08:10:00,11238.5205078125,241.0,241.0,171.0,160.1,8.2,1.77,86,86,0,0,22.091786367047373
2025-04-08 10:00:00,2025-04-08 09:10:00,11835.62890625,387.0,387.0,238.0,255.8,9.6,1.86,98,98,1,0,32.10565447922312
2025-04-08 11:00:00,2025-04-08 10:10:00,17905.421875,498.0,498.0,253.0,352.8,10.9,1.7,16,15,1,0,41.02559413698467
2025-04-08 12:00:00,2025-04-08 11:10:00,16891.392578125,464.0,464.0,314.0,196.0,11.5,1.29,5,5,1,0,47.93047491966508
2025-04-08 13:00:00,2025-04-08 12:10:00,16366.0390625,510.0,510.0,310.0,253.1,12.5,0.86,7,3,1,4,51.57735252049139
2025-04-08 14:00:00,2025-04-08 13:10:00,14338.23046875,614.0,614.0,269.0,449.7,13.1,0.85,36,24,0,16,50.98268448376968
2025-04-08 15:00:00,2025-04-08 14:10:00,9985.7626953125,573.0,573.0,219.0,507.0,13.3,0.85,45,41,0,7,46.32883403177114
2025-04-08 16:00:00,2025-04-08 15:10:00,12442.037109375,529.0,529.0,130.0,678.6,13.6,0.7,18,9,0,10,38.7701728084233
2025-04-08 17:00:00,2025-04-08 16:10:00,6786.28125,384.0,384.0,97.0,646.6,13.5,0.3,32,5,0,29,29.488074037926655
2025-04-08 18:00:00,2025-04-08 17:10:00,1338.0224609375,208.0,208.0,70.0,500.4,13.0,0.35,6,3,0,3,19.304935776349893
2025-04-08 19:00:00,2025-04-08 18:10:00,255.6303253173828,53.0,53.0,28.0,192.7,11.8,0.71,4,4,0,0,8.759832132697639
2025-04-08 20:00:00,2025-04-08 19:10:00,0.0,0.0,0.0,0.0,0.0,11.4,1.26,75,7,0,73,-1.7475581914522103
2025-04-08 21:00:00,2025-04-08 20:10:00,0.0,0.0,0.0,0.0,0.0,10.6,1.53,68,2,0,67,-11.84683803941714
2025-04-08 22:00:00,2025-04-08 21:10:00,0.0,0.0,0.0,0.0,0.0,9.4,1.1,66,0,0,66,-21.11115593566915
2025-04-08 23:00:00,2025-04-08 22:10:00,0.0,0.0,0.0,0.0,0.0,8.2,0.72,100,4,0,100,-28.984438929513843
2025-04-09 00:00:00,2025-04-08 23:10:00,0.0,0.0,0.0,0.0,0.0,7.6,0.69,100,10,0,100,-34.749222748831095
2025-04-09 01:00:00,2025-04-09 00:10:00,0.0,0.0,0.0,0.0,0.0,7.1,0.6,100,0,0,100,-37.631867902209194
2025-04-09 02:00:00,2025-04-09 01:10:00,0.0,0.0,0.0,0.0,0.0,6.9,0.47,100,1,0,100,-37.12777698928007
2025-04-09 03:00:00,2025-04-09 02:10:00,0.0,0.0,0.0,0.0,0.0,6.3,0.57,100,1,0,100,-33.331277048338144
2025-04-09 04:00:00,2025-04-09 03:10:00,0.0,0.0,0.0,0.0,0.0,5.8,0.51,100,1,0,100,-26.866836479562526
2025-04-09 05:00:00,2025-04-09 04:10:00,0.0,0.0,0.0,0.0,0.0,5.3,0.11,100,3,0,100,-18.51506665945608
2025-04-09 06:00:00,2025-04-09 05:10:00,0.0,0.0,0.0,0.0,0.0,5.0,0.05,19,5,0,15,-8.947848222756043
2025-04-09 07:00:00,2025-04-09 06:10:00,3105.358154296875,50.0,50.0,27.0,179.4,5.7,0.11,6,5,0,2,1.3238272002582434
2025-04-09 08:00:00,2025-04-09 07:10:00,9318.6787109375,203.0,203.0,71.0,483.0,7.6,0.1,13,9,0,4,11.899447901371868
2025-04-09 09:00:00,2025-04-09 08:10:00,15456.8701171875,382.0,382.0,96.0,646.8,10.2,0.35,13,4,0,9,22.412385145851136
2025-04-09 10:00:00,2025-04-09 09:10:00,20101.244140625,548.0,548.0,110.0,745.7,12.1,0.51,2,2,0,0,32.43941035850637
2025-04-09 11:00:00,2025-04-09 10:10:00,23451.525390625,681.0,681.0,118.0,805.4,13.6,0.72,0,0,0,0,41.37957694092735
2025-04-09 12:00:00,2025-04-09 11:10:00,24099.078125,758.0,758.0,136.0,808.3,14.9,0.63,18,0,0,18,48.305270443726315
2025-04-09 13:00:00,2025-04-09 12:10:00,23132.8984375,776.0,776.0,148.0,790.9,15.8,0.69,76,8,0,74,51.95699849106529
2025-04-09 14:00:00,2025-04-09 13:10:00,21060.625,747.0,747.0,176.0,740.6,16.0,1.52,57,1,0,57,51.33598950432152
2025-04-09 15:00:00,2025-04-09 14:10:00,18877.37109375,671.0,671.0,136.0,762.2,16.5,1.35,15,0,1,14,46.635290886070784
2025-04-09 16:00:00,2025-04-09 15:10:00,13889.7060546875,560.0,560.0,109.0,762.4,16.7,1.45,19,2,2,16,39.03230388145164
2025-04-09 17:00:00,2025-04-09 16:10:00,6791.07763671875,394.0,394.0,93.0,672.8,16.7,1.15,28,3,2,24,29.719239150316593
2025-04-09 18:00:00,2025-04-09 17:10:00,1357.54296875,212.0,212.0,72.0,501.1,16.4,1.03,9,0,3,5,19.519321193936136
2025-04-09 19:00:00,2025-04-09 18:10:00,252.83018493652344,55.0,55.0,29.0,197.6,14.5,0.83,2,0,2,0,8.969878023820538
2025-04-09 20:00:00,2025-04-09 19:10:00,0.0,0.0,0.0,0.0,0.0,13.6,0.3,3,0,3,0,-1.5308347718516886
2025-04-09 21:00:00,2025-04-09 20:10:00,0.0,0.0,0.0,0.0,0.0,12.6,0.29,0,0,0,0,-11.613094438475057
2025-04-09 22:00:00,2025-04-09 21:10:00,0.0,0.0,0.0,0.0,0.0,11.4,0.21,0,0,0,0,-20.850500262571625
2025-04-09 23:00:00,2025-04-09 22:10:00,0.0,0.0,0.0,0.0,0.0,10.4,0.45,0,0,0,0,-28.688584390161385
2025-04-10 00:00:00,2025-04-09 23:10:00,0.0,0.0,0.0,0.0,0.0,9.9,0.32,0,0,0,0,-34.41501972237157
2025-04-10 01:00:00,2025-04-10 00:10:00,0.0,0.0,0.0,0.0,0.0,8.9,0.55,0,0,0,0,-37.26629475781926
2025-04-10 02:00:00,2025-04-10 01:10:00,0.0,0.0,0.0,0.0,0.0,8.2,0.32,0,0,0,0,-36.74825817871981
2025-04-10 03:00:00,2025-04-10 02:10:00,0.0,0.0,0.0,0.0,0.0,7.9,0.25,0,0,0,0,-32.95673978879488
2025-04-10 04:00:00,2025-04-10 03:10:00,0.0,0.0,0.0,0.0,0.0,7.1,1.1,0,0,0,0,-26.50836582863709
2025-04-10 05:00:00,2025-04-10 04:10:00,0.0,0.0,0.0,0.0,0.0,6.6,1.13,0,0,0,0,-18.174849722073063
2025-04-10 06:00:00,2025-04-10 05:10:00,0.0,0.0,0.0,0.0,0.0,6.1,0.43,0,0,0,0,-8.622687888450344
2025-04-10 07:00:00,2025-04-10 06:10:00,3025.8251953125,55.0,55.0,28.0,206.3,7.4,0.62,0,0,0,0,1.6395743499615916
2025-04-10 08:00:00,2025-04-10 07:10:00,9665.46484375,212.0,212.0,69.0,513.5,9.9,0.35,1,0,0,1,12.212555559791076
2025-04-10 09:00:00,2025-04-10 08:10:00,15840.2890625,393.0,393.0,91.0,675.4,12.9,0.6,1,0,0,1,22.730415256482587
2025-04-10 10:00:00,2025-04-10 09:10:00,20512.806640625,560.0,560.0,105.0,768.5,15.4,0.35,1,0,0,1,32.77048802089675
2025-04-10 11:00:00,2025-04-10 10:10:00,23513.369140625,693.0,693.0,114.0,823.1,17.5,0.29,0,0,0,0,41.730910426605305
2025-04-10 12:00:00,2025-04-10 11:10:00,24527.75390625,777.0,777.0,119.0,850.5,19.0,0.83,1,0,0,1,48.677646166170284
2025-04-10 13:00:00,2025-04-10 12:10:00,24476.509765625,806.0,806.0,120.0,859.7,20.2,1.03,4,0,0,4,52.33446704277734
2025-04-10 14:00:00,2025-04-10 13:10:00,22776.1328125,781.0,781.0,116.0,858.4,21.9,1.5,0,0,0,0,51.68706924946283
2025-04-10 15:00:00,2025-04-10 14:10:00,19230.591796875,699.0,699.0,111.0,833.5,22.4,1.77,0,0,0,0,46.939462804559554
2025-04-10 16:00:00,2025-04-10 15:10:00,14077.4609375,572.0,572.0,99.0,794.9,22.3,1.77,0,0,0,0,39.29237721198262
2025-04-10 17:00:00,2025-04-10 16:10:00,7562.0576171875,404.0,404.0,87.0,703.0,21.9,1.55,0,0,0,0,29.948748616405638
2025-04-10 18:00:00,2025-04-10 17:10:00,1368.3204345703125,219.0,219.0,68.0,533.7,21.0,1.75,0,0,0,0,19.73247155837853
2025-04-10 19:00:00,2025-04-10 18:10:00,252.83018493652344,59.0,59.0,29.0,224.9,18.7,0.98,0,0,0,0,9.179051749860754
2025-04-10 20:00:00,2025-04-10 19:10:00,0.0,0.0,0.0,0.0,0.0,17.0,1.68,0,0,0,0,-1.3147130853944757
2025-04-10 21:00:00,2025-04-10 20:10:00,0.0,0.0,0.0,0.0,0.0,15.1,0.97,0,0,0,0,-11.37980606478052
2025-04-10 22:00:00,2025-04-10 21:10:00,0.0,0.0,0.0,0.0,0.0,13.9,0.16,0,0,0,0,-20.590324983405143
2025-04-10 23:00:00,2025-04-10 22:10:00,0.0,0.0,0.0,0.0,0.0,12.9,0.25,0,0,0,0,-28.393467411379696
2025-04-11 00:00:00,2025-04-10 23:10:00,0.0,0.0,0.0,0.0,0.0,11.9,0.4,0,0,0,0,-34.082057262915576
2025-04-11 01:00:00,2025-04-11 00:10:00,0.0,0.0,0.0,0.0,0.0,10.9,1.1,0,0,0,0,-36.90256020738646
2025-04-11 02:00:00,2025-04-11 01:10:00,0.0,0.0,0.0,0.0,0.0,10.9,0.32,0,0,0,0,-36.37098352662606
2025-04-11 03:00:00,2025-04-11 02:10:00,0.0,0.0,0.0,0.0,0.0,10.3,0.21,0,0,0,0,-32.58454777697236
2025-04-11 04:00:00,2025-04-11 03:10:00,0.0,0.0,0.0,0.0,0.0,9.4,0.96,0,0,0,0,-26.15218933311222
2025-04-11 05:00:00,2025-04-11 04:10:00,0.0,0.0,0.0,0.0,0.0,8.9,1.56,0,0,0,0,-17.836888079900273
2025-04-11 06:00:00,2025-04-11 05:10:00,0.0,0.0,0.0,0.0,0.0,8.0,1.8,0,0,0,0,-8.299816357541905
2025-04-11 07:00:00,2025-04-11 06:10:00,3048.27880859375,58.0,58.0,29.0,217.2,8.8,1.82,0,0,0,0,1.9529297364306408
2025-04-11 08:00:00,2025-04-11 07:10:00,9871.3720703125,218.0,218.0,68.0,528.8,11.4,1.0,0,0,0,0,12.523122999424922
2025-04-11 09:00:00,2025-04-11 08:10:00,16349.33203125,400.0,400.0,90.0,685.8,14.2,0.84,0,0,0,0,23.04574669416518
2025-04-11 10:00:00,2025-04-11 09:10:00,20580.02734375,566.0,566.0,103.0,775.9,17.2,0.83,0,0,0,0,33.09875631233994
2025-04-11 11:00:00,2025-04-11 10:10:00,23441.748046875,699.0,699.0,111.0,830.7,19.6,1.05,0,0,0,0,42.07946391758693
2025-04-11 12:00:00,2025-04-11 11:10:00,24533.583984375,784.0,784.0,116.0,858.9,21.4,1.52,0,0,0,0,49.04748055613726
2025-04-11 13:00:00,2025-04-11 12:10:00,24736.3125,812.0,812.0,118.0,865.5,22.6,2.0,0,0,0,0,52.70965904612341
2025-04-11 14:00:00,2025-04-11 13:10:00,22916.0546875,784.0,784.0,116.0,858.2,23.5,2.45,0,0,0,0,52.03585253078147
2025-04-11 15:00:00,2025-04-11 14:10:00,19220.240234375,700.0,700.0,111.0,830.7,23.9,2.3,0,0,0,0,47.2413084761275
2025-04-11 16:00:00,2025-04-11 15:10:00,13859.72265625,567.0,567.0,101.0,778.6,23.9,2.18,0,0,0,0,39.550376220471385
2025-04-11 17:00:00,2025-04-11 16:10:00,7546.13427734375,401.0,401.0,89.0,686.7,23.2,2.23,0,0,0,0,30.176599215668496
2025-04-11 18:00:00,2025-04-11 17:10:00,1367.428955078125,220.0,220.0,69.0,527.1,22.0,2.58,0,0,0,0,19.94438690018954
2025-04-11 19:00:00,2025-04-11 18:10:00,253.99940490722656,61.0,61.0,31.0,222.0,19.5,2.7,0,0,0,0,9.387349287246977
2025-04-11 20:00:00,2025-04-11 19:10:00,0.0,0.0,0.0,0.0,0.0,17.3,2.59,0,0,0,0,-1.0992067662941163
2025-04-11 21:00:00,2025-04-11 20:10:00,0.0,0.0,0.0,0.0,0.0,15.6,2.0,0,0,0,0,-11.147000835836502
2025-04-11 22:00:00,2025-04-11 21:10:00,0.0,0.0,0.0,0.0,0.0,14.0,1.5,0,0,0,0,-20.330676018865585
2025-04-11 23:00:00,2025-04-11 22:10:00,0.0,0.0,0.0,0.0,0.0,12.9,0.96,0,0,0,0,-28.09915330514307
2025-04-12 00:00:00,2025-04-11 23:10:00,0.0,0.0,0.0,0.0,0.0,11.9,1.05,0,0,0,0,-33.75041728178321
2025-04-12 01:00:00,2025-04-12 00:10:00,0.0,0.0,0.0,0.0,0.0,11.1,0.96,14,14,0,0,-36.54075777153298
2025-04-12 02:00:00,2025-04-12 01:10:00,0.0,0.0,0.0,0.0,0.0,10.6,0.69,22,22,0,0,-35.9960571610422
2025-04-12 03:00:00,2025-04-12 02:10:00,0.0,0.0,0.0,0.0,0.0,10.2,0.65,34,33,0,1,-32.21481692910482
2025-04-12 04:00:00,2025-04-12 03:10:00,0.0,0.0,0.0,0.0,0.0,9.9,0.68,43,43,0,1,-25.798431910199614
2025-04-12 05:00:00,2025-04-12 04:10:00,0.0,0.0,0.0,0.0,0.0,9.6,0.97,100,100,0,0,-17.50131073375943
2025-04-12 06:00:00,2025-04-12 05:10:00,0.0,0.0,0.0,0.0,0.0,9.2,1.63,100,100,0,3,-7.979363182409162
2025-04-12 07:00:00,2025-04-12 06:10:00,2217.445556640625,42.0,42.0,30.0,88.2,9.4,1.66,100,100,0,97,2.2637646975591226
2025-04-12 08:00:00,2025-04-12 07:10:00,4317.1279296875,111.0,111.0,100.0,38.1,10.3,0.85,100,100,0,98,12.831022329636006
2025-04-12 09:00:00,2025-04-12 08:10:00,6640.5859375,194.0,194.0,169.0,54.7,11.9,1.44,100,100,0,90,23.358251279187147
2025-04-12 10:00:00,2025-04-12 09:10:00,8215.578125,325.0,325.0,234.0,151.3,13.9,1.65,100,100,75,100,33.42408567751221
2025-04-12 11:00:00,2025-04-12 10:10:00,9372.9443359375,301.0,301.0,237.0,89.9,14.9,1.18,100,100,97,71,42.42510786194081
2025-04-12 12:00:00,2025-04-12 11:10:00,6749.26611328125,217.0,217.0,215.0,2.6,15.2,1.98,100,100,90,30,49.414652660703126
2025-04-12 13:00:00,2025-04-12 12:10:00,11621.0537109375,428.0,428.0,207.0,274.3,17.0,1.52,97,96,7,10,53.08247589801114
2025-04-12 14:00:00,2025-04-12 13:10:00,14316.701171875,552.0,552.0,284.0,342.7,18.8,1.17,100,100,7,0,52.38226909085712
2025-04-12 15:00:00,2025-04-12 14:10:00,9459.7236328125,495.0,495.0,230.0,371.9,19.4,1.47,75,67,24,0,47.54078771363593
2025-04-12 16:00:00,2025-04-12 15:10:00,7095.775390625,347.0,347.0,200.0,244.2,19.5,2.23,48,25,28,5,39.806285064942855
2025-04-12 17:00:00,2025-04-12 16:10:00,3834.59228515625,216.0,216.0,119.0,211.9,19.0,2.68,53,22,43,2,30.402787789936166
2025-04-12 18:00:00,2025-04-12 17:10:00,1006.9688110351562,100.0,100.0,72.0,96.6,18.4,2.65,79,63,69,11,20.155066655910474
2025-04-12 19:00:00,2025-04-12 18:10:00,236.48593139648438,44.0,44.0,29.0,109.5,17.3,2.2,98,48,58,91,9.594765481311509
2025-04-12 20:00:00,2025-04-12 19:10:00,0.0,0.0,0.0,0.0,0.0,16.2,1.42,100,29,100,100,-0.8843309764125707
2025-04-12 21:00:00,2025-04-12 20:10:00,0.0,0.0,0.0,0.0,0.0,15.2,1.65,100,6,100,99,-10.914708425717407
2025-04-12 22:00:00,2025-04-12 21:10:00,0.0,0.0,0.0,0.0,0.0,14.2,1.74,100,9,100,100,-20.071601047990594
2025-04-12 23:00:00,2025-04-12 22:10:00,0.0,0.0,0.0,0.0,0.0,13.6,1.41,100,14,100,100,-27.805708851589216
2025-04-13 00:00:00,2025-04-12 23:10:00,0.0,0.0,0.0,0.0,0.0,12.9,1.67,100,9,100,100,-33.420182609504316
2025-04-13 01:00:00,2025-04-13 00:10:00,0.0,0.0,0.0,0.0,0.0,12.0,0.81,100,19,100,100,-36.18098123978894
2025-04-13 02:00:00,2025-04-13 01:10:00,0.0,0.0,0.0,0.0,0.0,13.4,1.07,100,0,100,100,-35.62358279110493
2025-04-13 03:00:00,2025-04-13 02:10:00,0.0,0.0,0.0,0.0,0.0,12.9,1.35,100,19,100,100,-31.847662088156802
2025-04-13 04:00:00,2025-04-13 03:10:00,0.0,0.0,0.0,0.0,0.0,12.6,0.92,100,0,100,100,-25.447216960479963
2025-04-13 05:00:00,2025-04-13 04:10:00,0.0,0.0,0.0,0.0,0.0,12.2,0.83,100,0,100,100,-17.168244938874402
2025-04-13 06:00:00,2025-04-13 05:10:00,0.0,0.0,0.0,0.0,0.0,11.9,1.04,100,0,100,100,-7.661456051278862
2025-04-13 07:00:00,2025-04-13 06:10:00,1515.2166748046875,19.0,19.0,19.0,0.0,11.8,0.92,100,1,100,82,2.571952507580232
2025-04-13 08:00:00,2025-04-13 07:10:00,4135.3642578125,123.0,123.0,97.0,88.5,12.9,0.68,100,5,70,100,13.136127626986395
2025-04-13 09:00:00,2025-04-13 08:10:00,7417.9384765625,271.0,271.0,204.0,145.1,14.6,0.97,100,11,93,100,23.66780274633964
2025-04-13 10:00:00,2025-04-13 09:10:00,8195.4501953125,280.0,280.0,213.0,110.6,15.6,0.74,100,78,75,99,33.74634825057353
2025-04-13 11:00:00,2025-04-13 10:10:00,9244.337890625,296.0,296.0,205.0,127.0,15.9,1.38,100,100,100,94,42.76771390708535
2025-04-13 12:00:00,2025-04-13 11:10:00,8427.7607421875,397.0,397.0,213.0,234.2,15.9,2.37,100,100,100,100,49.77904213463392
2025-04-13 13:00:00,2025-04-13 12:10:00,7378.0859375,244.0,244.0,209.0,43.2,14.4,3.04,100,100,100,20,53.45281950437698
2025-04-13 14:00:00,2025-04-13 13:10:00,6671.568359375,276.0,276.0,209.0,85.3,14.5,2.71,100,100,100,90,52.726249563243684
2025-04-13 15:00:00,2025-04-13 14:10:00,4084.623291015625,211.0,211.0,176.0,48.9,14.5,2.04,100,100,100,91,47.83786138656651
2025-04-13 16:00:00,2025-04-13 15:10:00,3929.9228515625,239.0,239.0,182.0,94.2,15.5,1.22,100,100,100,100,40.060088545877356
2025-04-13 17:00:00,2025-04-13 16:10:00,2500.728759765625,149.0,149.0,132.0,36.9,15.6,0.8,100,100,100,36,30.62731113887427
2025-04-13 18:00:00,2025-04-13 17:10:00,929.624267578125,71.0,71.0,63.0,27.3,15.5,0.96,100,100,100,34,20.36450956925425
2025-04-13 19:00:00,2025-04-13 18:10:00,217.88186645507812,20.0,20.0,20.0,0.0,15.2,0.91,100,100,100,20,9.801293961314764
2025-04-13 20:00:00,2025-04-13 19:10:00,0.0,0.0,0.0,0.0,0.0,14.9,0.9,100,100,100,18,-0.6701024711890546
2025-04-13 21:00:00,2025-04-13 20:10:00,0.0,0.0,0.0,0.0,0.0,14.6,1.07,100,99,100,19,-10.682960307766281
2025-04-13 22:00:00,2025-04-13 21:10:00,0.0,0.0,0.0,0.0,0.0,14.2,1.31,100,100,100,40,-19.813149525254456
2025-04-13 23:00:00,2025-04-13 22:10:00,0.0,0.0,0.0,0.0,0.0,13.9,1.38,100,100,100,24,-27.513202293577724
2025-04-14 00:00:00,2025-04-13 23:10:00,0.0,0.0,0.0,0.0,0.0,13.7,0.81,100,100,100,70,-33.09143697829138
2025-04-14 01:00:00,2025-04-14 00:10:00,0.0,0.0,0.0,0.0,0.0,13.6,0.3,100,100,100,26,-35.823324651708326
2025-04-14 02:00:00,2025-04-14 01:10:00,0.0,0.0,0.0,0.0,0.0,12.4,0.78,100,13,100,88,-35.25366369146607
2025-04-14 03:00:00,2025-04-14 02:10:00,0.0,0.0,0.0,0.0,0.0,12.2,0.9,100,15,100,100,-31.483197007562133
2025-04-14 04:00:00,2025-04-14 03:10:00,0.0,0.0,0.0,0.0,0.0,11.9,0.87,100,100,100,100,-25.098666340546274
2025-04-14 05:00:00,2025-04-14 04:10:00,0.0,0.0,0.0,0.0,0.0,11.7,1.28,100,78,100,100,-16.83781616131141
2025-04-14 06:00:00,2025-04-14 05:10:00,0.0,0.0,0.0,0.0,0.0,11.2,1.35,100,100,88,100,-7.346220729627262
2025-04-14 07:00:00,2025-04-14 06:10:00,1209.04638671875,18.0,18.0,18.0,0.0,11.6,1.42,100,100,100,100,2.8773684479297787
2025-04-14 08:00:00,2025-04-14 07:10:00,2057.128173828125,55.0,55.0,53.0,6.7,11.9,1.7,100,100,100,100,13.438315016167632
2025-04-14 09:00:00,2025-04-14 08:10:00,2883.9560546875,96.0,96.0,91.0,10.7,12.3,2.26,100,100,100,100,23.97427683382313
2025-04-14 10:00:00,2025-04-14 09:10:00,3895.100341796875,132.0,132.0,122.0,16.4,12.8,2.23,100,100,100,100,34.06541794663183
2025-04-14 11:00:00,2025-04-14 10:10:00,3878.316162109375,146.0,146.0,142.0,5.6,13.2,1.83,100,100,100,100,43.107154976769515
2025-04-14 12:00:00,2025-04-14 11:10:00,3715.231201171875,131.0,131.0,127.0,5.1,13.5,1.8,100,100,100,100,50.14052927215354
2025-04-14 13:00:00,2025-04-14 12:10:00,3744.03369140625,124.0,124.0,123.0,1.2,13.7,2.08,100,100,100,100,53.82059226278714
2025-04-14 14:00:00,2025-04-14 13:10:00,3288.925048828125,115.0,115.0,109.0,7.6,13.5,2.66,100,99,100,100,53.06772543148022
2025-04-14 15:00:00,2025-04-14 14:10:00,2855.5927734375,125.0,125.0,121.0,5.6,13.3,2.43,100,100,100,100,48.132491352773485
2025-04-14 16:00:00,2025-04-14 15:10:00,2039.2340087890625,60.0,60.0,60.0,0.0,12.9,2.4,100,100,100,97,40.31177201153239
2025-04-14 17:00:00,2025-04-14 16:10:00,1309.9505615234375,52.0,52.0,52.0,0.0,12.3,1.93,100,100,100,82,30.850165917663144
2025-04-14 18:00:00,2025-04-14 17:10:00,807.3759765625,30.0,30.0,30.0,0.0,11.9,2.28,100,100,100,97,20.572713595820137
2025-04-14 19:00:00,2025-04-14 18:10:00,213.11167907714844,7.0,7.0,7.0,0.0,11.6,2.14,100,100,100,75,10.006927059954041
2025-04-14 20:00:00,2025-04-14 19:10:00,0.0,0.0,0.0,0.0,0.0,11.6,1.86,100,100,100,63,-0.4565396605357908
2025-04-14 21:00:00,2025-04-14 20:10:00,0.0,0.0,0.0,0.0,0.0,11.6,2.25,100,100,100,89,-10.451789792085096
2025-04-14 22:00:00,2025-04-14 21:10:00,0.0,0.0,0.0,0.0,0.0,11.4,2.2,100,100,100,100,-19.555372692782683
2025-04-14 23:00:00,2025-04-14 22:10:00,0.0,0.0,0.0,0.0,0.0,11.4,1.82,100,100,100,100,-27.2217033272558
2025-04-15 00:00:00,2025-04-14 23:10:00,0.0,0.0,0.0,0.0,0.0,11.4,1.46,100,100,100,100,-32.764265001624565
2025-04-15 01:00:00,2025-04-15 00:10:00,0.0,0.0,0.0,0.0,0.0,11.3,1.03,100,100,100,100,-35.46788227592577
2025-04-15 02:00:00,2025-04-15 01:10:00,0.0,0.0,0.0,0.0,0.0,11.5,1.92,100,100,100,100,-34.8864026852277
2025-04-15 03:00:00,2025-04-15 02:10:00,0.0,0.0,0.0,0.0,0.0,11.4,1.68,100,100,100,100,-31.121534334239612
2025-04-15 04:00:00,2025-04-15 03:10:00,0.0,0.0,0.0,0.0,0.0,11.2,1.51,100,100,100,100,-24.75290033597828
2025-04-15 05:00:00,2025-04-15 04:10:00,0.0,0.0,0.0,0.0,0.0,11.1,1.61,100,97,100,100,-16.510148035603375
2025-04-15 06:00:00,2025-04-15 05:10:00,0.0,0.0,0.0,0.0,0.0,11.1,1.27,100,100,100,62,-7.033781003189012
2025-04-15 07:00:00,2025-04-15 06:10:00,1180.770751953125,9.0,9.0,9.0,0.0,11.2,0.97,100,100,100,45,3.179889876458303
2025-04-15 08:00:00,2025-04-15 07:10:00,1933.533935546875,39.0,39.0,39.0,0.0,11.7,0.11,100,100,99,99,13.737462749576245
2025-04-15 09:00:00,2025-04-15 08:10:00,7385.05029296875,170.0,170.0,152.0,38.2,12.9,0.86,76,32,13,59,24.277551371508878
2025-04-15 10:00:00,2025-04-15 09:10:00,14553.2451171875,517.0,517.0,200.0,515.9,15.1,1.03,99,34,11,98,34.38117055382714
2025-04-15 11:00:00,2025-04-15 10:10:00,14555.0830078125,467.0,467.0,280.0,258.1,15.9,1.24,51,29,9,26,43.44330535020941
2025-04-15 12:00:00,2025-04-15 11:10:00,16745.10546875,575.0,575.0,219.0,448.7,16.8,2.09,38,27,26,0,50.49899504090587
2025-04-15 13:00:00,2025-04-15 12:10:00,19076.9609375,671.0,671.0,220.0,552.3,17.5,2.29,34,14,25,5,54.18569704518742
2025-04-15 14:00:00,2025-04-15 13:10:00,14254.587890625,547.0,547.0,246.0,379.9,17.2,1.57,58,17,24,37,53.40662898726669
2025-04-15 15:00:00,2025-04-15 14:10:00,8901.9677734375,485.0,485.0,214.0,375.0,17.5,1.81,99,24,24,98,48.424640389535256
2025-04-15 16:00:00,2025-04-15 15:10:00,6686.220703125,395.0,395.0,223.0,281.1,17.5,2.74,73,25,25,53,40.56132126396795
2025-04-15 17:00:00,2025-04-15 16:10:00,3059.302734375,220.0,220.0,151.0,147.5,16.5,2.21,98,36,35,96,31.07134853714804
2025-04-15 18:00:00,2025-04-15 17:10:00,986.2383422851562,83.0,83.0,75.0,26.6,15.2,2.63,98,26,28,96,20.77967581161068
2025-04-15 19:00:00,2025-04-15 18:10:00,244.28549194335938,41.0,41.0,36.0,35.2,14.1,2.75,100,37,29,100,10.211655737537507
2025-04-15 20:00:00,2025-04-15 19:10:00,0.0,0.0,0.0,0.0,0.0,13.5,2.82,100,100,28,100,-0.2436626645745211
2025-04-15 21:00:00,2025-04-15 20:10:00,0.0,0.0,0.0,0.0,0.0,13.0,2.79,100,92,31,97,-10.22123205775115
2025-04-15 22:00:00,2025-04-15 21:10:00,0.0,0.0,0.0,0.0,0.0,12.8,2.4,97,65,26,91,-19.29832358768201
2025-04-15 23:00:00,2025-04-15 22:10:00,0.0,0.0,0.0,0.0,0.0,12.4,2.06,99,20,45,98,-26.931283088668458
2025-04-16 00:00:00,2025-04-15 23:10:00,0.0,0.0,0.0,0.0,0.0,12.0,2.91,100,100,51,88,-32.438752150995526
2025-04-16 01:00:00,2025-04-16 00:10:00,0.0,0.0,0.0,0.0,0.0,11.6,3.1,100,100,53,96,-35.11474858719411
2025-04-16 02:00:00,2025-04-16 01:10:00,0.0,0.0,0.0,0.0,0.0,12.6,3.42,100,96,34,100,-34.52190212541981
2025-04-16 03:00:00,2025-04-16 02:10:00,0.0,0.0,0.0,0.0,0.0,12.6,2.37,100,100,28,98,-30.762785590890335
2025-04-16 04:00:00,2025-04-16 03:10:00,0.0,0.0,0.0,0.0,0.0,12.3,3.94,100,100,17,66,-24.410037634624665
2025-04-16 05:00:00,2025-04-16 04:10:00,0.0,0.0,0.0,0.0,0.0,12.1,3.98,100,100,47,92,-16.185362323538506
2025-04-16 06:00:00,2025-04-16 05:10:00,507.59619140625,1.0,1.0,1.0,0.0,12.0,4.3,100,100,82,49,-6.724258622583281
2025-04-16 07:00:00,2025-04-16 06:10:00,1313.94287109375,22.0,22.0,19.0,20.5,11.9,4.45,100,100,100,99,3.4793962949411084
2025-04-16 08:00:00,2025-04-16 07:10:00,1716.5167236328125,32.0,32.0,30.0,6.5,12.0,3.68,100,99,100,100,14.033451285441132
2025-04-16 09:00:00,2025-04-16 08:10:00,2585.7392578125,60.0,60.0,60.0,0.0,12.4,2.93,100,100,100,100,24.577506368434253
2025-04-16 10:00:00,2025-04-16 09:10:00,2571.70166015625,77.0,77.0,77.0,0.0,12.9,2.8,100,100,100,100,34.69348382592833
2025-04-16 11:00:00,2025-04-16 10:10:00,5359.69580078125,197.0,197.0,176.0,28.8,14.2,3.29,100,58,100,89,43.77604074339044
2025-04-16 12:00:00,2025-04-16 11:10:00,3395.59326171875,127.0,127.0,127.0,0.0,13.9,3.09,100,82,100,98,50.85432111828983
2025-04-16 13:00:00,2025-04-16 12:10:00,4236.21728515625,179.0,179.0,173.0,7.3,14.2,3.38,100,100,100,93,54.54803718097267
2025-04-16 14:00:00,2025-04-16 13:10:00,3643.437744140625,122.0,122.0,122.0,0.0,14.4,2.26,100,27,100,100,53.74289328794177
2025-04-16 15:00:00,2025-04-16 14:10:00,3069.063720703125,130.0,130.0,126.0,5.5,14.6,2.41,100,90,100,92,48.71427212410098
2025-04-16 16:00:00,2025-04-16 15:10:00,3843.09619140625,167.0,167.0,141.0,42.3,15.1,2.51,100,75,96,100,40.80872246603479
2025-04-16 17:00:00,2025-04-16 16:10:00,1142.99267578125,53.0,53.0,53.0,0.0,14.2,2.97,100,49,100,100,31.290855066713558
2025-04-16 18:00:00,2025-04-16 17:10:00,833.9561157226562,21.0,21.0,21.0,0.0,13.8,2.84,100,78,100,100,20.985392325561783
2025-04-16 19:00:00,2025-04-16 18:10:00,208.5620574951172,4.0,4.0,4.0,0.0,13.4,3.16,100,99,100,100,10.415469510984058
2025-04-16 20:00:00,2025-04-16 19:10:00,0.0,0.0,0.0,0.0,0.0,13.3,2.8,100,56,100,100,-0.03149336410533101
2025-04-16 21:00:00,2025-04-16 20:10:00,0.0,0.0,0.0,0.0,0.0,13.1,1.84,100,100,100,100,-9.991324179711844
2025-04-16 22:00:00,2025-04-16 21:10:00,0.0,0.0,0.0,0.0,0.0,13.0,1.83,100,100,100,100,-19.04205704449576
2025-04-16 23:00:00,2025-04-16 22:10:00,0.0,0.0,0.0,0.0,0.0,12.7,4.16,100,100,100,100,-26.642014136462304
2025-04-17 00:00:00,2025-04-16 23:10:00,0.0,0.0,0.0,0.0,0.0,12.2,4.88,100,100,100,100,-32.114984729862186
2025-04-17 01:00:00,2025-04-17 00:10:00,0.0,0.0,0.0,0.0,0.0,11.9,4.21,100,100,100,100,-34.764018241445434
2025-04-17 02:00:00,2025-04-17 01:10:00,0.0,0.0,0.0,0.0,0.0,12.8,4.42,100,100,100,100,-34.16026387505424
2025-04-17 03:00:00,2025-04-17 02:10:00,0.0,0.0,0.0,0.0,0.0,12.8,3.43,100,67,100,100,-30.40706115758381
2025-04-17 04:00:00,2025-04-17 03:10:00,0.0,0.0,0.0,0.0,0.0,12.5,4.58,100,100,100,100,-24.070195300174376
2025-04-17 05:00:00,2025-04-17 04:10:00,0.0,0.0,0.0,0.0,0.0,12.1,5.04,100,100,100,100,-15.863578874097218
2025-04-17 06:00:00,2025-04-17 05:10:00,0.0,0.0,0.0,0.0,0.0,12.0,4.71,100,100,100,100,-6.417773249571326
2025-04-17 07:00:00,2025-04-17 06:10:00,1096.8980712890625,2.0,2.0,2.0,0.0,12.5,6.8,100,100,100,82,3.7757694148306067
2025-04-17 08:00:00,2025-04-17 07:10:00,1611.5357666015625,12.0,12.0,12.0,0.0,12.3,6.08,100,100,99,48,14.326163364404794
2025-04-17 09:00:00,2025-04-17 08:10:00,3929.616455078125,43.0,43.0,43.0,0.0,12.5,3.52,84,49,41,49,24.874024099399776
2025-04-17 10:00:00,2025-04-17 09:10:00,7019.75341796875,177.0,177.0,130.0,75.5,13.4,2.98,89,17,83,40,35.00223757532096
2025-04-17 11:00:00,2025-04-17 10:10:00,9967.11328125,358.0,358.0,212.0,199.4,14.2,4.05,97,25,91,90,44.105238392527085
2025-04-17 12:00:00,2025-04-17 11:10:00,11238.4111328125,418.0,418.0,271.0,183.6,13.8,3.61,100,85,99,23,51.20638993034204
2025-04-17 13:00:00,2025-04-17 12:10:00,7992.95703125,299.0,299.0,218.0,98.4,13.6,2.92,100,66,100,61,54.907516440551206
2025-04-17 14:00:00,2025-04-17 13:10:00,12343.578125,563.0,563.0,230.0,416.8,14.4,3.8,100,24,100,15,54.076452113401274
2025-04-17 15:00:00,2025-04-17 14:10:00,6207.53955078125,328.0,328.0,185.0,196.2,14.4,4.25,72,47,41,17,49.001350963924885
2025-04-17 16:00:00,2025-04-17 15:10:00,2879.834228515625,134.0,134.0,124.0,16.2,13.2,3.67,100,20,100,100,41.05396204957645
2025-04-17 17:00:00,2025-04-17 16:10:00,1929.390625,86.0,86.0,82.0,8.4,12.6,3.35,100,81,100,100,31.508681140120977
2025-04-17 18:00:00,2025-04-17 17:10:00,824.95654296875,30.0,30.0,30.0,0.0,12.4,1.91,100,99,100,99,21.189858196280557
2025-04-17 19:00:00,2025-04-17 18:10:00,214.35269165039062,12.0,12.0,12.0,0.0,12.4,1.5,100,35,100,100,10.618356387793012
2025-04-17 20:00:00,2025-04-17 19:10:00,219.22128295898438,1.0,1.0,1.0,0.0,11.9,1.03,99,4,99,48,0.17994455428043865
2025-04-17 21:00:00,2025-04-17 20:10:00,0.0,0.0,0.0,0.0,0.0,11.1,1.7,100,7,98,90,-9.762105150325718
2025-04-17 22:00:00,2025-04-17 21:10:00,0.0,0.0,0.0,0.0,0.0,11.4,2.58,99,14,99,25,-18.786629692809214
2025-04-17 23:00:00,2025-04-17 22:10:00,0.0,0.0,0.0,0.0,0.0,11.2,2.55,100,27,100,0,-26.353970430741235
2025-04-18 00:00:00,2025-04-17 23:10:00,0.0,0.0,0.0,0.0,0.0,10.9,2.02,100,12,100,27,-31.793049844873845
2025-04-18 01:00:00,2025-04-18 00:10:00,0.0,0.0,0.0,0.0,0.0,10.8,1.81,77,5,61,40,-34.415786048922094
2025-04-18 02:00:00,2025-04-18 01:10:00,0.0,0.0,0.0,0.0,0.0,10.9,0.73,100,12,100,64,-33.80158928578982
2025-04-18 03:00:00,2025-04-18 02:10:00,0.0,0.0,0.0,0.0,0.0,10.4,0.72,39,6,27,13,-30.054470252644823
2025-04-18 04:00:00,2025-04-18 03:10:00,0.0,0.0,0.0,0.0,0.0,9.8,0.49,16,5,10,6,-23.733488746003655
2025-04-18 05:00:00,2025-04-18 04:10:00,0.0,0.0,0.0,0.0,0.0,9.0,0.85,13,2,11,0,-15.54491558452554
2025-04-18 06:00:00,2025-04-18 05:10:00,557.2761840820312,2.0,2.0,2.0,0.0,8.4,1.1,42,4,39,0,-6.114442404961577
2025-04-18 07:00:00,2025-04-18 06:10:00,3320.78271484375,76.0,76.0,45.0,205.5,9.2,1.35,15,1,14,0,4.068893221192846
2025-04-18 08:00:00,2025-04-18 07:10:00,9462.8642578125,231.0,231.0,96.0,425.3,10.6,0.75,1,1,0,0,14.615484084454414
2025-04-18 09:00:00,2025-04-18 08:10:00,16045.4521484375,427.0,427.0,108.0,659.0,12.8,0.73,0,0,0,0,25.166989190527655
2025-04-18 10:00:00,2025-04-18 09:10:00,20098.560546875,587.0,587.0,116.0,751.4,14.9,0.66,0,0,0,0,35.30731376624785
2025-04-18 11:00:00,2025-04-18 10:10:00,23217.31640625,707.0,707.0,125.0,790.7,16.5,0.95,0,0,0,0,44.43077713965439
2025-04-18 12:00:00,2025-04-18 11:10:00,23947.201171875,796.0,796.0,128.0,830.6,17.9,1.05,1,0,1,0,51.55508469333684
2025-04-18 13:00:00,2025-04-18 12:10:00,24263.87890625,823.0,823.0,129.0,839.3,18.6,1.06,2,1,2,0,55.2640390195844
2025-04-18 14:00:00,2025-04-18 13:10:00,18236.544921875,604.0,604.0,184.0,523.5,18.1,1.48,15,2,13,1,54.40723992259554
2025-04-18 15:00:00,2025-04-18 14:10:00,18087.427734375,684.0,684.0,135.0,749.8,18.7,1.65,11,1,3,8,49.285842026777665
2025-04-18 16:00:00,2025-04-18 15:10:00,12261.3896484375,573.0,573.0,120.0,728.9,18.6,2.65,31,22,10,10,41.297026625085515
2025-04-18 17:00:00,2025-04-18 16:10:00,5532.49072265625,392.0,392.0,111.0,588.3,18.0,3.95,59,56,19,5,31.724821864532345
2025-04-18 18:00:00,2025-04-18 17:10:00,1622.03125,215.0,215.0,88.0,409.0,16.9,3.49,59,57,16,3,21.393067353166117
2025-04-18 19:00:00,2025-04-18 18:10:00,267.2091979980469,63.0,63.0,42.0,142.5,15.0,3.36,12,2,11,0,10.82030280510626
2025-04-18 20:00:00,2025-04-18 19:10:00,225.01454162597656,2.0,2.0,2.0,0.0,13.2,2.17,37,6,35,0,0.39062555851431197
2025-04-18 21:00:00,2025-04-18 20:10:00,0.0,0.0,0.0,0.0,0.0,12.2,1.05,43,8,40,0,-9.533615895537089
2025-04-18 22:00:00,2025-04-18 21:10:00,0.0,0.0,0.0,0.0,0.0,11.6,0.78,38,9,37,0,-18.532099950044593
2025-04-18 23:00:00,2025-04-18 22:10:00,0.0,0.0,0.0,0.0,0.0,11.2,1.0,45,3,40,6,-26.06722730814179
2025-04-19 00:00:00,2025-04-18 23:10:00,0.0,0.0,0.0,0.0,0.0,10.8,1.4,48,1,43,8,-31.473035374429774
2025-04-19 01:00:00,2025-04-19 00:10:00,0.0,0.0,0.0,0.0,0.0,10.4,1.66,100,0,100,20,-34.07014694542719
2025-04-19 02:00:00,2025-04-19 01:10:00,0.0,0.0,0.0,0.0,0.0,11.4,1.48,100,18,100,44,-33.44597917524661
2025-04-19 03:00:00,2025-04-19 02:10:00,0.0,0.0,0.0,0.0,0.0,11.3,1.49,100,24,100,56,-29.705120912856167
2025-04-19 04:00:00,2025-04-19 03:10:00,0.0,0.0,0.0,0.0,0.0,11.1,1.71,100,44,100,99,-23.400031709288683
2025-04-19 05:00:00,2025-04-19 04:10:00,0.0,0.0,0.0,0.0,0.0,11.2,1.72,100,69,100,98,-15.229488362536612
2025-04-19 06:00:00,2025-04-19 05:10:00,453.50665283203125,1.0,1.0,1.0,0.0,11.1,2.0,100,100,100,100,-5.814381418181558
2025-04-19 07:00:00,2025-04-19 06:10:00,1311.250244140625,21.0,21.0,21.0,0.0,11.2,2.13,100,97,100,96,4.358654034767296
2025-04-19 08:00:00,2025-04-19 07:10:00,2037.233154296875,46.0,46.0,44.0,6.2,11.3,2.33,100,100,100,96,14.90130097409496
2025-04-19 09:00:00,2025-04-19 08:10:00,3596.4052734375,98.0,98.0,93.0,10.2,11.8,2.34,100,100,100,99,25.45628870363168
2025-04-19 10:00:00,2025-04-19 09:10:00,3978.53857421875,141.0,141.0,141.0,0.0,12.4,2.16,100,100,100,84,35.608596608148616
2025-04-19 11:00:00,2025-04-19 10:10:00,4122.73828125,133.0,133.0,119.0,18.9,12.9,1.68,100,100,95,30,44.75253752030473
2025-04-19 12:00:00,2025-04-19 11:10:00,5465.94970703125,157.0,157.0,143.0,17.3,12.9,2.21,100,99,88,11,51.90028945826641
2025-04-19 13:00:00,2025-04-19 12:10:00,10525.90234375,258.0,258.0,200.0,69.9,13.4,2.81,61,4,48,23,55.61750952408634
2025-04-19 14:00:00,2025-04-19 13:10:00,6983.15185546875,250.0,250.0,232.0,22.3,14.1,1.64,99,98,80,28,54.735191809744585
2025-04-19 15:00:00,2025-04-19 14:10:00,6365.42333984375,195.0,195.0,172.0,31.3,14.2,2.03,89,75,70,0,49.56771107092021
2025-04-19 16:00:00,2025-04-19 15:10:00,5858.5869140625,186.0,186.0,162.0,38.4,13.8,3.11,95,92,57,0,41.53790289304337
2025-04-19 17:00:00,2025-04-19 16:10:00,3294.516845703125,162.0,162.0,130.0,66.6,13.8,3.18,67,22,62,0,31.939271732926898
2025-04-19 18:00:00,2025-04-19 17:10:00,1275.736328125,112.0,112.0,69.0,137.0,13.6,2.92,100,34,100,12,21.59501252207
2025-04-19 19:00:00,2025-04-19 18:10:00,230.4539337158203,13.0,13.0,13.0,0.0,12.9,2.18,100,33,100,0,11.021293573968215
2025-04-19 20:00:00,2025-04-19 19:10:00,0.0,0.0,0.0,0.0,0.0,12.1,3.2,100,100,100,0,0.6005222368426163
2025-04-19 21:00:00,2025-04-19 20:10:00,0.0,0.0,0.0,0.0,0.0,11.9,2.89,100,90,100,0,-9.305899285687573
2025-04-19 22:00:00,2025-04-19 21:10:00,0.0,0.0,0.0,0.0,0.0,11.7,3.13,100,7,100,0,-18.2785280094978
2025-04-19 23:00:00,2025-04-19 22:10:00,0.0,0.0,0.0,0.0,0.0,11.4,2.77,100,72,100,0,-25.78186145320518
2025-04-20 00:00:00,2025-04-19 23:10:00,0.0,0.0,0.0,0.0,0.0,11.3,3.32,100,100,100,2,-31.155029934640783
2025-04-20 01:00:00,2025-04-20 00:10:00,0.0,0.0,0.0,0.0,0.0,11.1,2.86,100,100,100,15,-33.72719596174703
2025-04-20 02:00:00,2025-04-20 01:10:00,0.0,0.0,0.0,0.0,0.0,10.4,2.85,100,100,100,61,-33.09353380300902
2025-04-20 03:00:00,2025-04-20 02:10:00,0.0,0.0,0.0,0.0,0.0,10.4,2.29,100,100,78,90,-29.359119972994634
2025-04-20 04:00:00,2025-04-20 03:10:00,0.0,0.0,0.0,0.0,0.0,10.4,3.29,100,100,100,90,-23.06993622537804
2025-04-20 05:00:00,2025-04-20 04:10:00,0.0,0.0,0.0,0.0,0.0,10.1,3.16,100,100,96,98,-14.91741108963511
2025-04-20 06:00:00,2025-04-20 05:10:00,477.4326171875,1.0,1.0,1.0,0.0,10.2,4.1,100,100,97,99,-5.517703378538297
2025-04-20 07:00:00,2025-04-20 06:10:00,1397.761962890625,18.0,18.0,18.0,0.0,10.4,2.36,100,100,100,79,4.644940572086392
2025-04-20 08:00:00,2025-04-20 07:10:00,2587.222412109375,37.0,37.0,37.0,0.0,10.8,2.55,100,100,42,0,15.18350406365151
2025-04-20 09:00:00,2025-04-20 08:10:00,4046.987548828125,99.0,99.0,92.0,14.2,11.5,3.29,100,100,4,0,25.741812219240092
2025-04-20 10:00:00,2025-04-20 09:10:00,6917.51708984375,176.0,176.0,176.0,0.0,12.2,2.88,100,100,8,0,35.90597264892803
2025-04-20 11:00:00,2025-04-20 10:10:00,11717.939453125,276.0,276.0,227.0,65.9,13.8,1.11,61,60,7,0,45.07040185320239
2025-04-20 12:00:00,2025-04-20 11:10:00,11055.47265625,376.0,376.0,164.0,261.3,14.4,0.79,91,50,15,79,52.24188915835506
2025-04-20 13:00:00,2025-04-20 12:10:00,12257.7607421875,476.0,476.0,231.0,294.0,15.1,1.0,97,33,10,95,55.967832956571606
2025-04-20 14:00:00,2025-04-20 13:10:00,17225.70703125,754.0,754.0,260.0,610.9,16.0,2.83,100,10,9,100,55.06024346040852
2025-04-20 15:00:00,2025-04-20 14:10:00,8749.80859375,554.0,554.0,261.0,396.8,16.0,2.46,100,37,25,100,49.846924425519305
2025-04-20 16:00:00,2025-04-20 15:10:00,4935.95947265625,407.0,407.0,241.0,264.5,15.8,3.15,100,33,48,100,41.77657755716092
2025-04-20 17:00:00,2025-04-20 16:10:00,3016.849853515625,232.0,232.0,172.0,124.0,14.2,2.78,100,37,39,99,32.152024540099355
2025-04-20 18:00:00,2025-04-20 17:10:00,1376.7578125,186.0,186.0,117.0,217.5,13.6,3.94,97,4,24,96,21.79568515563331
2025-04-20 19:00:00,2025-04-20 18:10:00,258.5841064453125,55.0,55.0,44.0,72.9,12.1,2.94,100,66,54,100,11.221311828867341
2025-04-20 20:00:00,2025-04-20 19:10:00,222.60256958007812,2.0,2.0,2.0,0.0,11.5,3.7,53,14,19,36,0.8096052691288081
2025-04-20 21:00:00,2025-04-20 20:10:00,0.0,0.0,0.0,0.0,0.0,11.4,3.3,60,31,44,8,-9.079000140984572
2025-04-20 22:00:00,2025-04-20 21:10:00,0.0,0.0,0.0,0.0,0.0,10.6,2.85,46,9,32,13,-18.025975823682874
2025-04-20 23:00:00,2025-04-20 22:10:00,0.0,0.0,0.0,0.0,0.0,10.5,1.61,67,28,39,36,-25.49795086613163
2025-04-21 00:00:00,2025-04-20 23:10:00,0.0,0.0,0.0,0.0,0.0,10.4,1.99,88,30,25,78,-30.8391228427671
2025-04-21 01:00:00,2025-04-21 00:10:00,0.0,0.0,0.0,0.0,0.0,10.0,1.66,100,8,17,100,-33.38702819130038
2025-04-21 02:00:00,2025-04-21 01:10:00,0.0,0.0,0.0,0.0,0.0,10.3,2.35,100,100,11,98,-32.74435284535905
2025-04-21 03:00:00,2025-04-21 02:10:00,0.0,0.0,0.0,0.0,0.0,9.7,1.59,100,100,9,100,-29.01657304472131
2025-04-21 04:00:00,2025-04-21 03:10:00,0.0,0.0,0.0,0.0,0.0,9.3,0.85,100,100,28,98,-22.743312602422733
2025-04-21 05:00:00,2025-04-21 04:10:00,0.0,0.0,0.0,0.0,0.0,9.6,0.36,100,28,10,100,-14.60879558556228
2025-04-21 06:00:00,2025-04-21 05:10:00,512.7672729492188,3.0,3.0,3.0,0.0,9.8,1.15,99,37,8,99,-5.2245190881905215
2025-04-21 07:00:00,2025-04-21 06:10:00,2158.55810546875,52.0,52.0,48.0,25.4,10.2,1.06,98,0,0,98,4.9276440035889335
2025-04-21 08:00:00,2025-04-21 07:10:00,7336.08642578125,208.0,208.0,123.0,256.9,11.5,1.0,97,1,0,97,15.4619859545846
2025-04-21 09:00:00,2025-04-21 08:10:00,10500.92578125,363.0,363.0,175.0,378.4,12.9,0.71,100,58,0,100,26.02345191810454
2025-04-21 10:00:00,2025-04-21 09:10:00,10190.9853515625,355.0,355.0,222.0,208.2,13.9,1.33,100,46,2,100,36.199330867966516
2025-04-21 11:00:00,2025-04-21 10:10:00,15563.19921875,520.0,520.0,252.0,358.7,15.4,0.97,91,49,3,83,45.38425433188559
2025-04-21 12:00:00,2025-04-21 11:10:00,17993.09765625,618.0,618.0,244.0,459.1,16.3,0.81,16,13,0,3,52.579769659751236
2025-04-21 13:00:00,2025-04-21 12:10:00,22047.83984375,725.0,725.0,193.0,635.8,17.2,1.09,9,2,7,0,56.31491470344352
2025-04-21 14:00:00,2025-04-21 13:10:00,21252.419921875,730.0,730.0,189.0,666.5,17.9,1.93,19,3,17,0,55.382331107550044
2025-04-21 15:00:00,2025-04-21 14:10:00,17126.71875,628.0,628.0,150.0,644.7,18.2,1.6,33,1,18,18,50.12344892147875
2025-04-21 16:00:00,2025-04-21 15:10:00,12413.30078125,535.0,535.0,137.0,631.0,18.4,1.41,35,3,11,25,42.0130372397238
2025-04-21 17:00:00,2025-04-21 16:10:00,6522.10107421875,375.0,375.0,122.0,519.3,18.2,1.08,17,1,13,4,32.36307330241089
2025-04-21 18:00:00,2025-04-21 17:10:00,1623.97705078125,225.0,225.0,90.0,421.2,17.9,0.67,4,1,3,0,21.99507536841852
2025-04-21 19:00:00,2025-04-21 18:10:00,274.7655334472656,82.0,82.0,42.0,262.3,16.2,0.64,1,0,1,0,11.420338982625463
2025-04-21 20:00:00,2025-04-21 19:10:00,218.08529663085938,3.0,3.0,3.0,0.0,15.1,0.18,0,0,0,0,1.017843403680779
2025-04-21 21:00:00,2025-04-21 20:10:00,0.0,0.0,0.0,0.0,0.0,13.9,0.25,0,0,0,0,-8.852965231664012
2025-04-21 22:00:00,2025-04-21 21:10:00,0.0,0.0,0.0,0.0,0.0,13.1,0.07,0,0,0,0,-17.774507083063465
2025-04-21 23:00:00,2025-04-21 22:10:00,0.0,0.0,0.0,0.0,0.0,11.8,0.61,0,0,0,0,-25.215574827009803
2025-04-22 00:00:00,2025-04-21 23:10:00,0.0,0.0,0.0,0.0,0.0,10.9,0.78,0,0,0,0,-30.52540407821058
2025-04-22 01:00:00,2025-04-22 00:10:00,0.0,0.0,0.0,0.0,0.0,10.0,0.82,75,0,0,75,-33.0497387560714
2025-04-22 02:00:00,2025-04-22 01:10:00,0.0,0.0,0.0,0.0,0.0,10.9,0.2,100,0,0,100,-32.398535368783286
2025-04-22 03:00:00,2025-04-22 02:10:00,0.0,0.0,0.0,0.0,0.0,9.9,0.8,95,0,0,95,-28.677584494847807
2025-04-22 04:00:00,2025-04-22 03:10:00,0.0,0.0,0.0,0.0,0.0,9.3,0.72,1,1,0,0,-22.420269396263805
2025-04-22 05:00:00,2025-04-22 04:10:00,0.0,0.0,0.0,0.0,0.0,9.1,0.92,17,12,0,5,-14.303751573862098
2025-04-22 06:00:00,2025-04-22 05:10:00,692.622802734375,5.0,5.0,4.0,14.3,9.0,0.85,12,12,0,0,-4.934937016858407
2025-04-22 07:00:00,2025-04-22 06:10:00,3681.135986328125,97.0,97.0,47.0,312.5,10.4,0.91,7,4,0,3,5.206658009660386
2025-04-22 08:00:00,2025-04-22 07:10:00,9763.2177734375,263.0,263.0,82.0,539.8,12.2,0.45,10,0,0,10,15.736641886698889
2025-04-22 09:00:00,2025-04-22 08:10:00,15756.775390625,441.0,441.0,102.0,676.8,14.6,0.51,70,0,3,68,26.301102661020465
2025-04-22 10:00:00,2025-04-22 09:10:00,17680.009765625,587.0,587.0,141.0,694.1,16.9,0.67,100,0,0,100,36.488562768670526
2025-04-22 11:00:00,2025-04-22 10:10:00,20271.240234375,691.0,691.0,201.0,652.7,18.7,0.35,100,0,0,100,45.69398111814178
2025-04-22 12:00:00,2025-04-22 11:10:00,20948.30859375,763.0,763.0,224.0,658.9,19.9,0.47,99,0,0,99,52.91381781552826
2025-04-22 13:00:00,2025-04-22 12:10:00,18210.837890625,710.0,710.0,269.0,525.1,20.5,0.92,99,0,0,99,56.65866052381744
2025-04-22 14:00:00,2025-04-22 13:10:00,14497.04296875,548.0,548.0,284.0,324.0,20.8,0.07,100,0,1,100,55.70139148772326
2025-04-22 15:00:00,2025-04-22 14:10:00,12127.4580078125,585.0,585.0,271.0,421.8,21.2,0.57,100,0,2,100,50.397251822852766
2025-04-22 16:00:00,2025-04-22 15:10:00,10690.14453125,538.0,538.0,183.0,560.1,21.2,1.1,100,0,1,100,42.24726839923232
2025-04-22 17:00:00,2025-04-22 16:10:00,5634.67626953125,392.0,392.0,141.0,511.9,21.0,1.27,100,0,2,100,32.57241018144498
2025-04-22 18:00:00,2025-04-22 17:10:00,1433.1944580078125,236.0,236.0,91.0,447.9,19.9,1.45,99,0,6,99,22.193171876933643
2025-04-22 19:00:00,2025-04-22 18:10:00,258.95257568359375,82.0,82.0,50.0,207.6,17.8,1.46,90,0,7,89,11.618354686680199
2025-04-22 20:00:00,2025-04-22 19:10:00,201.29067993164062,3.0,3.0,3.0,0.0,16.4,0.74,100,0,1,100,1.2252034395986873
2025-04-22 21:00:00,2025-04-22 20:10:00,0.0,0.0,0.0,0.0,0.0,15.9,0.25,100,0,0,100,-8.627843272899662
2025-04-22 22:00:00,2025-04-22 21:10:00,0.0,0.0,0.0,0.0,0.0,15.1,0.35,100,0,1,100,-17.524187190260953
2025-04-22 23:00:00,2025-04-22 22:10:00,0.0,0.0,0.0,0.0,0.0,13.8,0.6,89,0,0,89,-24.93481385662243
2025-04-23 00:00:00,2025-04-22 23:10:00,0.0,0.0,0.0,0.0,0.0,12.8,0.57,42,0,0,42,-30.213964241143223
2025-04-23 01:00:00,2025-04-23 00:10:00,0.0,0.0,0.0,0.0,0.0,12.2,0.3,47,0,1,47,-32.71542277088645
2025-04-23 02:00:00,2025-04-23 01:10:00,0.0,0.0,0.0,0.0,0.0,12.0,0.64,5,0,0,5,-32.056179802297585
2025-04-23 03:00:00,2025-04-23 02:10:00,0.0,0.0,0.0,0.0,0.0,11.4,0.71,5,0,0,5,-28.342257423004217
2025-04-23 04:00:00,2025-04-23 03:10:00,0.0,0.0,0.0,0.0,0.0,10.9,0.83,17,0,0,17,-22.10091338558111
2025-04-23 05:00:00,2025-04-23 04:10:00,0.0,0.0,0.0,0.0,0.0,10.3,0.79,0,0,0,0,-14.002386648570685
2025-04-23 06:00:00,2025-04-23 05:10:00,701.4705810546875,6.0,6.0,5.0,13.9,10.1,0.68,0,0,0,0,-4.649063258297172
2025-04-23 07:00:00,2025-04-23 06:10:00,3759.266845703125,100.0,100.0,48.0,320.5,11.7,0.6,0,0,0,0,5.4818788345315435
2025-04-23 08:00:00,2025-04-23 07:10:00,10084.5185546875,269.0,269.0,80.0,556.4,13.8,0.54,0,0,0,0,16.00736980312293
2025-04-23 09:00:00,2025-04-23 08:10:00,16285.2431640625,446.0,446.0,99.0,687.2,16.5,0.4,0,0,0,0,26.574662066777503
2025-04-23 10:00:00,2025-04-23 09:10:00,20589.767578125,606.0,606.0,113.0,762.7,18.8,0.5,0,0,0,0,36.773562470344075
2025-04-23 11:00:00,2025-04-23 10:10:00,23085.97265625,724.0,724.0,124.0,795.5,20.4,0.72,5,1,4,0,45.999470437116734
2025-04-23 12:00:00,2025-04-23 11:10:00,22451.708984375,746.0,746.0,155.0,719.6,21.0,1.19,14,3,13,1,53.24392152311021
2025-04-23 13:00:00,2025-04-23 12:10:00,22502.0546875,788.0,788.0,173.0,729.5,21.2,1.74,29,4,25,3,56.99897653997679
2025-04-23 14:00:00,2025-04-23 13:10:00,17664.078125,685.0,685.0,175.0,623.6,21.2,1.91,96,17,63,92,56.01736179752223
2025-04-23 15:00:00,2025-04-23 14:10:00,12401.5234375,562.0,562.0,240.0,430.8,20.8,1.52,99,1,13,99,50.668300759000005
2025-04-23 16:00:00,2025-04-23 15:10:00,4875.876953125,362.0,362.0,262.0,157.0,20.8,1.16,99,2,57,98,42.47925725051162
2025-04-23 17:00:00,2025-04-23 16:10:00,4056.817138671875,266.0,266.0,176.0,182.4,19.7,2.59,99,2,33,98,32.78002641170233
2025-04-23 18:00:00,2025-04-23 17:10:00,1301.7606201171875,135.0,135.0,116.0,58.1,18.0,2.64,99,1,64,98,22.389961944627252
2025-04-23 19:00:00,2025-04-23 18:10:00,293.55316162109375,53.0,53.0,43.0,64.2,15.6,4.55,67,2,49,37,11.815336796787568
2025-04-23 20:00:00,2025-04-23 19:10:00,212.75035095214844,2.0,2.0,2.0,0.0,13.9,3.67,99,11,89,98,1.431650214621016
2025-04-23 21:00:00,2025-04-23 20:10:00,0.0,0.0,0.0,0.0,0.0,13.3,2.86,72,22,49,31,-8.403684914527418
2025-04-23 22:00:00,2025-04-23 21:10:00,0.0,0.0,0.0,0.0,0.0,12.9,2.69,91,56,79,37,-17.275083229842252
2025-04-23 23:00:00,2025-04-23 22:10:00,0.0,0.0,0.0,0.0,0.0,12.6,1.76,98,49,96,56,-24.6557496739359
2025-04-24 00:00:00,2025-04-23 23:10:00,0.0,0.0,0.0,0.0,0.0,12.4,2.26,73,46,17,46,-29.904894508856902
2025-04-24 01:00:00,2025-04-24 00:10:00,0.0,0.0,0.0,0.0,0.0,12.1,2.47,72,14,55,39,-32.38417530609533
2025-04-24 02:00:00,2025-04-24 01:10:00,0.0,0.0,0.0,0.0,0.0,11.9,0.95,22,14,4,5,-31.71738390863518
2025-04-24 03:00:00,2025-04-24 02:10:00,0.0,0.0,0.0,0.0,0.0,10.9,0.21,14,4,8,4,-28.01069363873373
2025-04-24 04:00:00,2025-04-24 03:10:00,0.0,0.0,0.0,0.0,0.0,10.9,1.59,7,5,4,0,-21.785349547308222
2025-04-24 05:00:00,2025-04-24 04:10:00,0.0,0.0,0.0,0.0,0.0,10.4,2.21,6,6,0,0,-13.70480624203363
2025-04-24 06:00:00,2025-04-24 05:10:00,752.1524658203125,7.0,7.0,6.0,13.4,10.1,1.74,8,8,0,0,-4.367001488562314
2025-04-24 07:00:00,2025-04-24 06:10:00,3633.396484375,101.0,101.0,50.0,306.7,11.1,1.87,9,9,0,0,5.7532053379663255
2025-04-24 08:00:00,2025-04-24 07:10:00,9648.97265625,274.0,274.0,86.0,546.6,13.0,1.2,5,5,0,0,16.274070412935657
2025-04-24 09:00:00,2025-04-24 08:10:00,16652.578125,468.0,468.0,98.0,727.0,15.2,1.05,2,2,0,0,26.844030588051844
2025-04-24 10:00:00,2025-04-24 09:10:00,20796.994140625,627.0,627.0,111.0,793.7,17.1,0.76,0,0,0,0,37.05422679914814
2025-04-24 11:00:00,2025-04-24 10:10:00,23561.927734375,754.0,754.0,120.0,836.7,18.8,0.27,1,0,1,0,46.300612673932605
2025-04-24 12:00:00,2025-04-24 11:10:00,24389.939453125,832.0,832.0,126.0,856.2,20.2,0.67,2,0,2,0,53.569969785222504
2025-04-24 13:00:00,2025-04-24 12:10:00,24317.67578125,854.0,854.0,131.0,854.5,21.1,1.3,2,0,2,0,57.335769229661224
2025-04-24 14:00:00,2025-04-24 13:10:00,22146.275390625,798.0,798.0,135.0,807.8,21.6,1.44,8,0,8,0,56.33017965041866
2025-04-24 15:00:00,2025-04-24 14:10:00,18633.986328125,707.0,707.0,130.0,768.9,21.5,1.52,7,0,7,0,50.93656365762867
2025-04-24 16:00:00,2025-04-24 15:10:00,13356.140625,567.0,567.0,120.0,698.7,21.1,1.38,3,0,3,0,42.708989687451506
2025-04-24 17:00:00,2025-04-24 16:10:00,7401.30322265625,431.0,431.0,102.0,662.7,20.9,0.85,2,0,2,0,32.985912232448605
2025-04-24 18:00:00,2025-04-24 17:10:00,1737.028564453125,249.0,249.0,79.0,514.8,20.2,0.63,1,0,1,0,22.585431331912567
2025-04-24 19:00:00,2025-04-24 18:10:00,335.5632019042969,91.0,91.0,45.0,292.1,18.1,0.92,1,0,1,0,12.011261344152494
2025-04-24 20:00:00,2025-04-24 19:10:00,221.18051147460938,5.0,5.0,4.0,14.8,16.2,0.92,1,0,1,0,1.6371465984296705
2025-04-24 21:00:00,2025-04-24 20:10:00,0.0,0.0,0.0,0.0,0.0,15.2,0.39,0,0,0,0,-8.180542725667843
2025-04-24 22:00:00,2025-04-24 21:10:00,0.0,0.0,0.0,0.0,0.0,13.8,0.83,0,0,0,0,-17.02726393379957
2025-04-24 23:00:00,2025-04-24 22:10:00,0.0,0.0,0.0,0.0,0.0,12.6,1.1,0,0,0,0,-24.378465150387015
2025-04-25 00:00:00,2025-04-24 23:10:00,0.0,0.0,0.0,0.0,0.0,11.7,0.74,4,0,4,0,-29.59828658992374
2025-04-25 01:00:00,2025-04-25 00:10:00,0.0,0.0,0.0,0.0,0.0,10.6,0.81,23,0,23,0,-32.05609134871997
2025-04-25 02:00:00,2025-04-25 01:10:00,0.0,0.0,0.0,0.0,0.0,12.2,1.23,4,0,4,0,-31.382244754344903
2025-04-25 03:00:00,2025-04-25 02:10:00,0.0,0.0,0.0,0.0,0.0,10.6,1.0,6,5,1,0,-27.682993638042255
2025-04-25 04:00:00,2025-04-25 03:10:00,0.0,0.0,0.0,0.0,0.0,9.9,1.31,4,2,3,0,-21.473681032321025
2025-04-25 05:00:00,2025-04-25 04:10:00,0.0,0.0,0.0,0.0,0.0,9.1,1.04,5,4,1,0,-13.411113593856598
2025-04-25 06:00:00,2025-04-25 05:10:00,725.1138916015625,8.0,8.0,7.0,13.0,9.1,1.28,16,16,0,0,-4.0888529260943605
2025-04-25 07:00:00,2025-04-25 06:10:00,3685.0703125,103.0,103.0,54.0,287.0,10.1,0.85,21,21,0,0,6.020539044669632
2025-04-25 08:00:00,2025-04-25 07:10:00,9365.5263671875,265.0,265.0,100.0,473.9,11.7,0.36,21,21,0,0,16.536647251314175
2025-04-25 09:00:00,2025-04-25 08:10:00,15752.4248046875,442.0,442.0,128.0,612.2,14.4,0.25,10,10,0,0,27.10911158504763
2025-04-25 10:00:00,2025-04-25 09:10:00,20679.5625,621.0,621.0,122.0,763.3,17.1,0.73,0,0,0,0,37.33045537789942
2025-04-25 11:00:00,2025-04-25 10:10:00,23409.681640625,751.0,751.0,125.0,822.4,18.9,1.54,0,0,0,0,46.59730047162262
2025-04-25 12:00:00,2025-04-25 11:10:00,24379.787109375,830.0,830.0,128.0,848.1,19.9,1.6,1,0,1,0,53.89185277444799
2025-04-25 13:00:00,2025-04-25 12:10:00,23844.3828125,839.0,839.0,136.0,827.9,20.5,1.88,2,0,2,0,57.66894542038708
2025-04-25 14:00:00,2025-04-25 13:10:00,21299.57421875,732.0,732.0,159.0,695.7,21.5,1.57,16,0,16,0,56.639783034116775
2025-04-25 15:00:00,2025-04-25 14:10:00,17683.142578125,677.0,677.0,149.0,700.9,21.8,1.28,19,0,19,0,51.2020086788737
2025-04-25 16:00:00,2025-04-25 15:10:00,13402.3515625,572.0,572.0,134.0,681.5,21.9,1.76,7,0,7,0,42.93645120852065
2025-04-25 17:00:00,2025-04-25 16:10:00,6948.4931640625,411.0,411.0,108.0,606.6,21.2,2.37,21,0,21,0,33.1900568238109
2025-04-25 18:00:00,2025-04-25 17:10:00,1691.0833740234375,243.0,243.0,84.0,476.8,20.0,2.02,4,0,4,0,22.77956425125946
2025-04-25 19:00:00,2025-04-25 18:10:00,336.6978759765625,91.0,91.0,45.0,289.0,17.9,1.47,14,0,14,0,12.206102511975068
2025-04-25 20:00:00,2025-04-25 19:10:00,222.31524658203125,5.0,5.0,4.0,14.4,15.9,1.15,8,0,8,0,1.841653491357363
2025-04-25 21:00:00,2025-04-25 20:10:00,0.0,0.0,0.0,0.0,0.0,14.8,0.94,11,0,11,0,-7.9584711743437575
2025-04-25 22:00:00,2025-04-25 21:10:00,0.0,0.0,0.0,0.0,0.0,13.6,1.52,13,0,13,0,-16.780799642846198
2025-04-25 23:00:00,2025-04-25 22:10:00,0.0,0.0,0.0,0.0,0.0,12.8,2.36,8,5,5,0,-24.10304426108759
2025-04-26 00:00:00,2025-04-25 23:10:00,0.0,0.0,0.0,0.0,0.0,11.9,2.26,11,4,11,0,-29.294232676258112
2025-04-26 01:00:00,2025-04-26 00:10:00,0.0,0.0,0.0,0.0,0.0,11.4,2.01,8,0,8,0,-31.73126576213538
2025-04-26 02:00:00,2025-04-26 01:10:00,0.0,0.0,0.0,0.0,0.0,11.6,1.77,4,0,4,0,-31.050858678846357
2025-04-26 03:00:00,2025-04-26 02:10:00,0.0,0.0,0.0,0.0,0.0,10.9,0.82,5,0,5,0,-27.359256579431097
2025-04-26 04:00:00,2025-04-26 03:10:00,0.0,0.0,0.0,0.0,0.0,10.8,0.21,5,0,5,0,-21.16600914140848
2025-04-26 05:00:00,2025-04-26 04:10:00,0.0,0.0,0.0,0.0,0.0,10.1,0.7,2,0,2,0,-13.121409720995917
2025-04-26 06:00:00,2025-04-26 05:10:00,782.680419921875,9.0,9.0,7.0,25.3,10.6,0.11,0,0,0,0,-3.8147162936511494
2025-04-26 07:00:00,2025-04-26 06:10:00,3811.245849609375,112.0,112.0,51.0,348.3,11.9,0.81,0,0,0,0,6.283784191346423
2025-04-26 08:00:00,2025-04-26 07:10:00,9946.3525390625,282.0,282.0,84.0,562.0,13.7,0.65,9,0,0,9,16.795006737076662
2025-04-26 09:00:00,2025-04-26 08:10:00,16109.16796875,458.0,458.0,105.0,683.1,15.8,0.54,16,0,2,14,27.369811396689293
2025-04-26 10:00:00,2025-04-26 09:10:00,20083.375,614.0,614.0,122.0,748.5,17.4,0.21,5,0,4,2,37.602150714446296
2025-04-26 11:00:00,2025-04-26 10:10:00,23027.123046875,719.0,719.0,131.0,769.1,18.6,0.74,2,1,0,1,46.88942883016341
2025-04-26 12:00:00,2025-04-26 11:10:00,23052.22265625,787.0,787.0,143.0,775.1,19.5,1.43,35,5,13,24,54.2094619014479
2025-04-26 13:00:00,2025-04-26 12:10:00,22415.0078125,792.0,792.0,143.0,761.7,20.2,1.45,45,15,29,21,57.99841228600194
2025-04-26 14:00:00,2025-04-26 13:10:00,20746.470703125,749.0,749.0,141.0,735.6,20.8,0.89,64,0,25,51,56.946110268548885
2025-04-26 15:00:00,2025-04-26 14:10:00,15783.1201171875,669.0,669.0,163.0,669.2,21.0,1.17,89,4,26,85,51.46460415053758
2025-04-26 16:00:00,2025-04-26 15:10:00,11550.1513671875,545.0,545.0,159.0,597.9,20.9,1.51,100,5,27,100,43.16162684518245
2025-04-26 17:00:00,2025-04-26 16:10:00,4197.89306640625,330.0,330.0,165.0,328.3,20.1,1.33,100,12,25,100,33.39244824719827
2025-04-26 18:00:00,2025-04-26 17:10:00,1398.865234375,187.0,187.0,134.0,157.4,18.6,1.74,96,44,69,84,22.97234332737406
2025-04-26 19:00:00,2025-04-26 18:10:00,249.3728790283203,66.0,66.0,51.0,93.3,15.3,3.77,84,15,78,19,12.399832617385004
2025-04-26 20:00:00,2025-04-26 19:10:00,214.51138305664062,4.0,4.0,4.0,0.0,14.6,1.03,93,0,28,91,2.045129828423596
2025-04-26 21:00:00,2025-04-26 20:10:00,0.0,0.0,0.0,0.0,0.0,14.4,1.23,100,6,36,100,-7.737526602204458
2025-04-26 22:00:00,2025-04-26 21:10:00,0.0,0.0,0.0,0.0,0.0,13.6,0.73,100,11,40,100,-16.53576226366012
2025-04-26 23:00:00,2025-04-26 22:10:00,0.0,0.0,0.0,0.0,0.0,13.4,1.8,100,24,76,100,-23.82957203307139
2025-04-27 00:00:00,2025-04-26 23:10:00,0.0,0.0,0.0,0.0,0.0,13.2,2.73,88,17,87,8,-28.9928253931747
2025-04-27 01:00:00,2025-04-27 00:10:00,0.0,0.0,0.0,0.0,0.0,13.1,2.65,99,21,89,91,-31.409793244348073
2025-04-27 02:00:00,2025-04-27 01:10:00,0.0,0.0,0.0,0.0,0.0,12.6,3.2,88,0,83,30,-30.72332126249049
2025-04-27 03:00:00,2025-04-27 02:10:00,0.0,0.0,0.0,0.0,0.0,12.6,3.09,98,19,96,54,-27.03958025944229
2025-04-27 04:00:00,2025-04-27 03:10:00,0.0,0.0,0.0,0.0,0.0,12.5,2.15,98,8,97,34,-20.862433301535617
2025-04-27 05:00:00,2025-04-27 04:10:00,0.0,0.0,0.0,0.0,0.0,12.4,1.79,99,13,98,22,-12.835793388996553
2025-04-27 06:00:00,2025-04-27 05:10:00,579.6527709960938,4.0,4.0,4.0,0.0,12.1,1.84,100,7,100,65,-3.5446877821155254
2025-04-27 07:00:00,2025-04-27 06:10:00,999.2924194335938,13.0,13.0,13.0,0.0,12.1,2.27,100,92,100,100,6.54284777134443
2025-04-27 08:00:00,2025-04-27 07:10:00,1637.374755859375,29.0,29.0,29.0,0.0,12.4,2.39,100,100,100,100,17.049058227495063
2025-04-27 09:00:00,2025-04-27 08:10:00,3588.254638671875,99.0,99.0,94.0,9.6,13.1,2.26,100,100,100,93,27.626039409164605
2025-04-27 10:00:00,2025-04-27 09:10:00,4755.64794921875,156.0,156.0,156.0,0.0,13.8,2.24,100,89,100,100,37.869218288347334
2025-04-27 11:00:00,2025-04-27 10:10:00,7454.8408203125,289.0,289.0,245.0,57.3,15.1,2.47,100,24,69,100,47.176895206358154
2025-04-27 12:00:00,2025-04-27 11:10:00,7990.5576171875,417.0,417.0,292.0,149.9,16.5,1.79,100,20,100,99,54.52268988688321
2025-04-27 13:00:00,2025-04-27 12:10:00,10635.7197265625,618.0,618.0,312.0,357.9,18.1,1.33,100,69,86,100,58.32407734567398
2025-04-27 14:00:00,2025-04-27 13:10:00,11495.91796875,542.0,542.0,267.0,331.6,17.7,0.57,100,4,36,100,57.24909996463271
2025-04-27 15:00:00,2025-04-27 14:10:00,11326.5146484375,624.0,624.0,294.0,434.8,18.1,1.92,100,4,7,100,51.72431850461621
2025-04-27 16:00:00,2025-04-27 15:10:00,6353.7275390625,461.0,461.0,251.0,323.9,18.1,1.69,99,22,8,99,43.38450109332432
2025-04-27 17:00:00,2025-04-27 16:10:00,4169.791015625,313.0,313.0,206.0,211.7,16.8,2.06,100,2,50,100,33.593073390103605
2025-04-27 18:00:00,2025-04-27 17:10:00,1302.2259521484375,150.0,150.0,113.0,108.9,16.2,0.78,99,13,46,98,23.163749562466208
2025-04-27 19:00:00,2025-04-27 18:10:00,265.8817443847656,62.0,62.0,51.0,67.6,15.2,1.58,100,16,63,100,12.592422098715183
2025-04-27 20:00:00,2025-04-27 19:10:00,209.36927795410156,5.0,5.0,5.0,0.0,13.6,2.12,100,21,49,100,2.2475325886108273
2025-04-27 21:00:00,2025-04-27 20:10:00,0.0,0.0,0.0,0.0,0.0,12.4,3.22,100,100,100,91,-7.517767194480528
2025-04-27 22:00:00,2025-04-27 21:10:00,0.0,0.0,0.0,0.0,0.0,12.6,2.06,63,24,52,4,-16.292225222218104
2025-04-27 23:00:00,2025-04-27 22:10:00,0.0,0.0,0.0,0.0,0.0,12.2,0.76,77,16,74,28,-23.55813449071394
2025-04-28 00:00:00,2025-04-27 23:10:00,0.0,0.0,0.0,0.0,0.0,11.9,1.13,99,53,98,65,-28.694157747539222
2025-04-28 01:00:00,2025-04-28 00:10:00,0.0,0.0,0.0,0.0,0.0,11.8,1.31,87,33,83,5,-31.091768284939196
2025-04-28 02:00:00,2025-04-28 01:10:00,0.0,0.0,0.0,0.0,0.0,12.4,0.47,43,22,31,7,-30.39972729367329
2025-04-28 03:00:00,2025-04-28 02:10:00,0.0,0.0,0.0,0.0,0.0,11.6,2.31,79,66,41,5,-26.724061087745923
2025-04-28 04:00:00,2025-04-28 03:10:00,0.0,0.0,0.0,0.0,0.0,11.3,1.56,79,43,62,36,-20.56305104240959
2025-04-28 05:00:00,2025-04-28 04:10:00,0.0,0.0,0.0,0.0,0.0,11.1,2.0,74,24,70,5,-12.554361084384912
2025-04-28 06:00:00,2025-04-28 05:10:00,642.280517578125,5.0,5.0,5.0,0.0,11.1,1.7,70,7,68,0,-3.278861016204964
2025-04-28 07:00:00,2025-04-28 06:10:00,2582.905517578125,66.0,66.0,51.0,81.6,11.9,1.6,83,29,78,41,6.797639576814303
2025-04-28 08:00:00,2025-04-28 07:10:00,7744.904296875,237.0,237.0,106.0,363.5,12.9,2.53,76,19,75,0,17.298714070252814
2025-04-28 09:00:00,2025-04-28 08:10:00,10255.306640625,268.0,268.0,138.0,248.0,13.4,1.59,84,23,84,0,27.877708121614976
2025-04-28 10:00:00,2025-04-28 09:10:00,13357.4111328125,405.0,405.0,194.0,317.6,15.1,1.64,89,14,88,0,38.13156663556566
2025-04-28 11:00:00,2025-04-28 10:10:00,18269.4765625,508.0,508.0,202.0,396.9,16.4,2.23,25,0,16,11,47.459599614295776
2025-04-28 12:00:00,2025-04-28 11:10:00,21430.78125,684.0,684.0,194.0,585.5,18.4,1.8,8,0,6,2,54.83143083704661
2025-04-28 13:00:00,2025-04-28 12:10:00,22521.337890625,794.0,794.0,165.0,733.3,19.6,1.15,5,0,2,3,58.64584846551658
2025-04-28 14:00:00,2025-04-28 13:10:00,14658.0771484375,630.0,630.0,216.0,497.5,19.1,1.19,73,25,30,52,57.548690983907946
2025-04-28 15:00:00,2025-04-28 14:10:00,13405.2158203125,558.0,558.0,210.0,456.9,20.1,1.18,58,2,11,53,51.98112021522075
2025-04-28 16:00:00,2025-04-28 15:10:00,10427.3203125,528.0,528.0,167.0,554.3,20.4,0.52,50,5,13,41,43.60505784779494
2025-04-28 17:00:00,2025-04-28 16:10:00,6389.3984375,418.0,418.0,117.0,592.0,20.4,0.81,40,4,11,32,33.79191791532403
2025-04-28 18:00:00,2025-04-28 17:10:00,1691.4188232421875,237.0,237.0,90.0,428.7,19.9,0.59,22,1,7,16,23.35376230658648
2025-04-28 19:00:00,2025-04-28 18:10:00,256.98455810546875,93.0,93.0,49.0,265.0,18.3,0.55,15,2,8,7,12.783839508050693
2025-04-28 20:00:00,2025-04-28 19:10:00,227.868896484375,6.0,6.0,5.0,13.4,16.8,0.75,10,2,8,2,2.448816809275766
2025-04-28 21:00:00,2025-04-28 20:10:00,0.0,0.0,0.0,0.0,0.0,16.0,0.32,12,1,11,0,-7.299252945305097
2025-04-28 22:00:00,2025-04-28 21:10:00,0.0,0.0,0.0,0.0,0.0,15.4,0.21,16,1,16,0,-16.050263413369557
2025-04-28 23:00:00,2025-04-28 22:10:00,0.0,0.0,0.0,0.0,0.0,14.4,0.34,26,0,26,0,-23.28881859845841
2025-04-29 00:00:00,2025-04-28 23:10:00,0.0,0.0,0.0,0.0,0.0,13.4,1.52,9,0,9,0,-28.398323074110436
2025-04-29 01:00:00,2025-04-29 00:10:00,0.0,0.0,0.0,0.0,0.0,12.4,1.05,9,4,9,0,-30.777285120739982
2025-04-29 02:00:00,2025-04-29 01:10:00,0.0,0.0,0.0,0.0,0.0,12.1,0.85,52,6,30,28,-30.080170735051706
2025-04-29 03:00:00,2025-04-29 02:10:00,0.0,0.0,0.0,0.0,0.0,12.8,0.21,64,13,32,46,-26.412794061800483
2025-04-29 04:00:00,2025-04-29 03:10:00,0.0,0.0,0.0,0.0,0.0,12.8,0.9,82,13,63,50,-20.267957973359742
2025-04-29 05:00:00,2025-04-29 04:10:00,0.0,0.0,0.0,0.0,0.0,12.2,1.0,55,1,54,2,-12.277206988223918
2025-04-29 06:00:00,2025-04-29 05:10:00,783.2779541015625,10.0,10.0,8.0,23.4,12.3,0.65,69,26,51,33,-3.017327022108474
2025-04-29 07:00:00,2025-04-29 06:10:00,3536.046875,92.0,92.0,52.0,212.9,13.1,1.19,32,1,31,0,7.048072238323864
2025-04-29 08:00:00,2025-04-29 07:10:00,8380.875,242.0,242.0,95.0,403.6,14.9,1.31,31,15,29,0,17.54388965242582
2025-04-29 09:00:00,2025-04-29 08:10:00,14333.4462890625,406.0,406.0,115.0,551.3,16.5,1.47,17,7,17,0,28.124733208769797
2025-04-29 10:00:00,2025-04-29 09:10:00,19498.728515625,580.0,580.0,133.0,669.5,18.5,1.31,5,0,5,0,38.38910743088295
2025-04-29 11:00:00,2025-04-29 10:10:00,22578.515625,733.0,733.0,137.0,770.0,20.1,0.99,6,1,6,0,47.73744472608443
2025-04-29 12:00:00,2025-04-29 11:10:00,21948.11328125,783.0,783.0,156.0,746.6,21.2,0.63,17,5,13,0,55.13558032318625
2025-04-29 13:00:00,2025-04-29 12:10:00,22819.65234375,821.0,821.0,141.0,790.2,21.9,0.67,12,2,8,3,58.96363386304675
2025-04-29 14:00:00,2025-04-29 13:10:00,21174.314453125,789.0,789.0,149.0,766.6,23.0,0.67,18,0,13,6,57.844822399165515
2025-04-29 15:00:00,2025-04-29 14:10:00,17848.65625,721.0,721.0,136.0,765.4,23.1,0.96,25,5,13,10,52.234977737995926
2025-04-29 16:00:00,2025-04-29 15:10:00,9330.69921875,494.0,494.0,150.0,526.0,20.8,2.66,99,3,35,99,43.823280340127475
2025-04-29 17:00:00,2025-04-29 16:10:00,5326.7158203125,320.0,320.0,150.0,332.5,20.5,1.07,48,0,9,43,33.988966214619246
2025-04-29 18:00:00,2025-04-29 17:10:00,1670.4798583984375,229.0,229.0,101.0,369.9,20.5,0.36,40,0,8,35,23.54235923299647
2025-04-29 19:00:00,2025-04-29 18:10:00,356.85546875,90.0,90.0,54.0,212.5,19.0,0.49,11,0,4,8,12.97405150897196
2025-04-29 20:00:00,2025-04-29 19:10:00,225.60247802734375,7.0,7.0,6.0,13.1,17.5,0.28,10,0,5,5,2.6489356055771665
2025-04-29 21:00:00,2025-04-29 20:10:00,0.0,0.0,0.0,0.0,0.0,16.4,0.79,1,0,1,0,-7.082045618549847
2025-04-29 22:00:00,2025-04-29 21:10:00,0.0,0.0,0.0,0.0,0.0,15.8,0.9,0,0,0,0,-15.809953146807816
2025-04-29 23:00:00,2025-04-29 22:10:00,0.0,0.0,0.0,0.0,0.0,14.9,0.82,0,0,0,0,-23.021712200987462
2025-04-30 00:00:00,2025-04-29 23:10:00,0.0,0.0,0.0,0.0,0.0,13.9,0.73,1,0,1,0,-28.10541498017374
2025-04-30 01:00:00,2025-04-30 00:10:00,0.0,0.0,0.0,0.0,0.0,12.8,0.81,2,0,2,0,-30.46643769030832
2025-04-30 02:00:00,2025-04-30 01:10:00,0.0,0.0,0.0,0.0,0.0,13.3,0.72,1,0,1,0,-29.764744688910497
2025-04-30 03:00:00,2025-04-30 02:10:00,0.0,0.0,0.0,0.0,0.0,12.9,0.89,1,1,0,0,-26.105872741116052
2025-04-30 04:00:00,2025-04-30 03:10:00,0.0,0.0,0.0,0.0,0.0,12.2,0.89,3,3,0,0,-19.977247760543683
2025-04-30 05:00:00,2025-04-30 04:10:00,0.0,0.0,0.0,0.0,0.0,12.0,0.15,5,5,0,0,-12.00442295083744
2025-04-30 06:00:00,2025-04-30 05:10:00,869.9204711914062,13.0,13.0,10.0,34.2,11.9,0.47,4,3,1,0,-2.760174197074771
2025-04-30 07:00:00,2025-04-30 06:10:00,3932.60986328125,121.0,121.0,56.0,338.5,13.4,0.93,4,4,0,0,7.294061261865518
2025-04-30 08:00:00,2025-04-30 07:10:00,9675.4755859375,291.0,291.0,86.0,556.9,15.4,0.62,1,1,0,0,17.78450344636736
2025-04-30 09:00:00,2025-04-30 08:10:00,15825.5751953125,466.0,466.0,106.0,677.4,18.5,0.72,8,0,0,8,28.367033580321248
2025-04-30 10:00:00,2025-04-30 09:10:00,19414.302734375,625.0,625.0,121.0,751.2,20.8,0.32,11,0,0,11,38.6417555677278
2025-04-30 11:00:00,2025-04-30 10:10:00,22419.15234375,753.0,753.0,129.0,803.0,22.5,0.3,10,0,0,10,48.01033597252967
2025-04-30 12:00:00,2025-04-30 11:10:00,23024.904296875,832.0,832.0,137.0,824.7,23.4,0.96,30,0,27,5,55.43503546447248
2025-04-30 13:00:00,2025-04-30 12:10:00,21856.28125,760.0,760.0,167.0,686.9,23.8,1.05,23,0,19,5,59.27734211467284
2025-04-30 14:00:00,2025-04-30 13:10:00,20035.46484375,761.0,761.0,176.0,698.5,24.5,1.51,69,0,4,67,58.13743345618005
2025-04-30 15:00:00,2025-04-30 14:10:00,15710.4951171875,628.0,628.0,230.0,518.9,24.2,1.37,17,0,10,11,52.48585945112484
2025-04-30 16:00:00,2025-04-30 15:10:00,11490.2060546875,529.0,529.0,175.0,539.0,24.3,1.38,25,0,8,18,44.039151079510304
2025-04-30 17:00:00,2025-04-30 16:10:00,7192.5703125,429.0,429.0,108.0,624.3,24.0,1.32,15,0,7,9,34.18420136680837
2025-04-30 18:00:00,2025-04-30 17:10:00,1957.4730224609375,263.0,263.0,85.0,509.9,23.0,1.16,6,0,6,0,23.729516318518563
2025-04-30 19:00:00,2025-04-30 18:10:00,360.70953369140625,102.0,102.0,49.0,306.9,20.8,1.35,6,0,6,0,13.163022879394692
2025-04-30 20:00:00,2025-04-30 19:10:00,225.9441680908203,8.0,8.0,6.0,25.6,18.5,1.27,6,0,6,0,2.8478401947870635
2025-04-30 21:00:00,2025-04-30 20:10:00,0.0,0.0,0.0,0.0,0.0,17.2,0.97,3,0,3,0,-6.866208704334126
2025-04-30 22:00:00,2025-04-30 21:10:00,0.0,0.0,0.0,0.0,0.0,16.3,1.08,0,0,0,0,-15.571372089603175
2025-04-30 23:00:00,2025-04-30 22:10:00,0.0,0.0,0.0,0.0,0.0,15.2,0.94,0,0,0,0,-22.756903960980733
2025-05-01 00:00:00,2025-04-30 23:10:00,0.0,0.0,0.0,0.0,0.0,14.4,1.03,0,0,0,0,-27.815527288568365
2025-05-01 01:00:00,2025-05-01 00:10:00,0.0,0.0,0.0,0.0,0.0,13.6,0.99,0,0,0,0,-30.15931958727587
2025-05-01 02:00:00,2025-05-01 01:10:00,0.0,0.0,0.0,0.0,0.0,13.6,1.0,0,0,0,0,-29.45354136172902
2025-05-01 03:00:00,2025-05-01 02:10:00,0.0,0.0,0.0,0.0,0.0,12.9,0.69,0,0,0,0,-25.803389221150674
2025-05-01 04:00:00,2025-05-01 03:10:00,0.0,0.0,0.0,0.0,0.0,12.4,0.3,0,0,0,0,-19.691012104490728
2025-05-01 05:00:00,2025-05-01 04:10:00,0.0,0.0,0.0,0.0,0.0,11.8,0.35,0,0,0,0,-11.736098467710029
2025-05-01 06:00:00,2025-05-01 05:10:00,882.7831420898438,14.0,14.0,10.0,44.6,11.8,0.81,0,0,0,0,-2.5074882809726686
2025-05-01 07:00:00,2025-05-01 06:10:00,4143.83642578125,126.0,126.0,56.0,357.1,13.4,1.04,0,0,0,0,7.535525063199839
2025-05-01 08:00:00,2025-05-01 07:10:00,9936.234375,297.0,297.0,87.0,564.8,16.1,0.46,0,0,0,0,18.020477052382084
2025-05-01 09:00:00,2025-05-01 08:10:00,16058.23046875,475.0,475.0,106.0,689.9,19.0,0.46,0,0,0,0,28.604531436838975
2025-05-01 10:00:00,2025-05-01 09:10:00,20216.453125,634.0,634.0,119.0,763.9,21.4,0.11,0,0,0,0,38.88942923510704
2025-05-01 11:00:00,2025-05-01 10:10:00,22806.77734375,759.0,759.0,128.0,808.9,23.2,0.45,0,0,0,0,48.27818164340236
2025-05-01 12:00:00,2025-05-01 11:10:00,23336.42578125,837.0,837.0,133.0,832.7,24.5,1.17,0,0,0,0,55.72969501452586
2025-05-01 13:00:00,2025-05-01 12:10:00,23293.1484375,840.0,840.0,140.0,808.4,25.0,1.49,0,0,0,0,59.58688216640402
2025-05-01 14:00:00,2025-05-01 13:10:00,21498.162109375,824.0,824.0,137.0,817.8,25.9,1.42,0,0,0,0,58.42646353665187
2025-05-01 15:00:00,2025-05-01 14:10:00,18476.6484375,758.0,758.0,124.0,823.8,26.1,1.2,0,0,0,0,52.73373359799901
2025-05-01 16:00:00,2025-05-01 15:10:00,13821.69921875,634.0,634.0,110.0,794.7,26.1,1.38,0,0,0,0,44.25265179705045
2025-05-01 17:00:00,2025-05-01 16:10:00,7613.19775390625,468.0,468.0,101.0,709.9,25.6,1.68,0,0,0,0,34.37760510028833
2025-05-01 18:00:00,2025-05-01 17:10:00,1948.7620849609375,281.0,281.0,83.0,562.3,24.5,1.42,1,0,1,0,23.915207828794173
2025-05-01 19:00:00,2025-05-01 18:10:00,429.26953125,110.0,110.0,51.0,335.3,22.1,1.08,1,0,1,0,13.350716519393476
2025-05-01 20:00:00,2025-05-01 19:10:00,225.60289001464844,9.0,9.0,7.0,25.0,20.1,0.81,0,0,0,0,3.0454799253392686
2025-05-01 21:00:00,2025-05-01 20:10:00,0.0,0.0,0.0,0.0,0.0,18.4,0.65,0,0,0,0,-6.651807371375675
2025-05-01 22:00:00,2025-05-01 21:10:00,0.0,0.0,0.0,0.0,0.0,16.8,0.4,0,0,0,0,-15.334599205468379
2025-05-01 23:00:00,2025-05-01 22:10:00,0.0,0.0,0.0,0.0,0.0,15.9,0.43,0,0,0,0,-22.49448329460393
2025-05-02 00:00:00,2025-05-01 23:10:00,0.0,0.0,0.0,0.0,0.0,15.1,0.94,0,0,0,0,-27.528753979211743
2025-05-02 01:00:00,2025-05-02 00:10:00,0.0,0.0,0.0,0.0,0.0,14.9,0.36,0,0,0,0,-29.85602401263589
2025-05-02 02:00:00,2025-05-02 01:10:00,0.0,0.0,0.0,0.0,0.0,15.1,0.07,0,0,0,0,-29.146652027997085
2025-05-02 03:00:00,2025-05-02 02:10:00,0.0,0.0,0.0,0.0,0.0,14.4,0.27,0,0,0,0,-25.505434106870634
2025-05-02 04:00:00,2025-05-02 03:10:00,0.0,0.0,0.0,0.0,0.0,13.6,0.45,0,0,0,0,-19.40934071799382
2025-05-02 05:00:00,2025-05-02 04:10:00,0.0,0.0,0.0,0.0,0.0,13.1,0.3,0,0,0,0,-11.472320656567055
2025-05-02 06:00:00,2025-05-02 05:10:00,883.8433227539062,16.0,16.0,12.0,43.6,13.0,0.78,0,0,0,0,-2.2593523298426237
2025-05-02 07:00:00,2025-05-02 06:10:00,4182.7470703125,130.0,130.0,57.0,365.1,14.2,1.69,0,0,0,0,7.772384999482603
2025-05-02 08:00:00,2025-05-02 07:10:00,10099.994140625,301.0,301.0,87.0,570.0,16.8,1.08,0,0,0,0,18.251735238079352
2025-05-02 09:00:00,2025-05-02 08:10:00,16081.384765625,479.0,479.0,106.0,693.0,19.8,1.0,0,0,0,0,28.837152322026657
2025-05-02 10:00:00,2025-05-02 09:10:00,20200.896484375,637.0,637.0,119.0,764.9,22.0,0.98,0,0,0,0,39.13204999132321
2025-05-02 11:00:00,2025-05-02 10:10:00,22765.29296875,760.0,760.0,127.0,808.5,23.8,1.04,0,0,0,0,48.540892986915324
2025-05-02 12:00:00,2025-05-02 11:10:00,23294.94140625,837.0,837.0,133.0,830.0,25.0,0.95,0,0,0,0,56.01945945138931
2025-05-02 13:00:00,2025-05-02 12:10:00,23526.525390625,862.0,862.0,131.0,841.7,25.8,0.78,0,0,0,0,59.89216334796856
2025-05-02 14:00:00,2025-05-02 13:10:00,21982.544921875,837.0,837.0,122.0,848.6,26.2,1.09,0,0,0,0,58.711852122462595
2025-05-02 15:00:00,2025-05-02 14:10:00,18138.9140625,748.0,748.0,121.0,812.0,26.5,1.37,19,0,0,19,52.97856823162296
2025-05-02 16:00:00,2025-05-02 15:10:00,12131.63671875,609.0,609.0,118.0,741.7,26.5,1.44,96,0,2,96,44.46376339335901
2025-05-02 17:00:00,2025-05-02 16:10:00,5970.525390625,408.0,408.0,171.0,456.0,26.0,1.19,100,0,2,100,34.5691577599398
2025-05-02 18:00:00,2025-05-02 17:10:00,1577.7406005859375,230.0,230.0,132.0,276.0,25.0,1.01,99,0,0,99,24.099406308363765
2025-05-02 19:00:00,2025-05-02 18:10:00,346.9307861328125,92.0,92.0,74.0,100.5,22.6,1.12,100,0,0,100,13.537093463883128
2025-05-02 20:00:00,2025-05-02 19:10:00,205.23626708984375,8.0,8.0,8.0,0.0,20.9,0.71,100,0,2,100,3.2418023104575457
2025-05-02 21:00:00,2025-05-02 20:10:00,0.0,0.0,0.0,0.0,0.0,19.5,1.0,100,0,0,100,-6.438908415360787
2025-05-02 22:00:00,2025-05-02 21:10:00,0.0,0.0,0.0,0.0,0.0,18.3,0.91,100,0,0,100,-15.099714690932545
2025-05-02 23:00:00,2025-05-02 22:10:00,0.0,0.0,0.0,0.0,0.0,17.7,0.21,100,0,0,100,-22.234540304875825
2025-05-03 00:00:00,2025-05-02 23:10:00,0.0,0.0,0.0,0.0,0.0,17.2,0.62,100,0,53,100,-27.245189129225192
2025-05-03 01:00:00,2025-05-03 00:10:00,0.0,0.0,0.0,0.0,0.0,17.0,1.72,100,0,85,100,-29.556643726042214
2025-05-03 02:00:00,2025-05-03 01:10:00,0.0,0.0,0.0,0.0,0.0,17.4,1.88,100,0,20,100,-28.844166993328674
2025-05-03 03:00:00,2025-05-03 02:10:00,0.0,0.0,0.0,0.0,0.0,16.6,0.55,95,0,0,95,-25.212096486004178
2025-05-03 04:00:00,2025-05-03 03:10:00,0.0,0.0,0.0,0.0,0.0,16.0,0.25,100,0,4,100,-19.132321304361014
2025-05-03 05:00:00,2025-05-03 04:10:00,0.0,0.0,0.0,0.0,0.0,15.2,1.06,16,0,8,9,-11.21317423563901
2025-05-03 06:00:00,2025-05-03 05:10:00,873.3929443359375,16.0,16.0,12.0,42.7,15.2,1.14,17,0,3,14,-2.0158466914551716
2025-05-03 07:00:00,2025-05-03 06:10:00,3400.58447265625,125.0,125.0,61.0,314.1,16.4,1.5,100,0,3,100,8.004565398126983
2025-05-03 08:00:00,2025-05-03 07:10:00,7821.35009765625,277.0,277.0,118.0,419.5,17.9,1.14,99,0,1,99,18.478205974301932
2025-05-03 09:00:00,2025-05-03 08:10:00,11288.60546875,439.0,439.0,155.0,524.4,19.9,1.22,100,0,3,100,29.0648251711282
2025-05-03 10:00:00,2025-05-03 09:10:00,15427.3818359375,523.0,523.0,246.0,407.2,21.5,1.49,100,0,1,100,39.36954283415957
2025-05-03 11:00:00,2025-05-03 10:10:00,15424.5576171875,658.0,658.0,293.0,464.5,23.0,1.62,100,0,11,100,48.79838430800492
2025-05-03 12:00:00,2025-05-03 11:10:00,18279.193359375,765.0,765.0,238.0,619.4,24.3,1.98,100,0,22,100,56.30423107079132
2025-05-03 13:00:00,2025-05-03 12:10:00,14595.79296875,681.0,681.0,264.0,478.8,24.6,2.03,100,0,17,100,60.19309539052209
2025-05-03 14:00:00,2025-05-03 13:10:00,15265.8896484375,718.0,718.0,266.0,534.9,24.5,1.41,99,0,12,99,58.993538761344375
2025-05-03 15:00:00,2025-05-03 14:10:00,10440.9521484375,524.0,524.0,291.0,300.8,24.1,2.07,100,0,4,100,53.220331160811114
2025-05-03 16:00:00,2025-05-03 15:10:00,7290.6435546875,397.0,397.0,288.0,164.0,24.1,2.15,64,0,3,63,44.67246588947223
2025-05-03 17:00:00,2025-05-03 16:10:00,5583.26318359375,329.0,329.0,188.0,269.8,23.5,2.41,9,0,1,8,34.758838278370106
2025-05-03 18:00:00,2025-05-03 17:10:00,1970.0997314453125,247.0,247.0,94.0,427.3,22.4,2.62,12,0,1,10,24.282082575466465
2025-05-03 19:00:00,2025-05-03 18:10:00,445.84600830078125,107.0,107.0,55.0,285.2,20.6,2.1,22,0,3,20,13.722112900016219
2025-05-03 20:00:00,2025-05-03 19:10:00,224.24539184570312,10.0,10.0,8.0,24.0,19.0,1.79,41,0,1,40,3.436753066193374
2025-05-03 21:00:00,2025-05-03 20:10:00,0.0,0.0,0.0,0.0,0.0,18.0,1.13,48,0,4,46,-6.227580203519667
2025-05-03 22:00:00,2025-05-03 21:10:00,0.0,0.0,0.0,0.0,0.0,17.2,1.14,0,0,0,0,-14.866799908604252
2025-05-03 23:00:00,2025-05-03 22:10:00,0.0,0.0,0.0,0.0,0.0,15.9,1.11,2,0,0,2,-21.977165713062618
2025-05-04 00:00:00,2025-05-03 23:10:00,0.0,0.0,0.0,0.0,0.0,14.9,0.46,12,1,0,12,-26.964926851766656
2025-05-04 01:00:00,2025-05-04 00:10:00,0.0,0.0,0.0,0.0,0.0,14.4,0.7,17,6,3,11,-29.26127099619066
2025-05-04 02:00:00,2025-05-04 01:10:00,0.0,0.0,0.0,0.0,0.0,14.5,0.74,100,1,1,100,-28.546175556922908
2025-05-04 03:00:00,2025-05-04 02:10:00,0.0,0.0,0.0,0.0,0.0,14.1,0.43,21,0,2,19,-24.92346390201852
2025-05-04 04:00:00,2025-05-04 03:10:00,0.0,0.0,0.0,0.0,0.0,13.6,0.2,100,3,0,100,-18.860039536036613
2025-05-04 05:00:00,2025-05-04 04:10:00,0.0,0.0,0.0,0.0,0.0,13.9,1.5,100,13,17,100,-10.958741503111515
2025-05-04 06:00:00,2025-05-04 05:10:00,685.7120971679688,13.0,13.0,12.0,10.5,13.9,1.75,95,27,22,92,-1.7770489828882488
2025-05-04 07:00:00,2025-05-04 06:10:00,2515.54150390625,93.0,93.0,74.0,91.6,14.6,1.49,100,9,17,100,8.231993582858848
2025-05-04 08:00:00,2025-05-04 07:10:00,5546.30712890625,200.0,200.0,133.0,175.2,15.8,0.79,98,5,47,97,18.699820467533304
2025-05-04 09:00:00,2025-05-04 08:10:00,10750.708984375,365.0,365.0,216.0,273.5,17.6,1.22,96,35,1,94,29.28748235529759
2025-05-04 10:00:00,2025-05-04 09:10:00,14680.6416015625,486.0,486.0,242.0,357.1,19.4,1.3,97,53,3,95,39.60183626721293
2025-05-04 11:00:00,2025-05-04 10:10:00,12660.185546875,530.0,530.0,312.0,276.5,20.8,1.83,97,48,19,92,49.050573064991276
2025-05-04 12:00:00,2025-05-04 11:10:00,12997.048828125,536.0,536.0,314.0,260.2,22.0,1.2,100,99,11,81,56.58391408250804
2025-05-04 13:00:00,2025-05-04 12:10:00,14218.1015625,640.0,640.0,266.0,428.2,22.0,1.54,86,72,41,38,60.489588448119825
2025-05-04 14:00:00,2025-05-04 13:10:00,9495.955078125,473.0,473.0,284.0,223.0,20.9,1.66,69,17,37,45,59.271463034060865
2025-05-04 15:00:00,2025-05-04 14:10:00,8790.8955078125,447.0,447.0,224.0,287.0,20.9,0.76,68,34,25,46,53.45898989822679
2025-05-04 16:00:00,2025-05-04 15:10:00,7091.7646484375,444.0,444.0,216.0,341.8,21.0,1.48,75,23,20,63,44.87873838110755
2025-05-04 17:00:00,2025-05-04 16:10:00,4062.576171875,311.0,311.0,171.0,266.6,20.2,1.03,95,19,46,89,34.94662415142736
2025-05-04 18:00:00,2025-05-04 17:10:00,1572.8387451171875,189.0,189.0,120.0,191.2,19.5,2.33,99,43,23,98,24.463205721442744
2025-05-04 19:00:00,2025-05-04 18:10:00,377.70819091796875,58.0,58.0,52.0,32.3,17.6,2.67,99,51,22,98,13.90573218914403
2025-05-04 20:00:00,2025-05-04 19:10:00,200.31236267089844,5.0,5.0,5.0,0.0,16.4,2.88,100,100,32,100,3.630276153693461
2025-05-04 21:00:00,2025-05-04 20:10:00,0.0,0.0,0.0,0.0,0.0,15.6,2.06,100,98,26,99,-6.017892615601007
2025-05-04 22:00:00,2025-05-04 21:10:00,0.0,0.0,0.0,0.0,0.0,15.2,1.88,100,90,53,100,-14.635937317709038
2025-05-04 23:00:00,2025-05-04 22:10:00,0.0,0.0,0.0,0.0,0.0,14.6,1.95,100,24,75,100,-21.722450788250242
2025-05-05 00:00:00,2025-05-04 23:10:00,0.0,0.0,0.0,0.0,0.0,14.4,2.09,100,100,34,96,-26.688061233676255
2025-05-05 01:00:00,2025-05-05 00:10:00,0.0,0.0,0.0,0.0,0.0,14.2,2.23,99,97,53,11,-28.96999755035432
2025-05-05 02:00:00,2025-05-05 01:10:00,0.0,0.0,0.0,0.0,0.0,13.9,1.16,74,16,27,59,-28.252765973420786
2025-05-05 03:00:00,2025-05-05 02:10:00,0.0,0.0,0.0,0.0,0.0,13.8,1.6,37,11,9,21,-24.639622326849192
2025-05-05 04:00:00,2025-05-05 03:10:00,0.0,0.0,0.0,0.0,0.0,13.6,0.76,74,69,17,3,-18.59257903360112
2025-05-05 05:00:00,2025-05-05 04:10:00,0.0,0.0,0.0,0.0,0.0,13.4,1.22,100,100,24,19,-10.709102317761502
2025-05-05 06:00:00,2025-05-05 05:10:00,710.5702514648438,10.0,10.0,10.0,0.0,13.9,1.75,93,74,34,59,-1.5430340701318594
2025-05-05 07:00:00,2025-05-05 06:10:00,2429.6298828125,61.0,61.0,50.0,52.1,14.0,1.53,84,62,24,49,8.454599896928228
2025-05-05 08:00:00,2025-05-05 07:10:00,5368.02587890625,128.0,128.0,87.0,106.3,14.4,2.31,100,98,8,78,18.916513188694914
2025-05-05 09:00:00,2025-05-05 08:10:00,5882.16259765625,168.0,168.0,145.0,42.0,15.1,2.72,99,91,14,86,29.505059721754648
2025-05-05 10:00:00,2025-05-05 09:10:00,6343.2734375,230.0,230.0,229.0,1.5,15.3,3.19,100,100,35,90,39.82886236205722
2025-05-05 11:00:00,2025-05-05 10:10:00,8900.94921875,299.0,299.0,223.0,96.1,15.5,2.8,100,100,65,92,49.29737996417155
2025-05-05 12:00:00,2025-05-05 11:10:00,14273.6025390625,461.0,461.0,303.0,184.6,17.0,2.86,94,3,4,94,56.85841470959155
2025-05-05 13:00:00,2025-05-05 12:10:00,10181.6767578125,505.0,505.0,329.0,201.0,17.4,3.66,100,35,19,100,60.78155312311769
2025-05-05 14:00:00,2025-05-05 13:10:00,5301.54443359375,358.0,358.0,278.0,94.1,16.6,2.6,100,5,86,100,59.54556452319561
2025-05-05 15:00:00,2025-05-05 14:10:00,5464.02197265625,338.0,338.0,296.0,53.9,17.4,2.36,100,24,24,100,53.69451161030215
2025-05-05 16:00:00,2025-05-05 15:10:00,4319.67236328125,314.0,314.0,252.0,92.6,17.6,1.59,100,11,2,100,45.082558996239705
2025-05-05 17:00:00,2025-05-05 16:10:00,3194.40478515625,253.0,253.0,204.0,92.8,14.6,3.94,100,18,95,100,35.13249141790484
2025-05-05 18:00:00,2025-05-05 17:10:00,1066.28466796875,64.0,64.0,62.0,5.5,14.8,3.36,100,16,83,100,24.64274311461041
2025-05-05 19:00:00,2025-05-05 18:10:00,307.9705810546875,23.0,23.0,23.0,0.0,14.4,3.34,100,44,44,100,14.087906893175813
2025-05-05 20:00:00,2025-05-05 19:10:00,205.8457489013672,6.0,6.0,6.0,0.0,13.6,2.86,100,92,55,100,3.822313825507894
2025-05-05 21:00:00,2025-05-05 20:10:00,0.0,0.0,0.0,0.0,0.0,13.4,2.11,100,39,21,100,-5.8099169814455065
2025-05-05 22:00:00,2025-05-05 21:10:00,0.0,0.0,0.0,0.0,0.0,13.2,1.39,100,84,99,100,-14.407210402090334
2025-05-05 23:00:00,2025-05-05 22:10:00,0.0,0.0,0.0,0.0,0.0,13.1,0.6,100,33,79,100,-21.470487275247216
2025-05-06 00:00:00,2025-05-05 23:10:00,0.0,0.0,0.0,0.0,0.0,13.1,0.56,99,49,87,86,-26.41468627204202
2025-05-06 01:00:00,2025-05-06 00:10:00,0.0,0.0,0.0,0.0,0.0,13.1,0.78,98,1,97,29,-28.6829145231447
2025-05-06 02:00:00,2025-05-06 01:10:00,0.0,0.0,0.0,0.0,0.0,12.8,1.46,100,35,29,100,-27.964025414206667
2025-05-06 03:00:00,2025-05-06 02:10:00,0.0,0.0,0.0,0.0,0.0,12.7,1.7,60,14,31,33,-24.360656133410462
2025-05-06 04:00:00,2025-05-06 03:10:00,0.0,0.0,0.0,0.0,0.0,12.1,0.88,97,0,14,96,-18.330021345158894
2025-05-06 05:00:00,2025-05-06 04:10:00,0.0,0.0,0.0,0.0,0.0,12.4,0.25,96,9,12,95,-10.464334080776952
2025-05-06 06:00:00,2025-05-06 05:10:00,720.0323486328125,13.0,13.0,12.0,10.1,12.6,0.82,83,13,21,75,-1.3138740497246089
2025-05-06 07:00:00,2025-05-06 06:10:00,2782.6328125,106.0,106.0,67.0,181.8,13.1,1.08,98,29,22,97,8.672317723447195
2025-05-06 08:00:00,2025-05-06 07:10:00,7430.82666015625,229.0,229.0,105.0,318.7,13.9,0.97,71,62,9,15,19.128221898253187
2025-05-06 09:00:00,2025-05-06 08:10:00,12055.5615234375,353.0,353.0,174.0,325.0,15.1,0.45,35,34,11,0,29.717496629558706
2025-05-06 10:00:00,2025-05-06 09:10:00,10675.830078125,359.0,359.0,258.0,146.6,15.9,1.65,62,32,43,8,40.050556815925276
2025-05-06 11:00:00,2025-05-06 10:10:00,14159.556640625,537.0,537.0,271.0,335.2,17.0,2.06,100,100,21,2,49.53872905188383
2025-05-06 12:00:00,2025-05-06 11:10:00,14343.2900390625,652.0,652.0,263.0,453.3,17.0,3.44,100,100,23,31,57.127641290191
2025-05-06 13:00:00,2025-05-06 12:10:00,13188.427734375,570.0,570.0,293.0,315.4,16.6,3.57,83,82,18,0,61.068900495657125
2025-05-06 14:00:00,2025-05-06 13:10:00,7021.30712890625,446.0,446.0,259.0,219.5,16.9,2.49,100,41,100,40,59.81578278364171
2025-05-06 15:00:00,2025-05-06 14:10:00,7390.7783203125,295.0,295.0,209.0,110.0,16.7,2.43,97,47,94,10,53.9268630690709
2025-05-06 16:00:00,2025-05-06 15:10:00,6763.0810546875,420.0,420.0,204.0,321.4,17.5,1.86,88,51,66,40,45.283904855968174
2025-05-06 17:00:00,2025-05-06 16:10:00,3589.32421875,298.0,298.0,168.0,245.1,17.5,1.48,98,13,54,95,35.31641464334218
2025-05-06 18:00:00,2025-05-06 17:10:00,1564.3831787109375,171.0,171.0,128.0,117.3,16.8,0.52,100,43,24,99,24.820660408471205
2025-05-06 19:00:00,2025-05-06 18:10:00,370.0395202636719,46.0,46.0,46.0,0.0,14.3,2.42,100,96,100,100,14.26859080516056
2025-05-06 20:00:00,2025-05-06 19:10:00,218.1942138671875,6.0,6.0,6.0,0.0,13.6,2.11,96,31,13,94,4.012806675740081
2025-05-06 21:00:00,2025-05-06 20:10:00,0.0,0.0,0.0,0.0,0.0,13.1,2.35,100,72,82,98,-5.603726015364631
2025-05-06 22:00:00,2025-05-06 21:10:00,0.0,0.0,0.0,0.0,0.0,12.7,1.87,100,82,100,97,-14.18070359586467
2025-05-06 23:00:00,2025-05-06 22:10:00,0.0,0.0,0.0,0.0,0.0,12.5,1.26,100,100,100,64,-21.221367320970995
2025-05-07 00:00:00,2025-05-06 23:10:00,0.0,0.0,0.0,0.0,0.0,12.1,0.4,100,100,100,51,-26.144895809792548
2025-05-07 01:00:00,2025-05-07 00:10:00,0.0,0.0,0.0,0.0,0.0,12.2,0.47,100,99,59,37,-28.40011240457083
2025-05-07 02:00:00,2025-05-07 01:10:00,0.0,0.0,0.0,0.0,0.0,12.9,0.94,100,100,56,43,-27.680039928203318
2025-05-07 03:00:00,2025-05-07 02:10:00,0.0,0.0,0.0,0.0,0.0,12.7,1.16,99,99,27,25,-24.086648067915103
2025-05-07 04:00:00,2025-05-07 03:10:00,0.0,0.0,0.0,0.0,0.0,12.4,0.79,100,100,22,8,-18.072445926120256
2025-05-07 05:00:00,2025-05-07 04:10:00,0.0,0.0,0.0,0.0,0.0,12.1,0.85,99,99,78,16,-10.22451171875625
2025-05-07 06:00:00,2025-05-07 05:10:00,720.72607421875,10.0,10.0,9.0,9.9,12.1,2.23,100,100,86,0,-1.0896382324215799
2025-05-07 07:00:00,2025-05-07 06:10:00,1871.2445068359375,37.0,37.0,37.0,0.0,12.0,2.83,100,100,93,7,8.885083502831197
2025-05-07 08:00:00,2025-05-07 07:10:00,3989.031005859375,75.0,75.0,75.0,0.0,12.4,3.15,94,93,49,9,19.33488766756645
2025-05-07 09:00:00,2025-05-07 08:10:00,5785.5537109375,149.0,149.0,125.0,43.3,12.9,4.0,86,75,49,31,29.92473598084382
2025-05-07 10:00:00,2025-05-07 09:10:00,6063.4765625,141.0,141.0,141.0,0.0,13.2,4.4,63,47,21,16,40.266859004603106
2025-05-07 11:00:00,2025-05-07 10:10:00,9277.3359375,348.0,348.0,242.0,133.2,14.4,4.66,100,100,14,11,49.77454780356437
2025-05-07 12:00:00,2025-05-07 11:10:00,11175.021484375,439.0,439.0,296.0,166.2,14.6,4.31,100,100,100,12,57.39150438165073
2025-05-07 13:00:00,2025-05-07 12:10:00,8763.591796875,404.0,404.0,247.0,178.3,13.9,2.78,100,100,100,78,61.351542157376244
2025-05-07 14:00:00,2025-05-07 13:10:00,9202.4365234375,456.0,456.0,298.0,185.0,14.4,2.55,65,4,15,58,60.0820573148861
2025-05-07 15:00:00,2025-05-07 14:10:00,12369.701171875,507.0,507.0,197.0,395.4,15.1,0.71,29,5,22,7,54.15601060593685
2025-05-07 16:00:00,2025-05-07 15:10:00,11381.2119140625,586.0,586.0,155.0,639.0,15.9,2.32,66,25,16,51,45.482752038636605
2025-05-07 17:00:00,2025-05-07 16:10:00,4563.376953125,364.0,364.0,159.0,384.6,15.2,2.9,80,20,16,73,35.49836690781601
2025-05-07 18:00:00,2025-05-07 17:10:00,1808.546142578125,210.0,210.0,115.0,257.2,14.2,2.3,83,13,12,79,24.996921554095255
2025-05-07 19:00:00,2025-05-07 18:10:00,525.7214965820312,110.0,110.0,68.0,215.7,13.8,1.14,96,15,0,95,14.44773598390611
2025-05-07 20:00:00,2025-05-07 19:10:00,224.63229370117188,12.0,12.0,11.0,11.2,12.6,0.5,80,4,2,79,4.201693693833521
2025-05-07 21:00:00,2025-05-07 20:10:00,0.0,0.0,0.0,0.0,0.0,11.8,0.81,64,2,3,63,-5.399393747535562
2025-05-07 22:00:00,2025-05-07 21:10:00,0.0,0.0,0.0,0.0,0.0,11.2,0.07,2,2,0,0,-13.95650220692575
2025-05-07 23:00:00,2025-05-07 22:10:00,0.0,0.0,0.0,0.0,0.0,10.6,0.35,59,2,0,58,-20.975183399471387
2025-05-08 00:00:00,2025-05-07 23:10:00,0.0,0.0,0.0,0.0,0.0,10.1,0.53,93,3,1,92,-25.87878347042436
2025-05-08 01:00:00,2025-05-08 00:10:00,0.0,0.0,0.0,0.0,0.0,9.6,0.47,24,3,0,22,-28.12168098746893
2025-05-08 02:00:00,2025-05-08 01:10:00,0.0,0.0,0.0,0.0,0.0,8.6,0.54,54,29,12,27,-27.400894402208973
2025-05-08 03:00:00,2025-05-08 02:10:00,0.0,0.0,0.0,0.0,0.0,8.1,0.34,13,10,0,3,-23.817679222030886
2025-05-08 04:00:00,2025-05-08 03:10:00,0.0,0.0,0.0,0.0,0.0,7.4,0.53,9,9,0,0,-17.81993011938506
2025-05-08 05:00:00,2025-05-08 04:10:00,0.0,0.0,0.0,0.0,0.0,7.2,0.35,8,8,0,0,-9.989707667879806
2025-05-08 06:00:00,2025-05-08 05:10:00,1019.2691650390625,22.0,22.0,16.0,58.4,7.5,0.86,100,100,0,0,-0.8703931288892036
2025-05-08 07:00:00,2025-05-08 06:10:00,3897.899169921875,124.0,124.0,68.0,253.1,8.8,0.95,100,100,0,0,9.092836747328393
2025-05-08 08:00:00,2025-05-08 07:10:00,9282.1103515625,278.0,278.0,119.0,402.3,10.9,1.25,37,36,2,0,19.53645489641167
2025-05-08 09:00:00,2025-05-08 08:10:00,12567.998046875,407.0,407.0,156.0,451.1,13.3,1.15,64,59,13,0,30.12672424737135
2025-05-08 10:00:00,2025-05-08 09:10:00,17619.77734375,560.0,560.0,199.0,520.2,15.0,0.76,23,22,1,0,40.47771203024164
2025-05-08 11:00:00,2025-05-08 10:10:00,20265.76171875,690.0,690.0,217.0,592.4,16.1,0.96,21,12,11,0,50.0047672093115
2025-05-08 12:00:00,2025-05-08 11:10:00,21435.21484375,778.0,778.0,175.0,698.9,17.2,1.03,26,10,24,0,57.64991686652625
2025-05-08 13:00:00,2025-05-08 12:10:00,21569.126953125,760.0,760.0,179.0,658.3,18.0,0.81,25,3,25,0,61.62939024947594
2025-05-08 14:00:00,2025-05-08 13:10:00,18754.849609375,716.0,716.0,208.0,593.1,18.3,1.1,28,3,25,3,60.344327535180646
2025-05-08 15:00:00,2025-05-08 14:10:00,14061.4521484375,587.0,587.0,150.0,555.8,18.7,0.6,44,6,26,20,54.381920067395484
2025-05-08 16:00:00,2025-05-08 15:10:00,8269.4580078125,477.0,477.0,191.0,422.5,18.7,1.14,43,2,27,21,45.679075547151676
2025-05-08 17:00:00,2025-05-08 16:10:00,4282.9833984375,350.0,350.0,154.0,366.0,18.1,1.39,80,7,58,52,35.67831979760265
2025-05-08 18:00:00,2025-05-08 17:10:00,1727.814453125,154.0,154.0,86.0,182.7,16.9,1.21,57,15,15,42,25.171488816518796
2025-05-08 19:00:00,2025-05-08 18:10:00,416.67083740234375,83.0,83.0,58.0,126.4,14.7,2.51,100,78,100,69,14.625292792441575
2025-05-08 20:00:00,2025-05-08 19:10:00,215.0174560546875,9.0,9.0,8.0,11.0,13.1,1.53,100,30,97,95,4.388912321783033
2025-05-08 21:00:00,2025-05-08 20:10:00,0.0,0.0,0.0,0.0,0.0,12.6,1.81,100,100,100,70,-5.1969954526272
2025-05-08 22:00:00,2025-05-08 21:10:00,0.0,0.0,0.0,0.0,0.0,12.3,1.57,100,100,100,77,-13.734692338492124
2025-05-08 23:00:00,2025-05-08 22:10:00,0.0,0.0,0.0,0.0,0.0,12.1,1.5,100,0,100,87,-20.732028235745574
2025-05-09 00:00:00,2025-05-08 23:10:00,0.0,0.0,0.0,0.0,0.0,11.9,1.63,100,0,100,60,-25.616442591971744
2025-05-09 01:00:00,2025-05-09 00:10:00,0.0,0.0,0.0,0.0,0.0,11.6,1.17,100,11,100,26,-27.847709314375283
2025-05-09 02:00:00,2025-05-09 01:10:00,0.0,0.0,0.0,0.0,0.0,11.4,1.07,94,21,89,30,-27.126672520825156
2025-05-09 03:00:00,2025-05-09 02:10:00,0.0,0.0,0.0,0.0,0.0,11.4,1.38,100,8,100,10,-23.5538290049014
2025-05-09 04:00:00,2025-05-09 03:10:00,0.0,0.0,0.0,0.0,0.0,11.4,1.07,100,10,99,28,-17.57254913593205
2025-05-09 05:00:00,2025-05-09 04:10:00,0.0,0.0,0.0,0.0,0.0,11.2,1.12,93,22,64,76,-9.759991859244906
2025-05-09 06:00:00,2025-05-09 05:10:00,684.7704467773438,8.0,8.0,8.0,0.0,11.4,1.8,93,51,72,64,-0.6562024374171992
2025-05-09 07:00:00,2025-05-09 06:10:00,2287.082275390625,50.0,50.0,45.0,22.3,11.6,2.1,84,70,58,22,9.29552005262929
2025-05-09 08:00:00,2025-05-09 07:10:00,5339.2919921875,122.0,122.0,91.0,77.9,12.3,1.88,90,80,54,29,19.73287132664337
2025-05-09 09:00:00,2025-05-09 08:10:00,8384.48828125,158.0,158.0,152.0,10.7,12.9,2.02,88,82,41,0,30.32341149227092
2025-05-09 10:00:00,2025-05-09 09:10:00,11501.3212890625,279.0,279.0,230.0,70.4,13.8,1.89,75,68,19,5,40.68306276380248
2025-05-09 11:00:00,2025-05-09 10:10:00,11465.4228515625,423.0,423.0,280.0,178.6,14.6,1.55,100,100,32,9,50.22932185546029
2025-05-09 12:00:00,2025-05-09 11:10:00,14451.3291015625,498.0,498.0,305.0,223.1,15.6,0.86,51,43,13,9,57.902794060116975
2025-05-09 13:00:00,2025-05-09 12:10:00,15066.8583984375,658.0,658.0,297.0,408.1,17.1,0.97,81,74,10,22,61.90235750525477
2025-05-09 14:00:00,2025-05-09 13:10:00,13405.029296875,678.0,678.0,257.0,490.3,17.8,0.9,100,100,81,4,60.602532757693105
2025-05-09 15:00:00,2025-05-09 14:10:00,9707.865234375,534.0,534.0,277.0,325.9,18.2,1.37,100,100,26,24,54.604556772719526
2025-05-09 16:00:00,2025-05-09 15:10:00,6027.61083984375,378.0,378.0,249.0,189.9,16.2,2.57,63,18,28,40,45.87284927944124
2025-05-09 17:00:00,2025-05-09 16:10:00,4162.23681640625,327.0,327.0,145.0,338.2,14.9,2.31,90,46,75,50,35.856243400584354
2025-05-09 18:00:00,2025-05-09 17:10:00,1784.5030517578125,197.0,197.0,108.0,237.4,13.9,1.81,69,5,46,41,25.344322794983437
2025-05-09 19:00:00,2025-05-09 18:10:00,519.3729858398438,99.0,99.0,62.0,184.3,13.7,1.19,36,2,30,10,14.801209940121767
2025-05-09 20:00:00,2025-05-09 19:10:00,223.68368530273438,14.0,14.0,11.0,32.3,12.7,0.96,39,0,36,12,4.574398514552115
2025-05-09 21:00:00,2025-05-09 20:10:00,0.0,0.0,0.0,0.0,0.0,12.4,1.1,11,0,6,5,-4.9966075758758235
2025-05-09 22:00:00,2025-05-09 21:10:00,0.0,0.0,0.0,0.0,0.0,11.9,0.51,24,5,23,0,-13.515360808895483
2025-05-09 23:00:00,2025-05-09 22:10:00,0.0,0.0,0.0,0.0,0.0,11.6,0.27,100,14,100,0,-20.491994728498067
2025-05-10 00:00:00,2025-05-09 23:10:00,0.0,0.0,0.0,0.0,0.0,11.6,0.72,100,17,100,15,-25.35796616032662
2025-05-10 01:00:00,2025-05-10 00:10:00,0.0,0.0,0.0,0.0,0.0,11.4,0.45,100,27,100,0,-27.578285623915775
2025-05-10 02:00:00,2025-05-10 01:10:00,0.0,0.0,0.0,0.0,0.0,11.4,0.22,26,15,18,0,-26.857456726023845
2025-05-10 03:00:00,2025-05-10 02:10:00,0.0,0.0,0.0,0.0,0.0,11.4,1.01,60,38,41,0,-23.29517511505736
2025-05-10 04:00:00,2025-05-10 03:10:00,0.0,0.0,0.0,0.0,0.0,11.2,0.52,100,41,100,0,-17.33037603581891
2025-05-10 05:00:00,2025-05-10 04:10:00,0.0,0.0,0.0,0.0,0.0,10.8,1.58,100,59,100,0,-9.535431705351781
2025-05-10 06:00:00,2025-05-10 05:10:00,981.8740844726562,16.0,16.0,13.0,28.3,10.9,1.35,100,65,100,0,-0.4471270336334229
2025-05-10 07:00:00,2025-05-10 06:10:00,2473.253173828125,54.0,54.0,47.0,30.8,11.5,1.55,100,60,100,0,9.493079106557431
2025-05-10 08:00:00,2025-05-10 07:10:00,4980.58544921875,112.0,112.0,96.0,39.9,12.4,2.04,100,60,100,0,19.924088051947773
2025-05-10 09:00:00,2025-05-10 08:10:00,5149.32373046875,145.0,145.0,129.0,28.5,12.9,1.57,100,31,100,0,30.51475138685549
2025-05-10 10:00:00,2025-05-10 09:10:00,8353.9189453125,205.0,205.0,194.0,15.7,13.8,1.28,100,35,100,0,40.882861881870426
2025-05-10 11:00:00,2025-05-10 10:10:00,11547.427734375,385.0,385.0,274.0,138.2,15.1,0.9,92,38,87,0,50.448150001670925
2025-05-10 12:00:00,2025-05-10 11:10:00,16434.9609375,627.0,627.0,307.0,369.0,16.2,1.1,57,43,26,0,58.15005381907146
2025-05-10 13:00:00,2025-05-10 12:10:00,16423.552734375,703.0,703.0,270.0,488.3,17.3,1.51,52,39,29,0,62.17035729720729
2025-05-10 14:00:00,2025-05-10 13:10:00,15416.6455078125,750.0,750.0,231.0,603.0,18.8,1.21,100,100,21,1,60.85661216873228
2025-05-10 15:00:00,2025-05-10 14:10:00,11898.80859375,594.0,594.0,225.0,466.7,18.9,1.1,100,100,94,1,54.82388547361515
2025-05-10 16:00:00,2025-05-10 15:10:00,8019.78125,386.0,386.0,182.0,299.3,18.7,0.46,96,95,27,1,46.06404600198071
2025-05-10 17:00:00,2025-05-10 16:10:00,4762.52392578125,354.0,354.0,161.0,357.0,18.2,0.45,28,8,23,1,36.03210630526292
2025-05-10 18:00:00,2025-05-10 17:10:00,1934.5313720703125,234.0,234.0,90.0,381.3,17.5,1.21,42,14,36,0,25.515382446835822
2025-05-10 19:00:00,2025-05-10 18:10:00,648.4933471679688,100.0,100.0,55.0,220.9,16.8,0.47,36,10,32,0,14.97543452816573
2025-05-10 20:00:00,2025-05-10 19:10:00,223.1319122314453,14.0,14.0,11.0,31.8,15.6,0.21,39,13,38,0,4.758086803474864
2025-05-10 21:00:00,2025-05-10 20:10:00,0.0,0.0,0.0,0.0,0.0,15.1,0.27,43,21,41,0,-4.798307656830792
2025-05-10 22:00:00,2025-05-10 21:10:00,0.0,0.0,0.0,0.0,0.0,14.4,1.3,62,23,55,0,-13.29859506980655
2025-05-10 23:00:00,2025-05-10 22:10:00,0.0,0.0,0.0,0.0,0.0,13.8,1.3,48,22,34,0,-20.255175871999857
2025-05-11 00:00:00,2025-05-10 23:10:00,0.0,0.0,0.0,0.0,0.0,12.9,0.16,63,6,63,0,-25.103446742016466
2025-05-11 01:00:00,2025-05-11 00:10:00,0.0,0.0,0.0,0.0,0.0,12.4,0.2,74,11,74,0,-27.313497296785055
2025-05-11 02:00:00,2025-05-11 01:10:00,0.0,0.0,0.0,0.0,0.0,11.6,0.71,50,25,38,0,-26.593328176402725
2025-05-11 03:00:00,2025-05-11 02:10:00,0.0,0.0,0.0,0.0,0.0,11.6,0.94,69,33,58,1,-23.041793512244993
2025-05-11 04:00:00,2025-05-11 03:10:00,0.0,0.0,0.0,0.0,0.0,11.3,0.54,62,29,57,0,-17.093481709595036
2025-05-11 05:00:00,2025-05-11 04:10:00,0.0,0.0,0.0,0.0,0.0,11.1,1.15,82,66,48,0,-9.316092087726133
2025-05-11 06:00:00,2025-05-11 05:10:00,918.1583862304688,17.0,17.0,14.0,27.9,11.4,1.06,95,87,65,0,-0.243224962201692
2025-05-11 07:00:00,2025-05-11 06:10:00,3066.631591796875,90.0,90.0,59.0,134.4,12.3,0.96,88,84,27,0,9.68546269484983
2025-05-11 08:00:00,2025-05-11 07:10:00,8926.208984375,269.0,269.0,105.0,406.1,13.8,0.22,48,34,25,0,20.11005952366894
2025-05-11 09:00:00,2025-05-11 08:10:00,13628.5810546875,391.0,391.0,134.0,455.4,15.1,0.43,25,1,24,0,30.70070122241434
2025-05-11 10:00:00,2025-05-11 09:10:00,17658.62109375,544.0,544.0,199.0,492.0,16.6,0.94,14,10,5,0,41.07706389758319
2025-05-11 11:00:00,2025-05-11 10:10:00,20276.0,725.0,725.0,179.0,678.1,18.0,1.03,22,15,8,0,50.66119365303329
2025-05-11 12:00:00,2025-05-11 11:10:00,21075.419921875,795.0,795.0,163.0,727.1,18.9,0.76,21,1,20,0,58.39161665057966
2025-05-11 13:00:00,2025-05-11 12:10:00,20943.6171875,801.0,801.0,170.0,709.9,19.6,0.65,6,0,5,1,62.43330368876185
2025-05-11 14:00:00,2025-05-11 13:10:00,19089.798828125,795.0,795.0,153.0,744.1,20.4,1.1,36,12,29,3,61.106504808143
2025-05-11 15:00:00,2025-05-11 14:10:00,15157.7099609375,697.0,697.0,170.0,664.7,20.5,1.38,42,33,19,3,55.039870315852454
2025-05-11 16:00:00,2025-05-11 15:10:00,9223.01953125,540.0,540.0,192.0,508.9,20.2,0.85,45,19,20,29,46.25263732631104
2025-05-11 17:00:00,2025-05-11 16:10:00,3902.760009765625,312.0,312.0,166.0,268.8,16.1,4.9,97,35,31,95,36.20587560323562
2025-05-11 18:00:00,2025-05-11 17:10:00,1672.150146484375,147.0,147.0,101.0,120.9,15.4,1.38,100,2,2,100,25.68462511490139
2025-05-11 19:00:00,2025-05-11 18:10:00,444.1519775390625,68.0,68.0,52.0,77.4,15.1,1.05,79,1,33,71,15.147912098416272
2025-05-11 20:00:00,2025-05-11 19:10:00,225.21588134765625,17.0,17.0,15.0,20.9,14.0,0.41,65,1,24,54,4.939910362415871
2025-05-11 21:00:00,2025-05-11 20:10:00,0.0,0.0,0.0,0.0,0.0,13.6,0.55,56,2,38,38,-4.602174250992979
2025-05-11 22:00:00,2025-05-11 21:10:00,0.0,0.0,0.0,0.0,0.0,13.3,0.21,61,0,53,20,-13.08448312309494
2025-05-11 23:00:00,2025-05-11 22:10:00,0.0,0.0,0.0,0.0,0.0,13.1,1.27,88,12,65,66,-20.021664677199013
2025-05-12 00:00:00,2025-05-11 23:10:00,0.0,0.0,0.0,0.0,0.0,12.9,0.16,86,4,34,78,-24.852976416547722
2025-05-12 01:00:00,2025-05-12 00:10:00,0.0,0.0,0.0,0.0,0.0,12.8,0.54,99,13,13,99,-27.053430801389222
2025-05-12 02:00:00,2025-05-12 01:10:00,0.0,0.0,0.0,0.0,0.0,11.9,0.21,30,6,29,0,-26.33436670617726
2025-05-12 03:00:00,2025-05-12 02:10:00,0.0,0.0,0.0,0.0,0.0,11.5,0.9,46,19,35,0,-22.793758389197652
2025-05-12 04:00:00,2025-05-12 03:10:00,0.0,0.0,0.0,0.0,0.0,11.4,0.81,99,44,52,98,-16.861934860129725
2025-05-12 05:00:00,2025-05-12 04:10:00,0.0,0.0,0.0,0.0,0.0,11.2,0.92,83,51,41,44,-9.102035345661271
2025-05-12 06:00:00,2025-05-12 05:10:00,1132.1466064453125,26.0,26.0,21.0,45.8,11.5,1.22,97,90,21,65,-0.04455143047799038
2025-05-12 07:00:00,2025-05-12 06:10:00,3245.147216796875,137.0,137.0,78.0,252.5,13.1,0.74,100,67,6,100,9.87262270404506
2025-05-12 08:00:00,2025-05-12 07:10:00,5855.12353515625,270.0,270.0,148.0,300.0,14.6,0.57,100,16,50,99,20.290743552696114
2025-05-12 09:00:00,2025-05-12 08:10:00,9686.6533203125,383.0,383.0,208.0,308.7,15.9,0.67,100,2,72,100,30.881221916904952
2025-05-12 10:00:00,2025-05-12 09:10:00,9544.1279296875,446.0,446.0,315.0,186.2,17.0,0.57,100,11,86,100,41.26562718544918
2025-05-12 11:00:00,2025-05-12 10:10:00,11279.7021484375,502.0,502.0,351.0,187.0,17.8,0.34,100,10,92,100,50.868398626696056
2025-05-12 12:00:00,2025-05-12 11:10:00,13483.53515625,528.0,528.0,354.0,199.7,18.2,1.04,100,9,8,100,58.62740582162682
2025-05-12 13:00:00,2025-05-12 12:10:00,15959.1220703125,637.0,637.0,367.0,303.1,19.0,1.31,67,14,6,61,62.69111149071115
2025-05-12 14:00:00,2025-05-12 13:10:00,15762.4462890625,656.0,656.0,279.0,436.0,19.4,0.16,67,0,4,66,61.3521495519701
2025-05-12 15:00:00,2025-05-12 14:10:00,14046.994140625,685.0,685.0,224.0,579.9,19.7,0.64,80,8,15,75,55.2524748028714
2025-05-12 16:00:00,2025-05-12 15:10:00,8188.9755859375,535.0,535.0,234.0,438.7,19.8,0.97,66,1,10,62,46.4385936884649
2025-05-12 17:00:00,2025-05-12 16:10:00,3823.1005859375,369.0,369.0,181.0,344.6,19.1,1.91,93,8,12,92,36.37751689498363
2025-05-12 18:00:00,2025-05-12 17:10:00,1558.451904296875,178.0,178.0,132.0,120.1,17.7,1.68,100,1,26,100,25.852006558140083
2025-05-12 19:00:00,2025-05-12 18:10:00,468.1495666503906,82.0,82.0,75.0,33.4,17.0,0.81,100,0,6,100,15.31858668510436
2025-05-12 20:00:00,2025-05-12 19:10:00,200.91287231445312,15.0,15.0,15.0,0.0,16.2,0.18,100,0,2,100,5.119801076459811
2025-05-12 21:00:00,2025-05-12 20:10:00,0.0,0.0,0.0,0.0,0.0,15.8,0.35,100,0,1,100,-4.408286849568632
2025-05-12 22:00:00,2025-05-12 21:10:00,0.0,0.0,0.0,0.0,0.0,15.1,0.25,97,0,0,97,-12.873113436519407
2025-05-12 23:00:00,2025-05-12 22:10:00,0.0,0.0,0.0,0.0,0.0,14.2,0.1,10,9,5,0,-19.791554092235224
2025-05-13 00:00:00,2025-05-12 23:10:00,0.0,0.0,0.0,0.0,0.0,13.8,0.07,8,4,0,4,-24.60664670842193
2025-05-13 01:00:00,2025-05-13 00:10:00,0.0,0.0,0.0,0.0,0.0,13.1,0.35,18,3,0,15,-26.7981716392257
2025-05-13 02:00:00,2025-05-13 01:10:00,0.0,0.0,0.0,0.0,0.0,12.1,0.81,88,43,44,75,-26.0806507839588
2025-05-13 03:00:00,2025-05-13 02:10:00,0.0,0.0,0.0,0.0,0.0,11.3,1.8,66,10,8,60,-22.551142143375827
2025-05-13 04:00:00,2025-05-13 03:10:00,0.0,0.0,0.0,0.0,0.0,11.1,0.97,58,3,9,53,-16.635801984855775
2025-05-13 05:00:00,2025-05-13 04:10:00,0.0,0.0,0.0,0.0,0.0,10.8,1.24,62,47,11,24,-8.893321266060125
2025-05-13 06:00:00,2025-05-13 05:10:00,958.5294799804688,20.0,20.0,18.0,18.1,11.4,1.41,39,22,9,17,0.14884119590443431
2025-05-13 07:00:00,2025-05-13 06:10:00,3314.300048828125,98.0,98.0,67.0,131.0,12.6,1.01,42,32,0,15,10.054514121505214
2025-05-13 08:00:00,2025-05-13 07:10:00,8472.5771484375,260.0,260.0,124.0,332.3,14.1,1.49,53,45,1,13,20.466101307415535
2025-05-13 09:00:00,2025-05-13 08:10:00,12008.77734375,372.0,372.0,165.0,363.6,15.4,1.64,41,40,0,2,31.056278016484846
2025-05-13 10:00:00,2025-05-13 09:10:00,15782.6298828125,529.0,529.0,216.0,443.5,16.9,1.34,44,41,8,4,41.44851399984734
2025-05-13 11:00:00,2025-05-13 10:10:00,20113.193359375,701.0,701.0,185.0,637.5,18.0,1.35,18,6,5,10,51.0697146125388
2025-05-13 12:00:00,2025-05-13 11:10:00,20533.826171875,822.0,822.0,187.0,727.2,19.0,1.15,51,38,3,20,58.85734746774598
2025-05-13 13:00:00,2025-05-13 12:10:00,17828.849609375,805.0,805.0,230.0,644.1,19.4,0.76,97,96,4,38,62.94369632236443
2025-05-13 14:00:00,2025-05-13 13:10:00,17371.76171875,747.0,747.0,200.0,631.1,20.2,0.72,73,35,7,57,61.59348509749364
2025-05-13 15:00:00,2025-05-13 14:10:00,13101.3564453125,655.0,655.0,193.0,579.7,20.4,0.2,100,100,100,71,55.46166176136428
2025-05-13 16:00:00,2025-05-13 15:10:00,5310.86767578125,377.0,377.0,220.0,228.1,16.6,2.04,100,69,50,98,46.62188433121337
2025-05-13 17:00:00,2025-05-13 16:10:00,3291.2119140625,199.0,199.0,167.0,58.4,16.1,1.12,99,24,37,98,36.546994298817694
2025-05-13 18:00:00,2025-05-13 17:10:00,1763.1043701171875,161.0,161.0,113.0,124.5,16.1,1.35,71,1,14,66,26.01748098538788
2025-05-13 19:00:00,2025-05-13 18:10:00,594.0020141601562,113.0,113.0,72.0,193.0,15.9,0.5,18,1,11,7,15.48740086939726
2025-05-13 20:00:00,2025-05-13 19:10:00,225.4207763671875,19.0,19.0,15.0,40.5,14.8,0.96,59,16,12,50,5.297689612901205
2025-05-13 21:00:00,2025-05-13 20:10:00,0.0,0.0,0.0,0.0,0.0,14.3,0.21,67,12,12,61,-4.21672579756142
2025-05-13 22:00:00,2025-05-13 21:10:00,0.0,0.0,0.0,0.0,0.0,13.8,0.53,25,0,4,22,-12.66457485844351
2025-05-13 23:00:00,2025-05-13 22:10:00,0.0,0.0,0.0,0.0,0.0,13.2,0.54,25,4,8,16,-19.56493692250849
2025-05-14 00:00:00,2025-05-13 23:10:00,0.0,0.0,0.0,0.0,0.0,12.7,0.21,12,12,0,0,-24.364548518931507
2025-05-14 01:00:00,2025-05-14 00:10:00,0.0,0.0,0.0,0.0,0.0,12.2,0.25,30,28,8,0,-26.5478042900747
2025-05-14 02:00:00,2025-05-14 01:10:00,0.0,0.0,0.0,0.0,0.0,12.9,0.64,91,22,23,86,-25.832257471367658
2025-05-14 03:00:00,2025-05-14 02:10:00,0.0,0.0,0.0,0.0,0.0,12.6,0.55,52,10,10,45,-22.31401534870188
2025-05-14 04:00:00,2025-05-14 03:10:00,0.0,0.0,0.0,0.0,0.0,12.4,0.16,49,37,22,13,-16.41514735842936
2025-05-14 05:00:00,2025-05-14 04:10:00,0.0,0.0,0.0,0.0,0.0,12.8,0.25,16,1,12,3,-8.690007074354876
2025-05-14 06:00:00,2025-05-14 05:10:00,1102.9345703125,23.0,23.0,18.0,44.6,13.1,1.01,51,46,25,0,0.3369033955563724
2025-05-14 07:00:00,2025-05-14 06:10:00,3374.42431640625,105.0,105.0,73.0,133.7,13.6,0.85,36,7,31,1,10.231095032606643
2025-05-14 08:00:00,2025-05-14 07:10:00,6747.19580078125,191.0,191.0,119.0,174.8,14.6,0.87,35,11,34,0,20.6360973077428
2025-05-14 09:00:00,2025-05-14 08:10:00,11197.15234375,289.0,289.0,156.0,232.7,15.6,0.61,39,3,38,0,31.225837691844134
2025-05-14 10:00:00,2025-05-14 09:10:00,16721.25390625,461.0,461.0,212.0,351.7,17.2,0.39,36,13,27,0,41.62569048702888
2025-05-14 11:00:00,2025-05-14 10:10:00,19189.51953125,660.0,660.0,208.0,557.0,18.6,0.84,18,13,2,6,51.26509522742027
2025-05-14 12:00:00,2025-05-14 11:10:00,20743.4296875,787.0,787.0,181.0,692.5,19.6,1.1,35,13,8,21,59.08137070067061
2025-05-14 13:00:00,2025-05-14 12:10:00,20933.27734375,808.0,808.0,185.0,696.4,20.3,1.1,29,4,13,15,63.19097467742349
2025-05-14 14:00:00,2025-05-14 13:10:00,19243.7890625,760.0,760.0,187.0,659.6,21.1,1.1,23,3,15,7,61.83044995074198
2025-05-14 15:00:00,2025-05-14 14:10:00,15332.775390625,730.0,730.0,158.0,715.9,21.2,1.19,33,11,12,15,55.667393308837106
2025-05-14 16:00:00,2025-05-14 15:10:00,10739.7314453125,559.0,559.0,177.0,553.3,21.0,1.04,34,6,5,28,46.80247728904281
2025-05-14 17:00:00,2025-05-14 16:10:00,4841.47998046875,365.0,365.0,155.0,381.6,19.3,2.49,68,19,40,44,36.71427046282274
2025-05-14 18:00:00,2025-05-14 17:10:00,1809.6614990234375,203.0,203.0,124.0,203.4,18.0,1.06,75,0,16,71,26.181001091985703
2025-05-14 19:00:00,2025-05-14 18:10:00,654.689697265625,120.0,120.0,72.0,222.9,17.6,1.23,46,9,7,37,15.65429583650979
2025-05-14 20:00:00,2025-05-14 19:10:00,227.0477294921875,20.0,20.0,17.0,29.9,16.5,0.76,38,0,4,36,5.473505494303064
2025-05-14 21:00:00,2025-05-14 20:10:00,0.0,0.0,0.0,0.0,0.0,15.7,0.8,3,0,1,2,-4.027572210425328
2025-05-14 22:00:00,2025-05-14 21:10:00,0.0,0.0,0.0,0.0,0.0,14.9,0.5,1,0,1,0,-12.45895653176912
2025-05-14 23:00:00,2025-05-14 22:10:00,0.0,0.0,0.0,0.0,0.0,14.4,0.2,0,0,0,0,-19.34190575045136
2025-05-15 00:00:00,2025-05-14 23:10:00,0.0,0.0,0.0,0.0,0.0,13.7,0.3,0,0,0,0,-24.126772057841755
2025-05-15 01:00:00,2025-05-15 00:10:00,0.0,0.0,0.0,0.0,0.0,13.0,0.32,0,0,0,0,-26.302412157076795
2025-05-15 02:00:00,2025-05-15 01:10:00,0.0,0.0,0.0,0.0,0.0,13.6,0.35,9,0,1,8,-25.58926238153137
2025-05-15 03:00:00,2025-05-15 02:10:00,0.0,0.0,0.0,0.0,0.0,12.7,0.99,2,0,0,2,-22.08244672731449
2025-05-15 04:00:00,2025-05-15 03:10:00,0.0,0.0,0.0,0.0,0.0,11.8,0.94,0,0,0,0,-16.200033015804877
2025-05-15 05:00:00,2025-05-15 04:10:00,0.0,0.0,0.0,0.0,0.0,11.3,0.67,0,0,0,0,-8.49214742648051
2025-05-15 06:00:00,2025-05-15 05:10:00,1222.6248779296875,33.0,33.0,22.0,96.9,11.9,0.78,1,1,0,0,0.5195884919993855
2025-05-15 07:00:00,2025-05-15 06:10:00,4618.28466796875,161.0,161.0,70.0,375.8,13.4,0.25,2,2,0,0,10.402326615143487
2025-05-15 08:00:00,2025-05-15 07:10:00,9644.1611328125,333.0,333.0,96.0,572.0,15.6,0.35,1,1,0,0,20.800699415267474
2025-05-15 09:00:00,2025-05-15 08:10:00,16279.740234375,510.0,510.0,113.0,691.7,18.0,0.54,0,0,0,0,31.389872729320725
2025-05-15 10:00:00,2025-05-15 09:10:00,19917.4296875,662.0,662.0,128.0,752.1,19.9,0.36,0,0,0,0,41.79712669046796
2025-05-15 11:00:00,2025-05-15 10:10:00,22463.541015625,787.0,787.0,136.0,800.4,21.4,0.56,0,0,0,0,51.45449806255538
2025-05-15 12:00:00,2025-05-15 11:10:00,23318.234375,862.0,862.0,141.0,822.2,22.6,0.67,1,0,1,0,59.2994077142579
2025-05-15 13:00:00,2025-05-15 12:10:00,23306.306640625,872.0,872.0,146.0,809.9,23.2,1.07,2,0,2,0,63.432863994555476
2025-05-15 14:00:00,2025-05-15 13:10:00,20381.291015625,815.0,815.0,163.0,749.0,24.8,1.03,21,0,11,11,62.06298241659542
2025-05-15 15:00:00,2025-05-15 14:10:00,16656.587890625,731.0,731.0,156.0,717.8,24.8,0.85,19,0,13,8,55.869630823153635
2025-05-15 16:00:00,2025-05-15 15:10:00,12496.2900390625,584.0,584.0,150.0,626.6,24.5,0.79,45,0,13,37,46.980339375769645
2025-05-15 17:00:00,2025-05-15 16:10:00,7041.73583984375,463.0,463.0,122.0,617.0,24.2,1.48,41,0,12,34,36.87930657964138
2025-05-15 18:00:00,2025-05-15 17:10:00,1980.63623046875,275.0,275.0,121.0,394.0,23.8,0.85,75,0,11,72,26.342518099095955
2025-05-15 19:00:00,2025-05-15 18:10:00,715.741943359375,121.0,121.0,64.0,261.2,21.7,0.41,19,0,19,0,15.819211435156308
2025-05-15 20:00:00,2025-05-15 19:10:00,222.65634155273438,20.0,20.0,14.0,58.9,19.8,0.56,10,0,9,0,5.647177173395826
2025-05-15 21:00:00,2025-05-15 20:10:00,0.0,0.0,0.0,0.0,0.0,18.9,1.73,35,0,26,12,-3.8409078894979434
2025-05-15 22:00:00,2025-05-15 21:10:00,0.0,0.0,0.0,0.0,0.0,17.5,1.82,21,0,21,0,-12.256347807279417
2025-05-15 23:00:00,2025-05-15 22:10:00,0.0,0.0,0.0,0.0,0.0,16.2,2.01,55,0,52,8,-19.12255285515194
2025-05-16 00:00:00,2025-05-15 23:10:00,0.0,0.0,0.0,0.0,0.0,15.6,2.91,61,20,57,1,-23.8934067750648
2025-05-16 01:00:00,2025-05-16 00:10:00,0.0,0.0,0.0,0.0,0.0,14.0,0.54,64,27,63,1,-26.062077511771122
2025-05-16 02:00:00,2025-05-16 01:10:00,0.0,0.0,0.0,0.0,0.0,14.4,0.85,50,0,48,9,-25.351739637517817
2025-05-16 03:00:00,2025-05-16 02:10:00,0.0,0.0,0.0,0.0,0.0,13.7,1.2,36,5,33,0,-21.85650312136917
2025-05-16 04:00:00,2025-05-16 03:10:00,0.0,0.0,0.0,0.0,0.0,13.6,1.19,89,79,49,15,-15.99051873572391
2025-05-16 05:00:00,2025-05-16 04:10:00,0.0,0.0,0.0,0.0,0.0,13.3,2.31,83,64,57,0,-8.299794401875493
2025-05-16 06:00:00,2025-05-16 05:10:00,962.0880126953125,20.0,20.0,16.0,34.8,12.8,3.54,100,100,47,0,0.6968526525227154
2025-05-16 07:00:00,2025-05-16 06:10:00,3071.79443359375,83.0,83.0,64.0,77.6,13.0,3.13,100,57,99,0,10.568173130996227
2025-05-16 08:00:00,2025-05-16 07:10:00,5545.42529296875,200.0,200.0,120.0,192.0,13.5,3.65,99,39,98,0,20.959878819553836
2025-05-16 09:00:00,2025-05-16 08:10:00,10434.8828125,304.0,304.0,190.0,197.9,14.2,3.1,91,33,87,0,31.54835851680177
2025-05-16 10:00:00,2025-05-16 09:10:00,11825.765625,391.0,391.0,259.0,185.4,14.9,3.04,76,31,65,0,41.962796549438615
2025-05-16 11:00:00,2025-05-16 10:10:00,18123.416015625,538.0,538.0,258.0,343.5,15.8,2.69,38,21,23,0,51.637884723599086
2025-05-16 12:00:00,2025-05-16 11:10:00,19089.6640625,689.0,689.0,250.0,499.6,17.0,2.3,17,1,17,0,59.511393888025495
2025-05-16 13:00:00,2025-05-16 12:10:00,19319.373046875,669.0,669.0,260.0,455.3,17.9,1.14,10,2,8,0,63.66928273260327
2025-05-16 14:00:00,2025-05-16 13:10:00,17127.1640625,596.0,596.0,228.0,421.8,19.5,0.51,17,2,16,0,62.291020591597295
2025-05-16 15:00:00,2025-05-16 14:10:00,14339.44140625,605.0,605.0,208.0,494.4,19.5,0.11,20,0,17,4,56.068334914071166
2025-05-16 16:00:00,2025-05-16 15:10:00,11195.263671875,541.0,541.0,179.0,521.1,19.7,0.36,30,2,15,16,47.155436174701606
2025-05-16 17:00:00,2025-05-16 16:10:00,5508.75048828125,404.0,404.0,146.0,464.8,19.6,1.07,29,8,20,8,37.04206240393578
2025-05-16 18:00:00,2025-05-16 17:10:00,1967.0931396484375,236.0,236.0,108.0,325.3,18.8,1.35,45,11,38,3,26.501981795506357
2025-05-16 19:00:00,2025-05-16 18:10:00,558.776123046875,110.0,110.0,65.0,203.6,17.6,0.72,50,0,36,22,15.982086239121685
2025-05-16 20:00:00,2025-05-16 19:10:00,227.28163146972656,20.0,20.0,15.0,48.4,16.6,1.0,48,6,46,0,5.818632109586653
2025-05-16 21:00:00,2025-05-16 20:10:00,0.0,0.0,0.0,0.0,0.0,15.9,1.46,29,0,29,0,-3.6568152364327053
2025-05-16 22:00:00,2025-05-16 21:10:00,0.0,0.0,0.0,0.0,0.0,14.9,1.06,55,10,47,12,-12.056838156578367
2025-05-16 23:00:00,2025-05-16 22:10:00,0.0,0.0,0.0,0.0,0.0,14.2,0.3,42,4,37,7,-18.906970131972916
2025-05-17 00:00:00,2025-05-16 23:10:00,0.0,0.0,0.0,0.0,0.0,14.0,0.05,96,8,96,0,-23.664541292430687
2025-05-17 01:00:00,2025-05-17 00:10:00,0.0,0.0,0.0,0.0,0.0,13.3,0.22,99,11,99,0,-25.826881439169416
2025-05-17 02:00:00,2025-05-17 01:10:00,0.0,0.0,0.0,0.0,0.0,12.3,2.06,68,24,65,0,-25.119761830754026
2025-05-17 03:00:00,2025-05-17 02:10:00,0.0,0.0,0.0,0.0,0.0,11.6,0.39,33,20,20,0,-21.63624946491055
2025-05-17 04:00:00,2025-05-17 03:10:00,0.0,0.0,0.0,0.0,0.0,12.1,1.11,65,39,60,0,-15.786662024616493
2025-05-17 05:00:00,2025-05-17 04:10:00,0.0,0.0,0.0,0.0,0.0,11.9,1.33,100,5,100,0,-8.112997497481649
2025-05-17 06:00:00,2025-05-17 05:10:00,746.3230590820312,14.0,14.0,14.0,0.0,12.4,1.63,100,1,100,0,0.8686548852789667
2025-05-17 07:00:00,2025-05-17 06:10:00,3141.294921875,79.0,79.0,66.0,52.6,13.1,0.91,97,0,97,0,10.72860191512597
2025-05-17 08:00:00,2025-05-17 07:10:00,6222.69580078125,146.0,146.0,129.0,40.6,13.8,0.56,100,0,100,0,21.113610020657255
2025-05-17 09:00:00,2025-05-17 08:10:00,9539.9052734375,168.0,168.0,168.0,0.0,14.3,0.36,99,0,99,0,31.701274024436355
2025-05-17 10:00:00,2025-05-17 09:10:00,8247.4287109375,132.0,132.0,132.0,0.0,14.6,0.82,96,0,96,0,42.12267789072609
2025-05-17 11:00:00,2025-05-17 10:10:00,13766.2255859375,251.0,251.0,246.0,6.1,15.4,0.92,90,0,90,0,51.8152208630429
2025-05-17 12:00:00,2025-05-17 11:10:00,13345.623046875,437.0,437.0,277.0,181.7,16.5,0.56,70,1,70,0,59.71726788762178
2025-05-17 13:00:00,2025-05-17 12:10:00,21553.7890625,779.0,779.0,212.0,630.0,18.0,0.65,11,0,11,0,63.90015045034073
2025-05-17 14:00:00,2025-05-17 13:10:00,18503.23046875,781.0,781.0,169.0,700.1,19.5,1.76,43,8,41,0,62.51450235959815
2025-05-17 15:00:00,2025-05-17 14:10:00,16665.76953125,718.0,718.0,185.0,662.2,19.2,1.29,35,4,33,0,56.26346539678202
2025-05-17 16:00:00,2025-05-17 15:10:00,11737.822265625,568.0,568.0,171.0,569.8,19.3,1.13,19,2,19,0,47.32773203125554
2025-05-17 17:00:00,2025-05-17 16:10:00,7107.64990234375,440.0,440.0,130.0,556.2,19.2,1.19,10,0,10,0,37.20249627236883
2025-05-17 18:00:00,2025-05-17 17:10:00,2036.1046142578125,289.0,289.0,102.0,472.3,18.9,1.6,24,1,24,0,26.65934058172305
2025-05-17 19:00:00,2025-05-17 18:10:00,748.1781616210938,129.0,129.0,65.0,286.1,18.0,1.55,16,4,13,0,16.14285761073197
2025-05-17 20:00:00,2025-05-17 19:10:00,226.0928192138672,23.0,23.0,17.0,57.3,16.5,1.69,9,0,9,0,5.987796846854447
2025-05-17 21:00:00,2025-05-17 20:10:00,0.0,0.0,0.0,0.0,0.0,15.1,1.11,1,0,1,0,-3.47537716684428
2025-05-17 22:00:00,2025-05-17 21:10:00,0.0,0.0,0.0,0.0,0.0,14.0,0.92,2,0,2,0,-11.860517084812006
2025-05-17 23:00:00,2025-05-17 22:10:00,0.0,0.0,0.0,0.0,0.0,13.2,0.71,3,0,3,0,-18.695249012309358
2025-05-18 00:00:00,2025-05-17 23:10:00,0.0,0.0,0.0,0.0,0.0,12.4,0.54,2,0,2,0,-23.440263335660042
2025-05-18 01:00:00,2025-05-18 00:10:00,0.0,0.0,0.0,0.0,0.0,11.9,0.25,0,0,0,0,-25.59690378294145
2025-05-18 02:00:00,2025-05-18 01:10:00,0.0,0.0,0.0,0.0,0.0,12.2,1.42,3,0,3,0,-24.893399979482126
2025-05-18 03:00:00,2025-05-18 02:10:00,0.0,0.0,0.0,0.0,0.0,12.1,2.21,4,0,4,0,-21.42174875584328
2025-05-18 04:00:00,2025-05-18 03:10:00,0.0,0.0,0.0,0.0,0.0,11.3,1.46,0,0,0,0,-15.588518100913227
2025-05-18 05:00:00,2025-05-18 04:10:00,0.0,0.0,0.0,0.0,0.0,10.8,1.07,1,1,0,0,-7.931803622713595
2025-05-18 06:00:00,2025-05-18 05:10:00,1239.287109375,37.0,37.0,25.0,102.1,11.2,1.32,0,0,0,0,1.0349570346711447
2025-05-18 07:00:00,2025-05-18 06:10:00,4625.083984375,165.0,165.0,74.0,364.2,12.4,0.81,0,0,0,0,10.883583361963247
2025-05-18 08:00:00,2025-05-18 07:10:00,10031.6162109375,336.0,336.0,103.0,553.1,14.1,0.91,0,0,0,0,21.26187080792842
2025-05-18 09:00:00,2025-05-18 08:10:00,16271.0576171875,517.0,517.0,119.0,685.9,15.8,0.81,1,0,0,0,31.84860178020778
2025-05-18 10:00:00,2025-05-18 09:10:00,20071.357421875,671.0,671.0,134.0,750.2,17.5,0.4,0,0,0,0,42.276752413414336
2025-05-18 11:00:00,2025-05-18 10:10:00,22494.037109375,781.0,781.0,147.0,774.3,18.8,0.32,1,1,1,0,51.98647620456609
2025-05-18 12:00:00,2025-05-18 11:10:00,22966.484375,843.0,843.0,160.0,774.2,19.8,0.88,4,0,4,0,59.91697176153327
2025-05-18 13:00:00,2025-05-18 12:10:00,21676.8671875,800.0,800.0,170.0,698.7,20.4,1.38,16,1,15,0,64.12538789064345
2025-05-18 14:00:00,2025-05-18 13:10:00,19297.330078125,780.0,780.0,171.0,695.3,21.4,1.75,18,8,11,0,62.733365390363
2025-05-18 15:00:00,2025-05-18 14:10:00,15832.3056640625,699.0,699.0,176.0,648.3,21.5,2.13,21,12,11,1,56.45498126748156
2025-05-18 16:00:00,2025-05-18 15:10:00,11260.333984375,556.0,556.0,165.0,559.5,21.4,3.21,21,3,12,9,47.49719004794457
2025-05-18 17:00:00,2025-05-18 16:10:00,5088.60009765625,416.0,416.0,137.0,498.6,21.2,3.64,42,7,12,31,37.36056512594717
2025-05-18 18:00:00,2025-05-18 17:10:00,2090.34912109375,291.0,291.0,107.0,461.8,20.4,3.84,86,4,6,85,26.814541516156346
2025-05-18 19:00:00,2025-05-18 18:10:00,730.237060546875,132.0,132.0,76.0,247.3,18.8,3.16,100,0,1,100,16.301461766007236
2025-05-18 20:00:00,2025-05-18 19:10:00,226.65280151367188,23.0,23.0,22.0,9.4,17.3,2.15,93,0,0,93,6.154597092807551
2025-05-18 21:00:00,2025-05-18 20:10:00,0.0,0.0,0.0,0.0,0.0,16.4,1.25,97,0,0,97,-3.2966770233780576
2025-05-18 22:00:00,2025-05-18 21:10:00,0.0,0.0,0.0,0.0,0.0,15.5,1.15,98,0,0,98,-11.6674740433519
2025-05-18 23:00:00,2025-05-18 22:10:00,0.0,0.0,0.0,0.0,0.0,14.6,0.78,95,0,0,95,-18.48748038362585
2025-05-19 00:00:00,2025-05-18 23:10:00,0.0,0.0,0.0,0.0,0.0,14.0,0.21,75,0,0,75,-23.220659666641595
2025-05-19 01:00:00,2025-05-19 00:10:00,0.0,0.0,0.0,0.0,0.0,13.3,0.22,22,0,0,22,-25.372223090787266
2025-05-19 02:00:00,2025-05-19 01:10:00,0.0,0.0,0.0,0.0,0.0,13.1,1.07,11,0,0,11,-24.672723487304253
2025-05-19 03:00:00,2025-05-19 02:10:00,0.0,0.0,0.0,0.0,0.0,12.9,1.07,0,0,0,0,-21.2130620280286
2025-05-19 04:00:00,2025-05-19 03:10:00,0.0,0.0,0.0,0.0,0.0,12.6,1.06,0,0,0,0,-15.396139879766382
2025-05-19 05:00:00,2025-05-19 04:10:00,0.0,0.0,0.0,0.0,0.0,12.1,0.89,11,11,0,0,-7.756257095366614
2025-05-19 06:00:00,2025-05-19 05:10:00,1256.7177734375,37.0,37.0,25.0,101.0,12.6,1.04,37,37,0,0,1.195723775088261
2025-05-19 07:00:00,2025-05-19 06:10:00,4534.46337890625,159.0,159.0,77.0,325.1,14.1,0.72,33,27,0,8,11.033090909267791
2025-05-19 08:00:00,2025-05-19 07:10:00,9415.7578125,305.0,305.0,113.0,453.4,15.6,1.15,26,0,0,25,21.40464223519187
2025-05-19 09:00:00,2025-05-19 08:10:00,13969.4560546875,476.0,476.0,152.0,556.5,17.5,1.1,63,30,0,48,31.99032784043476
2025-05-19 10:00:00,2025-05-19 09:10:00,16572.751953125,517.0,517.0,202.0,439.0,18.8,0.97,71,39,0,52,42.425005666725426
2025-05-19 11:00:00,2025-05-19 10:10:00,16280.97265625,662.0,662.0,235.0,520.5,20.1,1.03,100,9,7,100,52.15162455902022
2025-05-19 12:00:00,2025-05-19 11:10:00,12253.0400390625,541.0,541.0,315.0,255.7,20.2,1.33,85,7,39,80,60.110451033320714
2025-05-19 13:00:00,2025-05-19 12:10:00,13489.140625,480.0,480.0,365.0,127.3,20.5,1.3,85,6,21,81,64.34491706890626
2025-05-19 14:00:00,2025-05-19 13:10:00,8075.5986328125,297.0,297.0,297.0,0.0,19.5,1.75,99,2,15,99,62.94754714128113
2025-05-19 15:00:00,2025-05-19 14:10:00,10279.9580078125,520.0,520.0,313.0,256.0,20.4,0.46,94,0,10,93,56.642840680992656
2025-05-19 16:00:00,2025-05-19 15:10:00,7896.7275390625,481.0,481.0,265.0,308.2,21.0,0.38,94,8,13,92,47.66377208165318
2025-05-19 17:00:00,2025-05-19 16:10:00,3683.594970703125,315.0,315.0,194.0,215.4,21.1,0.78,100,7,26,100,37.51622453457365
2025-05-19 18:00:00,2025-05-19 17:10:00,1608.4312744140625,167.0,167.0,121.0,114.8,21.0,0.22,100,6,46,100,26.96753036320686
2025-05-19 19:00:00,2025-05-19 18:10:00,615.423828125,92.0,92.0,75.0,74.2,20.2,0.15,100,0,17,100,16.45783384128418
2025-05-19 20:00:00,2025-05-19 19:10:00,211.71810913085938,24.0,24.0,21.0,27.9,18.6,0.75,100,0,8,100,6.31895779868584
2025-05-19 21:00:00,2025-05-19 20:10:00,0.0,0.0,0.0,0.0,0.0,17.9,1.94,100,0,1,100,-3.1207984884099558
2025-05-19 22:00:00,2025-05-19 21:10:00,0.0,0.0,0.0,0.0,0.0,16.8,1.1,100,1,22,100,-11.477798342617524
2025-05-19 23:00:00,2025-05-19 22:10:00,0.0,0.0,0.0,0.0,0.0,16.2,0.65,100,10,72,100,-18.28375450991017
2025-05-20 00:00:00,2025-05-19 23:10:00,0.0,0.0,0.0,0.0,0.0,15.9,1.45,100,7,28,100,-23.005816016117336
2025-05-20 01:00:00,2025-05-20 00:10:00,0.0,0.0,0.0,0.0,0.0,15.2,1.05,100,31,48,100,-25.152916560072057
2025-05-20 02:00:00,2025-05-20 01:10:00,0.0,0.0,0.0,0.0,0.0,15.0,1.8,98,34,20,95,-24.45780010186942
2025-05-20 03:00:00,2025-05-20 02:10:00,0.0,0.0,0.0,0.0,0.0,14.4,1.48,100,57,63,99,-21.01024832353473
2025-05-20 04:00:00,2025-05-20 03:10:00,0.0,0.0,0.0,0.0,0.0,14.4,1.28,100,100,92,100,-15.209577958178867
2025-05-20 05:00:00,2025-05-20 04:10:00,0.0,0.0,0.0,0.0,0.0,14.1,1.71,100,100,100,100,-7.586399638431338
2025-05-20 06:00:00,2025-05-20 05:10:00,532.79833984375,3.0,3.0,3.0,0.0,13.9,2.21,100,100,65,100,1.350922603048739
2025-05-20 07:00:00,2025-05-20 06:10:00,1968.419921875,49.0,49.0,47.0,7.9,14.2,2.27,100,100,100,100,11.177101019542922
2025-05-20 08:00:00,2025-05-20 07:10:00,3224.4326171875,94.0,94.0,92.0,4.7,15.0,1.81,100,74,100,100,21.54190859239762
2025-05-20 09:00:00,2025-05-20 08:10:00,2678.7265625,73.0,73.0,73.0,0.0,15.5,2.03,100,21,100,100,32.12644175529365
2025-05-20 10:00:00,2025-05-20 09:10:00,3776.556884765625,120.0,120.0,120.0,0.0,15.9,2.68,100,18,96,100,42.567427020921656
2025-05-20 11:00:00,2025-05-20 10:10:00,7510.37060546875,251.0,251.0,226.0,30.4,16.1,3.4,100,86,100,99,52.31064383177037
2025-05-20 12:00:00,2025-05-20 11:10:00,3765.25390625,145.0,145.0,145.0,0.0,15.2,3.19,100,55,100,100,60.29765478867197
2025-05-20 13:00:00,2025-05-20 12:10:00,3847.45166015625,119.0,119.0,119.0,0.0,15.6,2.57,100,11,100,100,64.55866136549923
2025-05-20 14:00:00,2025-05-20 13:10:00,6830.8837890625,476.0,476.0,349.0,144.4,18.6,2.85,100,100,97,89,63.15698486232401
2025-05-20 15:00:00,2025-05-20 14:10:00,5644.673828125,483.0,483.0,246.0,292.5,18.8,3.27,100,77,100,100,56.82700093048622
2025-05-20 16:00:00,2025-05-20 15:10:00,4767.1201171875,171.0,171.0,168.0,4.3,17.9,0.89,100,0,4,100,47.82743874312423
2025-05-20 17:00:00,2025-05-20 16:10:00,3462.656494140625,210.0,210.0,158.0,92.2,17.6,1.21,95,18,11,93,37.669428723661234
2025-05-20 18:00:00,2025-05-20 17:10:00,2052.474365234375,240.0,240.0,138.0,253.0,17.3,1.92,49,5,3,45,27.118251643064912
2025-05-20 19:00:00,2025-05-20 18:10:00,750.156494140625,138.0,138.0,72.0,284.9,16.9,1.04,40,4,4,36,16.611907961100098
2025-05-20 20:00:00,2025-05-20 19:10:00,234.7630615234375,28.0,28.0,21.0,64.3,15.4,1.09,7,0,5,1,6.480803240094448
2025-05-20 21:00:00,2025-05-20 20:10:00,0.0,0.0,0.0,0.0,0.0,14.6,1.17,1,0,1,0,-2.947825496577122
2025-05-20 22:00:00,2025-05-20 21:10:00,0.0,0.0,0.0,0.0,0.0,14.1,1.14,2,0,1,0,-11.29157906520938
2025-05-20 23:00:00,2025-05-20 22:10:00,0.0,0.0,0.0,0.0,0.0,13.8,0.9,1,0,0,1,-18.084160952677948
2025-05-21 00:00:00,2025-05-20 23:10:00,0.0,0.0,0.0,0.0,0.0,13.4,1.0,8,0,3,5,-22.79581701687635
2025-05-21 01:00:00,2025-05-21 00:10:00,0.0,0.0,0.0,0.0,0.0,12.5,0.94,18,15,3,1,-24.939059983800288
2025-05-21 02:00:00,2025-05-21 01:10:00,0.0,0.0,0.0,0.0,0.0,12.4,0.18,0,0,0,0,-24.248695873756027
2025-05-21 03:00:00,2025-05-21 02:10:00,0.0,0.0,0.0,0.0,0.0,12.3,0.22,26,14,3,13,-20.813364665069898
2025-05-21 04:00:00,2025-05-21 03:10:00,0.0,0.0,0.0,0.0,0.0,12.2,0.16,27,26,1,0,-15.028880600540457
2025-05-21 05:00:00,2025-05-21 04:10:00,0.0,0.0,0.0,0.0,0.0,11.8,0.25,33,32,0,1,-7.422270377782407
2025-05-21 06:00:00,2025-05-21 05:10:00,1278.331787109375,40.0,40.0,27.0,107.4,12.2,1.24,40,28,0,16,1.500523827815361
2025-05-21 07:00:00,2025-05-21 06:10:00,4474.841796875,167.0,167.0,80.0,338.9,13.8,0.5,62,20,0,53,11.315593159094908
2025-05-21 08:00:00,2025-05-21 07:10:00,8709.2744140625,340.0,340.0,109.0,540.4,15.9,0.39,21,11,0,11,21.67365737385814
2025-05-21 09:00:00,2025-05-21 08:10:00,15914.5,516.0,516.0,130.0,658.9,17.8,0.38,11,0,0,11,32.25693652947562
2025-05-21 10:00:00,2025-05-21 09:10:00,19839.775390625,677.0,677.0,127.0,762.9,19.3,0.76,37,0,0,37,42.704009631317305
2025-05-21 11:00:00,2025-05-21 10:10:00,21611.75,780.0,780.0,156.0,757.7,20.3,1.06,60,2,2,59,52.463516021161844
2025-05-21 12:00:00,2025-05-21 11:10:00,20210.861328125,787.0,787.0,211.0,649.5,21.2,1.06,41,16,9,26,60.478535756561506
2025-05-21 13:00:00,2025-05-21 12:10:00,20564.904296875,789.0,789.0,197.0,653.2,21.9,1.09,28,11,10,13,64.76654562201063
2025-05-21 14:00:00,2025-05-21 13:10:00,19517.134765625,806.0,806.0,180.0,710.7,23.0,1.1,33,3,7,28,63.36161560440434
2025-05-21 15:00:00,2025-05-21 14:10:00,13332.93359375,673.0,673.0,197.0,586.2,21.8,0.94,96,5,17,96,57.00741842934876
2025-05-21 16:00:00,2025-05-21 15:10:00,10231.2265625,539.0,539.0,173.0,519.4,21.9,1.79,55,5,19,45,47.988149398590195
2025-05-21 17:00:00,2025-05-21 16:10:00,5996.2177734375,429.0,429.0,135.0,519.5,21.3,1.52,87,0,32,81,37.820130602666794
2025-05-21 18:00:00,2025-05-21 17:10:00,1964.66064453125,264.0,264.0,119.0,357.5,20.8,1.08,97,1,8,97,27.266648683041318
2025-05-21 19:00:00,2025-05-21 18:10:00,725.6087036132812,121.0,121.0,85.0,153.7,19.5,2.91,100,3,7,100,16.76361730713617
2025-05-21 20:00:00,2025-05-21 19:10:00,224.4237060546875,23.0,23.0,21.0,18.2,18.0,1.63,100,15,9,100,6.64005709826226
2025-05-21 21:00:00,2025-05-21 20:10:00,0.0,0.0,0.0,0.0,0.0,16.5,3.22,100,30,12,100,-2.7778421473347645
2025-05-21 22:00:00,2025-05-21 21:10:00,0.0,0.0,0.0,0.0,0.0,15.6,1.88,100,20,51,100,-11.108904979519904
2025-05-21 23:00:00,2025-05-21 22:10:00,0.0,0.0,0.0,0.0,0.0,15.4,2.68,100,39,95,100,-17.888788492659508
2025-05-22 00:00:00,2025-05-21 23:10:00,0.0,0.0,0.0,0.0,0.0,15.2,2.13,100,88,93,100,-22.59074613755743
2025-05-22 01:00:00,2025-05-22 00:10:00,0.0,0.0,0.0,0.0,0.0,15.1,1.68,100,98,61,100,-24.73072769700496
2025-05-22 02:00:00,2025-05-22 01:10:00,0.0,0.0,0.0,0.0,0.0,15.5,1.64,100,100,80,100,-24.04547511560442
2025-05-22 03:00:00,2025-05-22 02:10:00,0.0,0.0,0.0,0.0,0.0,15.2,1.77,100,100,36,78,-20.622466028628335
2025-05-22 04:00:00,2025-05-22 03:10:00,0.0,0.0,0.0,0.0,0.0,14.9,1.81,75,39,43,47,-14.854093724571099
2025-05-22 05:00:00,2025-05-22 04:10:00,0.0,0.0,0.0,0.0,0.0,14.6,2.35,100,100,90,99,-7.263905840708909
2025-05-22 06:00:00,2025-05-22 05:10:00,638.8704223632812,11.0,11.0,11.0,0.0,14.3,2.64,100,100,92,100,1.6445005605462948
2025-05-22 07:00:00,2025-05-22 06:10:00,2068.66552734375,54.0,54.0,54.0,0.0,14.3,1.72,100,33,97,100,11.448549774833781
2025-05-22 08:00:00,2025-05-22 07:10:00,3305.446533203125,95.0,95.0,95.0,0.0,14.6,2.03,100,100,92,96,21.799879243193782
2025-05-22 09:00:00,2025-05-22 08:10:00,10572.15625,287.0,287.0,213.0,126.0,15.6,1.47,86,7,83,9,32.38180857811312
2025-05-22 10:00:00,2025-05-22 09:10:00,15893.4580078125,507.0,507.0,241.0,368.2,17.2,1.91,86,1,56,68,42.83475039548246
2025-05-22 11:00:00,2025-05-22 10:10:00,17671.2265625,570.0,570.0,283.0,347.9,18.3,2.13,45,10,27,18,52.610227207932425
2025-05-22 12:00:00,2025-05-22 11:10:00,14060.46484375,555.0,555.0,285.0,304.0,18.6,1.88,73,15,48,41,60.65305038381831
2025-05-22 13:00:00,2025-05-22 12:10:00,11504.005859375,527.0,527.0,274.0,278.7,18.4,2.53,98,81,11,89,64.96849624098084
2025-05-22 14:00:00,2025-05-22 13:10:00,9851.9853515625,514.0,514.0,254.0,294.7,17.8,0.66,96,13,81,83,63.56137623129659
2025-05-22 15:00:00,2025-05-22 14:10:00,8654.400390625,457.0,457.0,271.0,228.6,18.0,0.65,90,6,12,89,57.184048695259854
2025-05-22 16:00:00,2025-05-22 15:10:00,6413.57470703125,425.0,425.0,230.0,276.0,17.3,2.45,100,26,24,100,48.14586217348922
2025-05-22 17:00:00,2025-05-22 16:10:00,2987.399169921875,184.0,184.0,151.0,58.1,14.4,1.55,100,97,100,100,37.968281795411826
2025-05-22 18:00:00,2025-05-22 17:10:00,1747.3773193359375,91.0,91.0,91.0,0.0,14.7,1.19,100,24,21,100,27.412663670255927
2025-05-22 19:00:00,2025-05-22 18:10:00,553.8311157226562,79.0,79.0,77.0,8.4,13.8,2.33,100,12,70,100,16.91289418802524
2025-05-22 20:00:00,2025-05-22 19:10:00,196.4599609375,15.0,15.0,15.0,0.0,13.4,0.51,100,0,54,100,6.796642541624991
2025-05-22 21:00:00,2025-05-22 20:10:00,0.0,0.0,0.0,0.0,0.0,13.0,1.01,100,0,53,100,-2.6109326177267183
2025-05-22 22:00:00,2025-05-22 21:10:00,0.0,0.0,0.0,0.0,0.0,12.9,0.89,100,0,3,100,-10.929864453982404
2025-05-22 23:00:00,2025-05-22 22:10:00,0.0,0.0,0.0,0.0,0.0,12.4,1.8,85,47,25,63,-17.697725052295908
2025-05-23 00:00:00,2025-05-22 23:10:00,0.0,0.0,0.0,0.0,0.0,12.3,1.32,55,1,28,38,-22.3906856171592
2025-05-23 01:00:00,2025-05-23 00:10:00,0.0,0.0,0.0,0.0,0.0,11.7,1.88,5,2,3,0,-24.52799252362889
2025-05-23 02:00:00,2025-05-23 01:10:00,0.0,0.0,0.0,0.0,0.0,11.3,0.2,36,0,36,0,-23.848200361555648
2025-05-23 03:00:00,2025-05-23 02:10:00,0.0,0.0,0.0,0.0,0.0,11.6,1.13,38,1,37,0,-20.43760531638051
2025-05-23 04:00:00,2025-05-23 03:10:00,0.0,0.0,0.0,0.0,0.0,10.5,0.51,24,8,17,0,-14.685260887673346
2025-05-23 05:00:00,2025-05-23 04:10:00,0.0,0.0,0.0,0.0,0.0,9.5,0.84,97,96,34,0,-7.11133995525351
2025-05-23 06:00:00,2025-05-23 05:10:00,1270.3018798828125,43.0,43.0,28.0,121.7,11.0,1.57,77,66,32,0,1.7828287020501479
2025-05-23 07:00:00,2025-05-23 06:10:00,4522.92333984375,172.0,172.0,74.0,375.8,12.3,0.97,37,18,23,0,11.575956268917546
2025-05-23 08:00:00,2025-05-23 07:10:00,9181.958984375,322.0,322.0,112.0,487.1,14.1,0.93,29,12,23,1,21.92056799512153
2025-05-23 09:00:00,2025-05-23 08:10:00,15992.6123046875,498.0,498.0,140.0,607.7,16.8,0.61,16,0,16,0,32.501057678131325
2025-05-23 10:00:00,2025-05-23 09:10:00,19343.306640625,626.0,626.0,154.0,652.0,18.1,0.94,9,1,9,0,42.95964990375772
2025-05-23 11:00:00,2025-05-23 10:10:00,21264.203125,713.0,713.0,170.0,657.1,19.0,1.22,17,0,17,0,52.750767535443224
2025-05-23 12:00:00,2025-05-23 11:10:00,21322.5625,774.0,774.0,197.0,648.6,20.0,0.86,17,2,17,0,60.82115890242014
2025-05-23 13:00:00,2025-05-23 12:10:00,21625.939453125,800.0,800.0,180.0,682.0,20.5,1.16,6,0,6,0,65.16444128878729
2025-05-23 14:00:00,2025-05-23 13:10:00,20190.767578125,789.0,789.0,161.0,710.6,21.0,1.91,4,0,4,0,63.75620343528476
2025-05-23 15:00:00,2025-05-23 14:10:00,16557.705078125,750.0,750.0,166.0,716.3,21.1,2.01,1,0,1,0,57.356846336557304
2025-05-23 16:00:00,2025-05-23 15:10:00,13196.7880859375,629.0,629.0,149.0,677.7,21.0,2.11,3,0,3,0,48.30053395821769
2025-05-23 17:00:00,2025-05-23 16:10:00,7537.64892578125,471.0,471.0,122.0,612.3,20.8,1.94,13,0,13,0,38.11383267206481
2025-05-23 18:00:00,2025-05-23 17:10:00,2213.080322265625,302.0,302.0,99.0,495.1,20.1,1.77,18,0,17,1,27.556237705517507
2025-05-23 19:00:00,2025-05-23 18:10:00,835.1980590820312,145.0,145.0,66.0,330.3,19.0,1.67,17,0,17,0,17.059670109836524
2025-05-23 20:00:00,2025-05-23 19:10:00,232.4502410888672,31.0,31.0,21.0,88.7,17.0,1.22,13,0,13,0,6.95048230754045
2025-05-23 21:00:00,2025-05-23 20:10:00,0.0,0.0,0.0,0.0,0.0,16.2,0.3,6,0,6,0,-2.447181075551836
2025-05-23 22:00:00,2025-05-23 21:10:00,0.0,0.0,0.0,0.0,0.0,15.1,1.94,41,3,41,0,-10.754545372114759
2025-05-23 23:00:00,2025-05-23 22:10:00,0.0,0.0,0.0,0.0,0.0,13.8,3.29,65,34,53,19,-17.511057619168426
2025-05-24 00:00:00,2025-05-23 23:10:00,0.0,0.0,0.0,0.0,0.0,12.8,1.66,46,14,34,7,-22.195716400354648
2025-05-24 01:00:00,2025-05-24 00:10:00,0.0,0.0,0.0,0.0,0.0,12.6,2.47,51,15,48,0,-24.330925723974378
2025-05-24 02:00:00,2025-05-24 01:10:00,0.0,0.0,0.0,0.0,0.0,12.7,2.69,50,6,45,14,-23.656932327052658
2025-05-24 03:00:00,2025-05-24 02:10:00,0.0,0.0,0.0,0.0,0.0,12.1,2.53,40,22,31,2,-20.258833329840623
2025-05-24 04:00:00,2025-05-24 03:10:00,0.0,0.0,0.0,0.0,0.0,11.8,1.1,74,50,70,0,-14.522423273695765
2025-05-24 05:00:00,2025-05-24 04:10:00,0.0,0.0,0.0,0.0,0.0,12.1,0.67,99,98,98,39,-6.964604050328815
2025-05-24 06:00:00,2025-05-24 05:10:00,1036.157470703125,24.0,24.0,20.0,32.2,12.3,1.21,100,100,96,90,1.9154869292130534
2025-05-24 07:00:00,2025-05-24 06:10:00,3695.46142578125,107.0,107.0,85.0,83.8,12.8,0.87,38,21,25,0,11.697800971346005
2025-05-24 08:00:00,2025-05-24 07:10:00,5029.3212890625,164.0,164.0,119.0,104.0,13.4,1.39,100,42,29,100,22.035720514231688
2025-05-24 09:00:00,2025-05-24 08:10:00,9280.896484375,365.0,365.0,225.0,237.0,14.8,1.31,99,34,19,99,32.614686915198284
2025-05-24 10:00:00,2025-05-24 09:10:00,15903.796875,554.0,554.0,179.0,517.0,16.0,1.49,70,55,19,18,43.078712383233515
2025-05-24 11:00:00,2025-05-24 10:10:00,16783.05078125,560.0,560.0,270.0,350.4,16.5,1.51,45,26,31,5,52.88513118065744
2025-05-24 12:00:00,2025-05-24 11:10:00,18693.74609375,622.0,622.0,253.0,414.2,17.0,1.96,25,3,24,0,60.98282538886039
2025-05-24 13:00:00,2025-05-24 12:10:00,17997.6015625,724.0,724.0,247.0,523.9,18.0,0.87,31,14,20,10,65.35431060129356
2025-05-24 14:00:00,2025-05-24 13:10:00,17339.525390625,743.0,743.0,233.0,576.1,19.4,1.33,57,1,16,48,63.94603375670966
2025-05-24 15:00:00,2025-05-24 14:10:00,12634.677734375,581.0,581.0,224.0,437.1,19.7,1.38,85,2,16,81,57.52576504098033
2025-05-24 16:00:00,2025-05-24 15:10:00,7896.71533203125,497.0,497.0,234.0,370.4,19.9,1.8,52,0,21,40,48.45212041588158
2025-05-24 17:00:00,2025-05-24 16:10:00,6307.19482421875,441.0,441.0,153.0,503.5,20.1,1.57,19,1,14,5,38.25673238267084
2025-05-24 18:00:00,2025-05-24 17:10:00,2184.648193359375,302.0,302.0,96.0,499.8,20.0,1.1,17,0,13,5,27.697310858238517
2025-05-24 19:00:00,2025-05-24 18:10:00,857.9759521484375,147.0,147.0,69.0,322.9,19.2,0.59,26,0,11,17,17.20387584705894
2025-05-24 20:00:00,2025-05-24 19:10:00,229.45751953125,32.0,32.0,22.0,87.8,17.7,0.81,23,0,5,19,7.101498783951742
2025-05-24 21:00:00,2025-05-24 20:10:00,0.0,0.0,0.0,0.0,0.0,16.8,0.46,23,1,3,20,-2.286671593098847
2025-05-24 22:00:00,2025-05-24 21:10:00,0.0,0.0,0.0,0.0,0.0,15.6,0.67,28,2,0,26,-10.583035048505819
2025-05-24 23:00:00,2025-05-24 22:10:00,0.0,0.0,0.0,0.0,0.0,14.6,0.74,13,1,0,12,-17.328872170480437
2025-05-25 00:00:00,2025-05-24 23:10:00,0.0,0.0,0.0,0.0,0.0,13.6,0.81,32,0,0,32,-22.00591807370561
2025-05-25 01:00:00,2025-05-25 00:10:00,0.0,0.0,0.0,0.0,0.0,12.8,0.92,74,0,0,74,-24.139596942798256
2025-05-25 02:00:00,2025-05-25 01:10:00,0.0,0.0,0.0,0.0,0.0,12.6,0.94,89,0,6,88,-23.471729869061917
2025-05-25 03:00:00,2025-05-25 02:10:00,0.0,0.0,0.0,0.0,0.0,12.6,1.37,71,0,13,67,-20.08619874334591
2025-05-25 04:00:00,2025-05-25 03:10:00,0.0,0.0,0.0,0.0,0.0,12.1,0.38,39,2,17,29,-14.365619680112577
2025-05-25 05:00:00,2025-05-25 04:10:00,0.0,0.0,0.0,0.0,0.0,11.6,0.62,69,8,12,65,-6.823726856579884
2025-05-25 06:00:00,2025-05-25 05:10:00,1275.5372314453125,44.0,44.0,31.0,103.9,12.1,1.46,36,15,5,24,2.0424566801674113
2025-05-25 07:00:00,2025-05-25 06:10:00,4463.96044921875,174.0,174.0,78.0,363.0,13.6,1.19,53,21,14,39,11.814075110615173
2025-05-25 08:00:00,2025-05-25 07:10:00,8790.73828125,336.0,336.0,115.0,508.7,15.4,1.33,72,25,4,62,22.145336730906454
2025-05-25 09:00:00,2025-05-25 08:10:00,14418.43359375,490.0,490.0,157.0,562.4,17.2,1.53,15,3,3,10,32.722702626467246
2025-05-25 10:00:00,2025-05-25 09:10:00,19136.85546875,652.0,652.0,147.0,695.0,18.8,1.49,14,1,9,5,43.19194563538284
2025-05-25 11:00:00,2025-05-25 10:10:00,21377.736328125,773.0,773.0,160.0,739.5,19.8,1.42,21,0,11,12,53.013316315853814
2025-05-25 12:00:00,2025-05-25 11:10:00,20497.767578125,774.0,774.0,214.0,627.7,20.6,1.7,81,0,2,80,61.138017814968066
2025-05-25 13:00:00,2025-05-25 12:10:00,16077.552734375,612.0,612.0,319.0,321.4,21.0,1.42,83,6,11,80,65.53803589183
2025-05-25 14:00:00,2025-05-25 13:10:00,16343.2939453125,731.0,731.0,290.0,497.4,22.2,1.83,81,2,2,80,64.13080360759065
2025-05-25 15:00:00,2025-05-25 14:10:00,12922.8564453125,636.0,636.0,242.0,481.5,22.6,1.67,57,4,36,46,57.69075756689821
2025-05-25 16:00:00,2025-05-25 15:10:00,8793.7451171875,504.0,504.0,224.0,393.4,22.2,2.67,34,1,31,14,48.60057599202176
2025-05-25 17:00:00,2025-05-25 16:10:00,6235.6181640625,414.0,414.0,159.0,444.4,22.2,2.47,13,1,8,5,38.396928892124485
2025-05-25 18:00:00,2025-05-25 17:10:00,2253.308837890625,305.0,305.0,99.0,497.2,22.2,2.02,11,2,10,1,27.835822222237574
2025-05-25 19:00:00,2025-05-25 18:10:00,844.2114868164062,145.0,145.0,67.0,319.9,21.2,1.12,16,0,4,13,17.345441513913496
2025-05-25 20:00:00,2025-05-25 19:10:00,235.5565185546875,33.0,33.0,23.0,86.9,19.4,1.15,9,0,8,1,7.249614090823736
2025-05-25 21:00:00,2025-05-25 20:10:00,0.0,0.0,0.0,0.0,0.0,17.9,0.93,11,0,4,7,-2.129488061615327
2025-05-25 22:00:00,2025-05-25 21:10:00,0.0,0.0,0.0,0.0,0.0,16.8,0.67,30,0,30,0,-10.415420145887127
2025-05-25 23:00:00,2025-05-25 22:10:00,0.0,0.0,0.0,0.0,0.0,15.9,0.43,2,0,2,0,-17.15125359870739
2025-05-26 00:00:00,2025-05-25 23:10:00,0.0,0.0,0.0,0.0,0.0,15.2,0.21,0,0,0,0,-21.82136880287063
2025-05-26 01:00:00,2025-05-26 00:10:00,0.0,0.0,0.0,0.0,0.0,14.6,0.16,17,0,0,17,-23.95407415812859
2025-05-26 02:00:00,2025-05-26 01:10:00,0.0,0.0,0.0,0.0,0.0,14.9,0.25,42,0,0,42,-23.29264994677432
2025-05-26 03:00:00,2025-05-26 02:10:00,0.0,0.0,0.0,0.0,0.0,14.1,0.22,99,0,0,99,-19.919748077883824
2025-05-26 04:00:00,2025-05-26 03:10:00,0.0,0.0,0.0,0.0,0.0,13.7,0.05,100,0,2,100,-14.214886505625463
2025-05-26 05:00:00,2025-05-26 04:10:00,0.0,0.0,0.0,0.0,0.0,13.4,0.38,100,0,0,100,-6.688734507963524
2025-05-26 06:00:00,2025-05-26 05:10:00,1139.517578125,38.0,38.0,33.0,39.7,14.1,1.1,99,1,17,99,2.1637221382716914
2025-05-26 07:00:00,2025-05-26 06:10:00,3708.05078125,117.0,117.0,102.0,56.4,15.2,1.05,23,4,9,15,11.924772782545224
2025-05-26 08:00:00,2025-05-26 07:10:00,10037.1494140625,342.0,342.0,106.0,541.3,17.5,0.9,6,0,4,3,22.249419574542262
2025-05-26 09:00:00,2025-05-26 08:10:00,15530.296875,512.0,512.0,122.0,657.2,19.9,0.63,25,0,4,22,32.82511433931992
2025-05-26 10:00:00,2025-05-26 09:10:00,18844.58203125,657.0,657.0,142.0,707.6,21.6,0.6,51,0,12,44,43.2993609675689
2025-05-26 11:00:00,2025-05-26 10:10:00,20959.37890625,742.0,742.0,164.0,696.3,23.0,0.84,39,0,24,20,53.13532506112119
2025-05-26 12:00:00,2025-05-26 11:10:00,21391.310546875,790.0,790.0,181.0,681.8,23.9,0.99,10,1,9,1,61.286708089603415
2025-05-26 13:00:00,2025-05-26 12:10:00,21162.404296875,839.0,839.0,179.0,722.9,24.5,1.35,22,3,13,7,65.71555086102833
2025-05-26 14:00:00,2025-05-26 13:10:00,19476.041015625,764.0,764.0,181.0,656.6,25.3,1.04,15,0,8,8,64.31044929950048
2025-05-26 15:00:00,2025-05-26 14:10:00,16751.404296875,724.0,724.0,161.0,686.8,25.4,1.77,12,1,10,1,57.85177573714542
2025-05-26 16:00:00,2025-05-26 15:10:00,12806.4833984375,587.0,587.0,162.0,595.8,25.3,1.8,8,0,6,2,48.74585392630129
2025-05-26 17:00:00,2025-05-26 16:10:00,7052.60205078125,443.0,443.0,123.0,555.9,25.2,1.96,27,0,26,13,38.53436901649389
2025-05-26 18:00:00,2025-05-26 17:10:00,2209.92138671875,285.0,285.0,102.0,439.6,24.3,2.41,14,0,9,5,27.971709972294097
2025-05-26 19:00:00,2025-05-26 18:10:00,867.062255859375,151.0,151.0,68.0,337.3,23.0,2.07,57,0,7,53,17.48429663583649
2025-05-26 20:00:00,2025-05-26 19:10:00,224.93817138671875,34.0,34.0,22.0,103.2,21.1,1.66,87,0,6,86,7.394750161186849
2025-05-26 21:00:00,2025-05-26 20:10:00,0.0,0.0,0.0,0.0,0.0,19.7,1.0,100,0,8,100,-1.9757141066675632
2025-05-26 22:00:00,2025-05-26 21:10:00,0.0,0.0,0.0,0.0,0.0,19.3,0.16,100,0,9,100,-10.251786593425564
2025-05-26 23:00:00,2025-05-26 22:10:00,0.0,0.0,0.0,0.0,0.0,18.7,0.2,100,0,6,100,-16.9782856385255
2025-05-27 00:00:00,2025-05-26 23:10:00,0.0,0.0,0.0,0.0,0.0,18.0,1.41,100,0,8,100,-21.642145270897714
2025-05-27 01:00:00,2025-05-27 00:10:00,0.0,0.0,0.0,0.0,0.0,17.0,1.29,100,0,31,100,-23.774423630879834
2025-05-27 02:00:00,2025-05-27 01:10:00,0.0,0.0,0.0,0.0,0.0,15.8,1.41,100,70,100,100,-23.11974758284525
2025-05-27 03:00:00,2025-05-27 02:10:00,0.0,0.0,0.0,0.0,0.0,15.6,1.56,100,23,47,100,-19.75952567530547
2025-05-27 04:00:00,2025-05-27 03:10:00,0.0,0.0,0.0,0.0,0.0,15.4,1.21,100,80,39,97,-14.0702577381964
2025-05-27 05:00:00,2025-05-27 04:10:00,0.0,0.0,0.0,0.0,0.0,15.3,1.99,71,28,19,50,-6.559650544016654
2025-05-27 06:00:00,2025-05-27 05:10:00,916.882568359375,19.0,19.0,16.0,23.6,15.3,1.5,40,16,4,26,2.2792702149699755
2025-05-27 07:00:00,2025-05-27 06:10:00,4357.10693359375,156.0,156.0,90.0,246.5,16.1,1.65,98,96,28,29,12.029890917397971
2025-05-27 08:00:00,2025-05-27 07:10:00,7541.07861328125,233.0,233.0,137.0,219.5,17.1,1.36,30,17,16,0,22.347974924244713
2025-05-27 09:00:00,2025-05-27 08:10:00,11685.4775390625,366.0,366.0,163.0,341.4,18.6,2.05,43,34,12,2,32.92193470633602
2025-05-27 10:00:00,2025-05-27 09:10:00,16045.8876953125,537.0,537.0,217.0,439.0,20.0,2.08,64,43,7,31,43.40097311868194
2025-05-27 11:00:00,2025-05-27 10:10:00,19773.166015625,683.0,683.0,191.0,591.9,21.2,1.94,36,7,25,8,53.251163427740074
2025-05-27 12:00:00,2025-05-27 11:10:00,19625.720703125,729.0,729.0,211.0,579.2,21.8,1.76,36,8,26,8,61.42887209070464
2025-05-27 13:00:00,2025-05-27 12:10:00,20061.90625,706.0,706.0,188.0,566.7,22.2,1.85,24,10,15,0,65.88679130798698
2025-05-27 14:00:00,2025-05-27 13:10:00,18080.474609375,755.0,755.0,191.0,634.3,22.4,1.87,36,8,23,9,64.48490707587099
2025-05-27 15:00:00,2025-05-27 14:10:00,14000.0439453125,624.0,624.0,182.0,538.2,22.6,1.41,31,17,10,11,58.00877043560175
2025-05-27 16:00:00,2025-05-27 15:10:00,12118.7236328125,578.0,578.0,156.0,590.3,22.9,1.2,42,11,13,27,48.88790626615704
2025-05-27 17:00:00,2025-05-27 16:10:00,6442.75927734375,437.0,437.0,162.0,476.2,22.8,1.91,18,2,8,9,38.66899846061638
2025-05-27 18:00:00,2025-05-27 17:10:00,1968.615478515625,287.0,287.0,108.0,427.9,22.4,1.57,100,18,12,100,28.104911421330215
2025-05-27 19:00:00,2025-05-27 18:10:00,741.9754638671875,133.0,133.0,75.0,233.6,21.7,1.03,99,30,14,99,17.6203702209849
2025-05-27 20:00:00,2025-05-27 19:10:00,223.60565185546875,31.0,31.0,25.0,51.1,20.2,1.1,100,25,10,100,7.536828821632987
2025-05-27 21:00:00,2025-05-27 20:10:00,0.0,0.0,0.0,0.0,0.0,19.1,0.86,49,14,4,39,-1.8254330045381129
2025-05-27 22:00:00,2025-05-27 21:10:00,0.0,0.0,0.0,0.0,0.0,18.0,0.6,16,4,4,9,-10.092219506365073
2025-05-27 23:00:00,2025-05-27 22:10:00,0.0,0.0,0.0,0.0,0.0,17.4,0.47,40,6,4,34,-16.810050795125267
2025-05-28 00:00:00,2025-05-27 23:10:00,0.0,0.0,0.0,0.0,0.0,16.9,0.25,72,8,2,69,-21.468322617691065
2025-05-28 01:00:00,2025-05-28 00:10:00,0.0,0.0,0.0,0.0,0.0,16.2,0.35,97,3,1,96,-23.600709855342373
2025-05-28 02:00:00,2025-05-28 01:10:00,0.0,0.0,0.0,0.0,0.0,16.0,0.57,97,4,1,97,-22.953075825235107
2025-05-28 03:00:00,2025-05-28 02:10:00,0.0,0.0,0.0,0.0,0.0,15.8,0.16,98,2,0,98,-19.605573672965516
2025-05-28 04:00:00,2025-05-28 03:10:00,0.0,0.0,0.0,0.0,0.0,15.2,0.36,91,3,0,91,-13.931764943522515
2025-05-28 05:00:00,2025-05-28 04:10:00,0.0,0.0,0.0,0.0,0.0,14.8,0.15,99,1,0,99,-6.436495912788789
2025-05-28 06:00:00,2025-05-28 05:10:00,1250.4493408203125,47.0,47.0,33.0,109.7,15.3,0.67,98,2,0,98,2.3890905315993405
2025-05-28 07:00:00,2025-05-28 06:10:00,4376.36279296875,169.0,169.0,90.0,293.4,16.8,0.35,57,0,0,57,12.129429245400775
2025-05-28 08:00:00,2025-05-28 07:10:00,8942.90234375,346.0,346.0,106.0,547.1,18.9,0.43,84,0,0,84,22.441011557170313
2025-05-28 09:00:00,2025-05-28 08:10:00,13294.857421875,490.0,490.0,165.0,545.4,20.6,0.45,79,0,0,79,33.013179436727405
2025-05-28 10:00:00,2025-05-28 09:10:00,16093.875,604.0,604.0,236.0,504.0,22.0,1.0,99,1,0,99,43.49680017918811
2025-05-28 11:00:00,2025-05-28 10:10:00,15023.802734375,603.0,603.0,355.0,298.0,22.9,1.27,100,8,6,100,53.360841252616915
2025-05-28 12:00:00,2025-05-28 11:10:00,14645.5830078125,632.0,632.0,366.0,297.1,23.9,1.39,99,5,10,99,61.56448968721779
2025-05-28 13:00:00,2025-05-28 12:10:00,17525.90234375,744.0,744.0,274.0,513.5,24.8,0.97,76,7,14,70,66.05169524220211
2025-05-28 14:00:00,2025-05-28 13:10:00,15414.51171875,697.0,697.0,323.0,420.0,26.0,0.61,98,1,16,98,64.65411314890692
2025-05-28 15:00:00,2025-05-28 14:10:00,12521.9619140625,606.0,606.0,251.0,431.6,26.1,0.68,100,2,27,100,58.161691606671205
2025-05-28 16:00:00,2025-05-28 15:10:00,7667.6357421875,460.0,460.0,248.0,295.9,26.0,0.35,100,1,21,100,49.02668388243177
2025-05-28 17:00:00,2025-05-28 16:10:00,3663.224853515625,269.0,269.0,208.0,105.3,25.5,0.46,100,0,58,100,38.80076185689905
2025-05-28 18:00:00,2025-05-28 17:10:00,2171.585693359375,253.0,253.0,143.0,261.7,25.5,0.66,92,0,62,82,28.23536307810802
2025-05-28 19:00:00,2025-05-28 18:10:00,745.952880859375,119.0,119.0,81.0,151.8,24.5,0.6,93,0,80,70,17.753590831627392
2025-05-28 20:00:00,2025-05-28 19:10:00,231.28662109375,32.0,32.0,24.0,67.5,22.6,1.15,73,6,68,13,7.675771872118756
2025-05-28 21:00:00,2025-05-28 20:10:00,0.0,0.0,0.0,0.0,0.0,21.7,1.2,29,16,12,3,-1.67872759980011
2025-05-28 22:00:00,2025-05-28 21:10:00,0.0,0.0,0.0,0.0,0.0,21.0,1.42,24,5,23,1,-9.936803107137886
2025-05-28 23:00:00,2025-05-28 22:10:00,0.0,0.0,0.0,0.0,0.0,19.8,1.54,21,6,10,11,-16.646630274010782
2025-05-29 00:00:00,2025-05-28 23:10:00,0.0,0.0,0.0,0.0,0.0,18.4,1.17,81,2,2,81,-21.29997438073911
2025-05-29 01:00:00,2025-05-29 00:10:00,0.0,0.0,0.0,0.0,0.0,17.3,0.6,57,0,1,57,-23.432995510622487
2025-05-29 02:00:00,2025-05-29 01:10:00,0.0,0.0,0.0,0.0,0.0,16.9,0.14,90,0,1,90,-22.792685709712
2025-05-29 03:00:00,2025-05-29 02:10:00,0.0,0.0,0.0,0.0,0.0,15.9,0.75,84,0,0,84,-19.45793197883041
2025-05-29 04:00:00,2025-05-29 03:10:00,0.0,0.0,0.0,0.0,0.0,15.4,0.92,96,1,1,96,-13.799437253967005
2025-05-29 05:00:00,2025-05-29 04:10:00,0.0,0.0,0.0,0.0,0.0,14.8,0.25,84,4,14,82,-6.319288974415595
2025-05-29 06:00:00,2025-05-29 05:10:00,1311.361328125,47.0,47.0,33.0,109.0,15.8,0.7,80,1,4,79,2.4931754002108444
2025-05-29 07:00:00,2025-05-29 06:10:00,4421.2314453125,181.0,181.0,80.0,373.1,17.0,1.1,47,0,0,47,12.22339026079412
2025-05-29 08:00:00,2025-05-29 07:10:00,10177.619140625,355.0,355.0,104.0,570.6,19.4,0.76,56,0,0,56,22.5285410946941
2025-05-29 09:00:00,2025-05-29 08:10:00,14787.5166015625,529.0,529.0,120.0,685.2,22.0,0.93,61,0,0,61,33.09886722448695
2025-05-29 10:00:00,2025-05-29 09:10:00,18920.376953125,678.0,678.0,142.0,733.1,23.9,1.56,45,0,0,45,43.58686350590237
2025-05-29 11:00:00,2025-05-29 10:10:00,21870.59765625,796.0,796.0,150.0,775.3,25.2,1.23,58,0,0,57,53.4643721239961
2025-05-29 12:00:00,2025-05-29 11:10:00,22389.474609375,871.0,871.0,148.0,806.6,26.1,1.08,68,0,0,68,61.693544750510476
2025-05-29 13:00:00,2025-05-29 12:10:00,22384.087890625,891.0,891.0,149.0,809.8,26.8,1.31,73,0,0,73,66.21020299565905
2025-05-29 14:00:00,2025-05-29 13:10:00,20184.49609375,848.0,848.0,152.0,780.7,28.0,1.88,59,0,1,58,64.81800374127877
2025-05-29 15:00:00,2025-05-29 14:10:00,16842.259765625,767.0,767.0,154.0,744.0,28.1,2.01,57,0,0,57,58.310488257827934
2025-05-29 16:00:00,2025-05-29 15:10:00,12988.09375,656.0,656.0,131.0,731.2,28.0,2.07,31,0,0,31,49.16213648701891
2025-05-29 17:00:00,2025-05-29 16:10:00,7388.17431640625,507.0,507.0,113.0,678.2,27.9,1.76,40,0,0,40,38.92960280527163
2025-05-29 18:00:00,2025-05-29 17:10:00,2346.146240234375,334.0,334.0,95.0,566.1,27.2,1.46,91,0,0,91,28.363000705342284
2025-05-29 19:00:00,2025-05-29 18:10:00,905.8640747070312,166.0,166.0,72.0,372.3,26.0,1.1,89,0,0,89,17.88388665529611
2025-05-29 20:00:00,2025-05-29 19:10:00,230.4659423828125,39.0,39.0,27.0,100.4,23.8,0.65,97,0,0,97,7.811501164942641
2025-05-29 21:00:00,2025-05-29 20:10:00,0.0,0.0,0.0,0.0,0.0,23.0,0.6,94,0,0,94,-1.5356802241953256
2025-05-29 22:00:00,2025-05-29 21:10:00,0.0,0.0,0.0,0.0,0.0,22.2,0.47,90,0,0,90,-9.785620648058027
2025-05-29 23:00:00,2025-05-29 22:10:00,0.0,0.0,0.0,0.0,0.0,21.6,0.25,94,0,0,94,-16.488103912380872
2025-05-30 00:00:00,2025-05-29 23:10:00,0.0,0.0,0.0,0.0,0.0,20.5,0.47,89,0,0,89,-21.137172437187505
2025-05-30 01:00:00,2025-05-30 00:10:00,0.0,0.0,0.0,0.0,0.0,19.0,1.05,89,0,0,89,-23.271341413107947
2025-05-30 02:00:00,2025-05-30 01:10:00,0.0,0.0,0.0,0.0,0.0,19.1,0.4,89,0,0,89,-22.638626223080102
2025-05-30 03:00:00,2025-05-30 02:10:00,0.0,0.0,0.0,0.0,0.0,18.5,0.25,62,0,0,62,-19.31663824709982
2025-05-30 04:00:00,2025-05-30 03:10:00,0.0,0.0,0.0,0.0,0.0,17.4,0.9,29,0,0,29,-13.673301357962652
2025-05-30 05:00:00,2025-05-30 04:10:00,0.0,0.0,0.0,0.0,0.0,16.6,0.95,12,0,0,12,-6.208045505314659
2025-05-30 06:00:00,2025-05-30 05:10:00,1347.5101318359375,51.0,51.0,32.0,147.2,17.4,1.31,1,0,0,1,2.5915198034676328
2025-05-30 07:00:00,2025-05-30 06:10:00,4434.8583984375,184.0,184.0,73.0,408.1,19.8,1.36,3,0,0,3,12.311779184519494
2025-05-30 08:00:00,2025-05-30 07:10:00,10055.7373046875,353.0,353.0,100.0,573.6,21.8,1.95,19,0,0,19,22.61057794658453
2025-05-30 09:00:00,2025-05-30 08:10:00,14711.1044921875,523.0,523.0,118.0,677.3,23.2,2.46,38,0,0,38,33.17901967351311
2025-05-30 10:00:00,2025-05-30 09:10:00,18851.912109375,673.0,673.0,131.0,740.4,24.6,2.43,21,0,0,21,43.671187631821645
2025-05-30 11:00:00,2025-05-30 10:10:00,21976.1796875,790.0,790.0,140.0,779.2,26.0,2.19,1,0,0,1,53.56177329873163
2025-05-30 12:00:00,2025-05-30 11:10:00,22458.060546875,864.0,864.0,145.0,801.3,27.1,1.88,0,0,0,0,61.81602515494024
2025-05-30 13:00:00,2025-05-30 12:10:00,22471.755859375,886.0,886.0,146.0,806.7,28.0,1.15,0,0,0,0,66.3622573344413
2025-05-30 14:00:00,2025-05-30 13:10:00,21167.625,863.0,863.0,140.0,809.9,28.7,0.71,4,0,4,0,64.97651513275973
2025-05-30 15:00:00,2025-05-30 14:10:00,17806.259765625,763.0,763.0,139.0,756.2,29.1,0.89,4,0,4,0,58.45510846541414
2025-05-30 16:00:00,2025-05-30 15:10:00,13106.0029296875,634.0,634.0,130.0,700.5,29.0,1.14,11,0,7,5,49.29421265256523
2025-05-30 17:00:00,2025-05-30 16:10:00,7621.24072265625,503.0,503.0,116.0,664.2,28.9,1.24,8,0,2,6,39.05546391425203
2025-05-30 18:00:00,2025-05-30 17:10:00,2311.71435546875,325.0,325.0,97.0,537.6,28.4,1.14,4,0,2,2,28.487759378141824
2025-05-30 19:00:00,2025-05-30 18:10:00,962.3502197265625,166.0,166.0,70.0,377.1,27.6,1.37,0,0,0,0,18.011185575586687
2025-05-30 20:00:00,2025-05-30 19:10:00,252.7505645751953,40.0,40.0,26.0,116.1,26.1,1.15,1,0,0,1,7.943938682773453
2025-05-30 21:00:00,2025-05-30 20:10:00,0.0,0.0,0.0,0.0,0.0,24.6,0.85,2,0,0,2,-1.3963726169353161
2025-05-30 22:00:00,2025-05-30 21:10:00,0.0,0.0,0.0,0.0,0.0,23.1,0.47,2,1,0,1,-9.638754335702147
2025-05-30 23:00:00,2025-05-30 22:10:00,0.0,0.0,0.0,0.0,0.0,22.5,0.21,0,0,0,0,-16.334550112182708
2025-05-31 00:00:00,2025-05-30 23:10:00,0.0,0.0,0.0,0.0,0.0,21.7,0.36,0,0,0,0,-20.97998694733933
2025-05-31 01:00:00,2025-05-31 00:10:00,0.0,0.0,0.0,0.0,0.0,20.9,0.94,0,0,0,0,-23.115806470033814
2025-05-31 02:00:00,2025-05-31 01:10:00,0.0,0.0,0.0,0.0,0.0,20.2,1.3,0,0,0,0,-22.49094426719745
2025-05-31 03:00:00,2025-05-31 02:10:00,0.0,0.0,0.0,0.0,0.0,19.0,1.07,0,0,0,0,-19.181727854387326
2025-05-31 04:00:00,2025-05-31 03:10:00,0.0,0.0,0.0,0.0,0.0,18.4,1.02,0,0,0,0,-13.553381489908148
2025-05-31 05:00:00,2025-05-31 04:10:00,0.0,0.0,0.0,0.0,0.0,18.0,1.61,58,0,0,58,-6.102778702987156
2025-05-31 06:00:00,2025-05-31 05:10:00,1208.462646484375,51.0,51.0,34.0,131.0,18.5,1.89,100,0,0,100,2.6841213736808847
2025-05-31 07:00:00,2025-05-31 06:10:00,4329.70751953125,173.0,173.0,89.0,307.5,20.1,1.17,52,0,0,52,12.394603925663036
2025-05-31 08:00:00,2025-05-31 07:10:00,9729.2109375,344.0,344.0,107.0,536.1,22.5,1.24,35,0,0,35,22.687139253368965
2025-05-31 09:00:00,2025-05-31 08:10:00,14926.7431640625,513.0,513.0,127.0,644.5,24.6,1.33,20,0,0,20,33.25366121997776
2025-05-31 10:00:00,2025-05-31 09:10:00,18861.5234375,666.0,666.0,134.0,725.9,26.4,1.41,25,0,0,25,43.7498001713773
2025-05-31 11:00:00,2025-05-31 10:10:00,20769.462890625,786.0,786.0,146.0,766.5,27.7,1.25,100,0,0,100,53.65306561145637
2025-05-31 12:00:00,2025-05-31 11:10:00,20271.361328125,839.0,839.0,186.0,727.0,28.7,1.01,99,0,4,99,61.93192276732914
2025-05-31 13:00:00,2025-05-31 12:10:00,20187.228515625,804.0,804.0,227.0,628.4,29.6,0.96,76,0,17,71,66.50780356918253
2025-05-31 14:00:00,2025-05-31 13:10:00,17813.052734375,733.0,733.0,237.0,554.9,30.0,0.95,87,0,7,86,65.12958371195785
2025-05-31 15:00:00,2025-05-31 14:10:00,12983.244140625,651.0,651.0,228.0,511.8,30.5,2.14,59,8,14,52,58.595499383886775
2025-05-31 16:00:00,2025-05-31 15:10:00,9316.1376953125,527.0,527.0,207.0,443.9,29.4,0.36,100,3,17,100,49.42285983429366
2025-05-31 17:00:00,2025-05-31 16:10:00,4064.53466796875,315.0,315.0,197.0,202.0,28.0,1.41,100,11,28,100,39.17828684310043
2025-05-31 18:00:00,2025-05-31 17:10:00,2067.546630859375,267.0,267.0,145.0,286.4,28.1,1.22,95,3,5,95,28.609573542706396
2025-05-31 19:00:00,2025-05-31 18:10:00,720.6672973632812,121.0,121.0,84.0,144.2,27.5,1.36,100,10,4,100,18.13541524250656
2025-05-31 20:00:00,2025-05-31 19:10:00,220.98599243164062,33.0,33.0,30.0,24.7,26.5,1.42,98,13,51,97,8.073006615619727
2025-05-31 21:00:00,2025-05-31 20:10:00,0.0,0.0,0.0,0.0,0.0,25.5,0.92,11,7,0,4,-1.2608858465327304
2025-05-31 22:00:00,2025-05-31 21:10:00,0.0,0.0,0.0,0.0,0.0,24.4,0.51,27,11,0,18,-9.496285257073929
2025-05-31 23:00:00,2025-05-31 22:10:00,0.0,0.0,0.0,0.0,0.0,23.5,0.51,8,3,0,4,-16.18604577492255
2025-06-01 00:00:00,2025-05-31 23:10:00,0.0,0.0,0.0,0.0,0.0,22.8,0.78,10,1,1,8,-20.828486299660483
2025-06-01 01:00:00,2025-06-01 00:10:00,0.0,0.0,0.0,0.0,0.0,22.2,0.97,40,7,0,35,-22.966447634222252
2025-06-01 02:00:00,2025-06-01 01:10:00,0.0,0.0,0.0,0.0,0.0,21.9,2.9,43,22,17,17,-22.349684623848084
2025-06-01 03:00:00,2025-06-01 02:10:00,0.0,0.0,0.0,0.0,0.0,19.6,3.01,12,10,8,0,-19.053233876509594
2025-06-01 04:00:00,2025-06-01 03:10:00,0.0,0.0,0.0,0.0,0.0,18.4,0.78,75,14,9,68,-13.439699420580288
2025-06-01 05:00:00,2025-06-01 04:10:00,0.0,0.0,0.0,0.0,0.0,18.3,1.31,30,22,10,7,-6.003499191413556
2025-06-01 06:00:00,2025-06-01 05:10:00,1223.1695556640625,45.0,45.0,31.0,107.4,18.5,1.03,100,22,10,99,2.7709803710402783
2025-06-01 07:00:00,2025-06-01 06:10:00,3616.771240234375,158.0,158.0,82.0,277.1,19.5,1.8,100,6,1,100,12.471875041767346
2025-06-01 08:00:00,2025-06-01 07:10:00,7046.16064453125,294.0,294.0,121.0,390.5,21.1,1.26,100,3,0,100,22.75824482707355
2025-06-01 09:00:00,2025-06-01 08:10:00,12322.8154296875,469.0,469.0,169.0,500.2,22.9,1.36,89,0,1,89,33.32281905221227
2025-06-01 10:00:00,2025-06-01 09:10:00,17017.45703125,628.0,628.0,184.0,605.2,24.5,1.5,97,0,0,97,43.822731721485866
2025-06-01 11:00:00,2025-06-01 10:10:00,19619.408203125,743.0,743.0,184.0,668.8,25.6,1.57,98,0,6,98,53.73827337603914
2025-06-01 12:00:00,2025-06-01 11:10:00,19266.404296875,791.0,791.0,210.0,646.2,26.9,1.34,98,2,13,98,62.04123342517858
2025-06-01 13:00:00,2025-06-01 12:10:00,17217.19140625,752.0,752.0,278.0,515.7,27.9,0.65,96,1,10,95,66.64678966365882
2025-06-01 14:00:00,2025-06-01 13:10:00,15509.8056640625,642.0,642.0,266.0,420.2,29.2,1.45,72,19,19,59,65.27714603328269
2025-06-01 15:00:00,2025-06-01 14:10:00,14797.4873046875,613.0,613.0,218.0,477.2,29.5,1.73,37,2,14,29,58.73160725872423
2025-06-01 16:00:00,2025-06-01 15:10:00,10098.501953125,511.0,511.0,181.0,456.8,29.0,2.37,44,0,6,40,49.54802439402175
2025-06-01 17:00:00,2025-06-01 16:10:00,6726.5087890625,468.0,468.0,135.0,568.3,29.0,1.81,65,0,3,64,39.298012345050374
2025-06-01 18:00:00,2025-06-01 17:10:00,2191.974853515625,299.0,299.0,119.0,420.8,28.1,1.03,100,1,27,100,28.72837707521905
2025-06-01 19:00:00,2025-06-01 18:10:00,617.093017578125,101.0,101.0,86.0,58.0,27.2,2.3,100,0,0,100,18.25650314228387
2025-06-01 20:00:00,2025-06-01 19:10:00,230.87094116210938,36.0,36.0,31.0,40.8,25.5,2.32,100,16,5,100,8.198627436641193
2025-06-01 21:00:00,2025-06-01 20:10:00,0.0,0.0,0.0,0.0,0.0,23.9,2.38,100,5,1,100,-1.1293002342599756
2025-06-01 22:00:00,2025-06-01 21:10:00,0.0,0.0,0.0,0.0,0.0,22.8,1.7,100,3,1,100,-9.358293307640649
2025-06-01 23:00:00,2025-06-01 22:10:00,0.0,0.0,0.0,0.0,0.0,22.3,1.16,100,5,0,100,-16.042666238313263
2025-06-02 00:00:00,2025-06-01 23:10:00,0.0,0.0,0.0,0.0,0.0,21.6,1.25,99,4,1,99,-20.682737057365955
2025-06-02 01:00:00,2025-06-02 00:10:00,0.0,0.0,0.0,0.0,0.0,21.0,1.4,100,1,4,100,-22.823319860069184
2025-06-02 02:00:00,2025-06-02 01:10:00,0.0,0.0,0.0,0.0,0.0,19.0,3.15,82,32,11,70,-22.214889920534265
2025-06-02 03:00:00,2025-06-02 02:10:00,0.0,0.0,0.0,0.0,0.0,18.6,0.41,100,9,1,100,-18.93118706593485
2025-06-02 04:00:00,2025-06-02 03:10:00,0.0,0.0,0.0,0.0,0.0,18.5,1.7,56,2,10,51,-13.332274448088675
2025-06-02 05:00:00,2025-06-02 04:10:00,305.1837158203125,1.0,1.0,1.0,0.0,18.4,1.95,50,7,28,36,-5.910215027035388
2025-06-02 06:00:00,2025-06-02 05:10:00,1271.065673828125,48.0,48.0,35.0,99.4,19.0,1.05,96,7,92,91,2.8520996610915144
2025-06-02 07:00:00,2025-06-02 06:10:00,2825.2021484375,82.0,82.0,73.0,32.7,19.8,1.32,100,29,100,79,12.543605698120903
2025-06-02 08:00:00,2025-06-02 07:10:00,4825.9892578125,148.0,148.0,129.0,42.8,19.8,2.66,100,100,25,91,22.82391709051936
2025-06-02 09:00:00,2025-06-02 08:10:00,7573.4873046875,189.0,189.0,140.0,81.6,18.9,3.38,60,37,24,18,33.38652302838966
2025-06-02 10:00:00,2025-06-02 09:10:00,9238.302734375,231.0,231.0,197.0,46.3,20.0,1.26,81,34,34,63,43.8900157587925
2025-06-02 11:00:00,2025-06-02 10:10:00,10387.18359375,461.0,461.0,278.0,218.8,21.5,0.67,100,54,59,100,53.81742427976854
2025-06-02 12:00:00,2025-06-02 11:10:00,7641.341796875,261.0,261.0,233.0,31.1,20.8,0.35,99,3,15,99,62.143956903546204
2025-06-02 13:00:00,2025-06-02 12:10:00,15022.2001953125,637.0,637.0,335.0,328.2,22.8,0.69,97,2,23,97,66.77916634079705
2025-06-02 14:00:00,2025-06-02 13:10:00,10291.7548828125,504.0,504.0,378.0,140.6,23.7,1.88,98,5,16,97,65.41913887926346
2025-06-02 15:00:00,2025-06-02 14:10:00,9301.708984375,403.0,403.0,317.0,103.7,23.4,1.59,91,30,9,87,58.863377443213906
2025-06-02 16:00:00,2025-06-02 15:10:00,4892.98388671875,362.0,362.0,245.0,161.7,23.4,2.46,100,36,18,100,49.66965162646562
2025-06-02 17:00:00,2025-06-02 16:10:00,3034.16357421875,211.0,211.0,180.0,52.8,22.2,2.13,100,22,78,100,39.41458031162077
2025-06-02 18:00:00,2025-06-02 17:10:00,1806.939453125,101.0,101.0,100.0,2.3,22.0,1.74,100,18,60,99,28.844103340887262
2025-06-02 19:00:00,2025-06-02 18:10:00,416.53564453125,35.0,35.0,35.0,0.0,21.6,1.52,100,8,82,100,18.37437666656274
2025-06-02 20:00:00,2025-06-02 19:10:00,213.42349243164062,11.0,11.0,11.0,0.0,21.3,1.51,100,12,87,100,8.320723976715902
2025-06-02 21:00:00,2025-06-02 20:10:00,0.0,0.0,0.0,0.0,0.0,21.0,1.79,100,14,67,100,-1.001695279322583
2025-06-02 22:00:00,2025-06-02 21:10:00,0.0,0.0,0.0,0.0,0.0,20.5,1.68,99,23,83,98,-9.224857121320827
2025-06-02 23:00:00,2025-06-02 22:10:00,0.0,0.0,0.0,0.0,0.0,19.9,1.82,76,62,16,25,-15.904485214832045
2025-06-03 00:00:00,2025-06-02 23:10:00,0.0,0.0,0.0,0.0,0.0,19.2,2.27,68,50,2,34,-20.54280390665918
2025-06-03 01:00:00,2025-06-03 00:10:00,0.0,0.0,0.0,0.0,0.0,18.4,3.24,100,100,6,48,-22.68647606084911
2025-06-03 02:00:00,2025-06-03 01:10:00,0.0,0.0,0.0,0.0,0.0,18.4,2.42,45,39,10,1,-22.086600597254765
2025-06-03 03:00:00,2025-06-03 02:10:00,0.0,0.0,0.0,0.0,0.0,17.8,1.39,34,29,7,0,-18.81561582994375
2025-06-03 04:00:00,2025-06-03 03:10:00,0.0,0.0,0.0,0.0,0.0,17.8,1.63,100,100,2,2,-13.231123389403532
2025-06-03 05:00:00,2025-06-03 04:10:00,0.0,0.0,0.0,0.0,0.0,17.7,2.21,100,100,3,49,-5.822931705320093
2025-06-03 06:00:00,2025-06-03 05:10:00,765.0203247070312,16.0,16.0,16.0,0.0,18.0,2.6,100,100,2,9,2.9274846915089436
2025-06-03 07:00:00,2025-06-03 06:10:00,1978.8939208984375,25.0,25.0,25.0,0.0,18.0,2.33,100,100,3,6,12.609811626130337
2025-06-03 08:00:00,2025-06-03 07:10:00,4067.676025390625,53.0,53.0,53.0,0.0,18.5,1.93,100,100,11,10,22.884181015355
2025-06-03 09:00:00,2025-06-03 08:10:00,5300.1728515625,133.0,133.0,133.0,0.0,19.2,1.4,100,100,16,10,33.444805592282314
2025-06-03 10:00:00,2025-06-03 09:10:00,11244.09765625,277.0,277.0,230.0,63.9,20.8,1.39,80,72,10,19,43.951688533515885
2025-06-03 11:00:00,2025-06-03 10:10:00,15714.6162109375,468.0,468.0,323.0,173.2,22.9,1.27,83,44,15,66,53.89054927074855
2025-06-03 12:00:00,2025-06-03 11:10:00,15697.62109375,558.0,558.0,283.0,305.4,24.3,0.47,81,56,21,51,62.240096870596844
2025-06-03 13:00:00,2025-06-03 12:10:00,14742.43359375,582.0,582.0,248.0,362.7,25.0,0.2,87,23,63,59,66.9048871853597
2025-06-03 14:00:00,2025-06-03 13:10:00,14972.138671875,614.0,614.0,293.0,357.9,24.4,1.84,70,35,25,50,65.55549932831424
2025-06-03 15:00:00,2025-06-03 14:10:00,9648.109375,541.0,541.0,283.0,310.8,24.8,2.18,65,17,34,44,58.990754419350395
2025-06-03 16:00:00,2025-06-03 15:10:00,4972.3974609375,322.0,322.0,211.0,153.1,21.5,3.41,88,52,36,69,49.78768578793331
2025-06-03 17:00:00,2025-06-03 16:10:00,3581.873291015625,238.0,238.0,155.0,140.9,20.3,2.44,79,50,42,53,39.52792981802514
2025-06-03 18:00:00,2025-06-03 17:10:00,2005.2698974609375,167.0,167.0,121.0,106.7,19.8,1.72,77,19,43,51,28.956685253100083
2025-06-03 19:00:00,2025-06-03 18:10:00,614.10986328125,83.0,83.0,61.0,83.8,19.0,2.19,79,16,38,60,18.48896318092387
2025-06-03 20:00:00,2025-06-03 19:10:00,234.04443359375,25.0,25.0,22.0,24.1,18.9,1.26,51,4,17,41,8.439219497688171
2025-06-03 21:00:00,2025-06-03 20:10:00,0.0,0.0,0.0,0.0,0.0,18.9,1.28,63,40,13,30,-0.8781495858222246
2025-06-03 22:00:00,2025-06-03 21:10:00,0.0,0.0,0.0,0.0,0.0,18.7,0.85,95,55,13,87,-9.096054002494855
2025-06-03 23:00:00,2025-06-03 22:10:00,0.0,0.0,0.0,0.0,0.0,18.6,0.96,100,100,39,92,-15.771574732254983
2025-06-04 00:00:00,2025-06-03 23:10:00,0.0,0.0,0.0,0.0,0.0,18.6,0.6,100,100,94,75,-20.40874960669268
2025-06-04 01:00:00,2025-06-04 00:10:00,0.0,0.0,0.0,0.0,0.0,18.5,1.04,100,100,49,41,-22.55596706740835
2025-06-04 02:00:00,2025-06-04 01:10:00,0.0,0.0,0.0,0.0,0.0,18.6,1.54,99,41,29,99,-21.964854874335934
2025-06-04 03:00:00,2025-06-04 02:10:00,0.0,0.0,0.0,0.0,0.0,18.4,1.08,100,100,100,99,-18.706546209558404
2025-06-04 04:00:00,2025-06-04 03:10:00,0.0,0.0,0.0,0.0,0.0,18.2,1.27,100,95,77,96,-13.13626057249004
2025-06-04 05:00:00,2025-06-04 04:10:00,194.5249481201172,1.0,1.0,1.0,0.0,18.0,0.34,100,99,100,100,-5.741652167909858
2025-06-04 06:00:00,2025-06-04 05:10:00,1069.94677734375,33.0,33.0,27.0,45.5,18.1,0.56,100,100,75,100,2.9971434682055413
2025-06-04 07:00:00,2025-06-04 06:10:00,2406.55712890625,90.0,90.0,72.0,65.0,18.6,0.67,97,30,11,96,12.670511080875258
2025-06-04 08:00:00,2025-06-04 07:10:00,5284.767578125,164.0,164.0,121.0,96.5,19.2,0.65,98,2,49,97,22.939064059001197
2025-06-04 09:00:00,2025-06-04 08:10:00,7069.978515625,159.0,159.0,136.0,38.2,19.5,1.68,93,7,54,86,33.49770168737511
2025-06-04 10:00:00,2025-06-04 09:10:00,8772.9482421875,278.0,278.0,160.0,160.4,20.5,1.32,100,76,100,92,44.007788960311856
2025-06-04 11:00:00,2025-06-04 10:10:00,7349.42724609375,347.0,347.0,224.0,146.8,20.6,1.91,100,100,80,98,53.95768243903002
2025-06-04 12:00:00,2025-06-04 11:10:00,7357.02734375,362.0,362.0,295.0,74.3,21.0,1.43,100,97,100,100,62.32966083193216
2025-06-04 13:00:00,2025-06-04 12:10:00,5068.3251953125,201.0,201.0,184.0,18.4,19.4,1.91,100,87,92,100,67.02390874255923
2025-06-04 14:00:00,2025-06-04 13:10:00,5401.18408203125,212.0,212.0,208.0,4.5,18.5,2.25,100,100,97,98,65.68616482801312
2025-06-04 15:00:00,2025-06-04 14:10:00,5084.2412109375,334.0,334.0,293.0,49.3,18.9,2.26,100,100,49,84,59.11368182308203
2025-06-04 16:00:00,2025-06-04 15:10:00,5179.4306640625,317.0,317.0,217.0,137.7,18.5,2.15,98,97,36,37,49.90207012752348
2025-06-04 17:00:00,2025-06-04 16:10:00,3600.673095703125,273.0,273.0,153.0,203.2,18.4,2.51,97,50,35,92,39.63799916970911
2025-06-04 18:00:00,2025-06-04 17:10:00,2045.9781494140625,167.0,167.0,143.0,55.4,17.8,2.46,99,98,27,27,29.066055332681042
2025-06-04 19:00:00,2025-06-04 18:10:00,516.7967529296875,52.0,52.0,50.0,7.6,17.1,1.85,100,100,20,52,18.600190092680577
2025-06-04 20:00:00,2025-06-04 19:10:00,225.76626586914062,31.0,31.0,26.0,39.8,16.8,2.0,91,48,25,77,8.554037764234948
2025-06-04 21:00:00,2025-06-04 20:10:00,0.0,0.0,0.0,0.0,0.0,16.3,1.74,99,95,6,76,-0.7587407915755418
2025-06-04 22:00:00,2025-06-04 21:10:00,0.0,0.0,0.0,0.0,0.0,16.0,1.4,93,57,18,80,-8.971959860100087
2025-06-04 23:00:00,2025-06-04 22:10:00,0.0,0.0,0.0,0.0,0.0,15.9,1.05,90,44,6,81,-15.644005076230723
2025-06-05 00:00:00,2025-06-04 23:10:00,0.0,0.0,0.0,0.0,0.0,15.6,0.72,94,48,2,88,-20.2806349413149
2025-06-05 01:00:00,2025-06-05 00:10:00,0.0,0.0,0.0,0.0,0.0,15.6,0.43,92,26,2,89,-22.431841588315248
2025-06-05 02:00:00,2025-06-05 01:10:00,0.0,0.0,0.0,0.0,0.0,15.6,0.25,25,22,2,3,-21.849688721382552
2025-06-05 03:00:00,2025-06-05 02:10:00,0.0,0.0,0.0,0.0,0.0,14.9,0.05,35,26,0,12,-18.604001859296343
2025-06-05 04:00:00,2025-06-05 03:10:00,0.0,0.0,0.0,0.0,0.0,14.6,0.75,68,39,0,47,-13.047697829087307
2025-06-05 05:00:00,2025-06-05 04:10:00,297.602783203125,1.0,1.0,1.0,0.0,14.6,0.78,100,100,4,51,-5.6663768103614665
2025-06-05 06:00:00,2025-06-05 05:10:00,1166.17626953125,30.0,30.0,28.0,15.1,15.6,1.86,100,100,19,66,3.0610865308170903
2025-06-05 07:00:00,2025-06-05 06:10:00,2616.063720703125,79.0,79.0,65.0,50.4,16.4,2.1,100,100,49,74,12.725724797939732
2025-06-05 08:00:00,2025-06-05 07:10:00,4862.50341796875,96.0,96.0,96.0,0.0,16.5,1.95,84,54,19,59,22.988596100678414
2025-06-05 09:00:00,2025-06-05 08:10:00,10251.330078125,286.0,286.0,173.0,187.6,17.6,2.91,84,82,10,4,33.54524866961048
2025-06-05 10:00:00,2025-06-05 09:10:00,11506.8447265625,269.0,269.0,269.0,0.0,18.1,2.35,41,29,8,11,44.058358506580014
2025-06-05 11:00:00,2025-06-05 10:10:00,14083.3642578125,453.0,453.0,344.0,130.0,19.6,1.63,32,10,17,11,54.01886089203885
2025-06-05 12:00:00,2025-06-05 11:10:00,16280.7060546875,615.0,615.0,312.0,336.0,21.1,1.32,54,7,17,42,62.41266006389445
2025-06-05 13:00:00,2025-06-05 12:10:00,14171.3544921875,684.0,684.0,258.0,461.8,22.1,1.35,100,6,21,100,67.13619061185501
2025-06-05 14:00:00,2025-06-05 13:10:00,11232.7041015625,568.0,568.0,337.0,257.0,23.6,1.41,91,14,23,87,65.81107327392915
2025-06-05 15:00:00,2025-06-05 14:10:00,9230.853515625,508.0,508.0,254.0,305.2,23.7,1.05,86,15,40,77,59.23210247414576
2025-06-05 16:00:00,2025-06-05 15:10:00,7446.5029296875,418.0,418.0,223.0,268.0,23.1,2.08,57,5,24,50,50.0127469209562
2025-06-05 17:00:00,2025-06-05 16:10:00,5494.4892578125,407.0,407.0,150.0,434.1,22.3,3.78,100,3,20,100,39.74472595005831
2025-06-05 18:00:00,2025-06-05 17:10:00,1952.9305419921875,274.0,274.0,157.0,269.2,21.0,4.1,100,22,37,100,29.172145767230052
2025-06-05 19:00:00,2025-06-05 18:10:00,665.7373046875,82.0,82.0,75.0,26.3,19.5,3.07,87,24,45,73,18.70798491791522
2025-06-05 20:00:00,2025-06-05 19:10:00,232.05545043945312,31.0,31.0,27.0,31.6,18.0,3.47,81,73,6,26,8.665103114299983
2025-06-05 21:00:00,2025-06-05 20:10:00,0.0,0.0,0.0,0.0,0.0,17.6,2.48,74,67,0,21,-0.6435454988424154
2025-06-05 22:00:00,2025-06-05 21:10:00,0.0,0.0,0.0,0.0,0.0,17.5,2.04,100,100,2,6,-8.852649143864681
2025-06-05 23:00:00,2025-06-05 22:10:00,0.0,0.0,0.0,0.0,0.0,17.5,1.87,100,100,33,13,-15.521844734947006
2025-06-06 00:00:00,2025-06-05 23:10:00,0.0,0.0,0.0,0.0,0.0,17.4,1.34,100,100,14,0,-20.15851867266412
2025-06-06 01:00:00,2025-06-06 00:10:00,0.0,0.0,0.0,0.0,0.0,17.5,1.26,100,100,19,0,-22.314146171533732
2025-06-06 02:00:00,2025-06-06 01:10:00,0.0,0.0,0.0,0.0,0.0,17.9,2.0,100,100,11,0,-21.741135827415224
2025-06-06 03:00:00,2025-06-06 02:10:00,0.0,0.0,0.0,0.0,0.0,17.6,1.64,100,100,6,0,-18.508004027809488
2025-06-06 04:00:00,2025-06-06 03:10:00,0.0,0.0,0.0,0.0,0.0,17.5,1.55,100,100,0,0,-12.965444488173091
2025-06-06 05:00:00,2025-06-06 04:10:00,0.0,0.0,0.0,0.0,0.0,17.5,1.21,100,100,0,0,-5.597103490488302
2025-06-06 06:00:00,2025-06-06 05:10:00,916.0143432617188,17.0,17.0,17.0,0.0,17.8,1.28,100,100,2,0,3.1193269275912576
2025-06-06 07:00:00,2025-06-06 06:10:00,2480.182861328125,48.0,48.0,48.0,0.0,18.2,1.39,100,100,5,10,12.775475949608062
2025-06-06 08:00:00,2025-06-06 07:10:00,4529.890625,67.0,67.0,67.0,0.0,18.8,1.32,99,97,4,52,23.032809376681367
2025-06-06 09:00:00,2025-06-06 08:10:00,7489.3369140625,163.0,163.0,163.0,0.0,19.8,1.33,84,71,1,43,33.58748621903748
2025-06-06 10:00:00,2025-06-06 09:10:00,11486.14453125,378.0,378.0,260.0,160.2,21.3,1.08,83,77,0,26,44.103441078639946
2025-06-06 11:00:00,2025-06-06 10:10:00,15260.193359375,570.0,570.0,314.0,305.2,23.0,1.08,91,61,12,73,54.07412462489084
2025-06-06 12:00:00,2025-06-06 11:10:00,15989.93359375,651.0,651.0,261.0,432.2,24.1,1.15,76,62,12,29,62.489109536132844
2025-06-06 13:00:00,2025-06-06 12:10:00,16541.01171875,590.0,590.0,242.0,377.0,24.7,0.86,72,46,28,40,67.24169553519471
2025-06-06 14:00:00,2025-06-06 13:10:00,14797.5693359375,666.0,666.0,223.0,492.5,24.4,0.95,82,11,23,74,65.93016309399447
2025-06-06 15:00:00,2025-06-06 14:10:00,13135.1201171875,604.0,604.0,205.0,478.8,24.9,1.0,80,2,30,71,59.345958410731484
2025-06-06 16:00:00,2025-06-06 15:10:00,8055.0927734375,516.0,516.0,188.0,450.0,25.2,1.8,100,12,31,100,50.11965750717401
2025-06-06 17:00:00,2025-06-06 16:10:00,3626.723388671875,282.0,282.0,198.0,141.6,24.4,2.32,100,7,18,100,39.848047069332296
2025-06-06 18:00:00,2025-06-06 17:10:00,1942.7073974609375,200.0,200.0,162.0,87.1,23.5,2.37,100,17,19,100,29.274888470559222
2025-06-06 19:00:00,2025-06-06 18:10:00,772.8011474609375,125.0,125.0,90.0,130.7,22.8,1.52,99,3,13,99,18.812275347731532
2025-06-06 20:00:00,2025-06-06 19:10:00,225.68460083007812,42.0,42.0,36.0,47.1,21.5,0.62,100,17,5,100,8.772340528057333
2025-06-06 21:00:00,2025-06-06 20:10:00,0.0,0.0,0.0,0.0,0.0,20.5,0.79,95,17,4,95,-0.532639207007783
2025-06-06 22:00:00,2025-06-06 21:10:00,0.0,0.0,0.0,0.0,0.0,19.9,0.6,99,22,3,99,-8.738194782724431
2025-06-06 23:00:00,2025-06-06 22:10:00,0.0,0.0,0.0,0.0,0.0,19.1,0.76,100,35,4,100,-15.405160345939167
2025-06-07 00:00:00,2025-06-06 23:10:00,0.0,0.0,0.0,0.0,0.0,18.7,0.98,99,90,4,89,-20.042457496666078
2025-06-07 01:00:00,2025-06-07 00:10:00,0.0,0.0,0.0,0.0,0.0,18.5,1.29,99,20,7,98,-22.20292516768511
2025-06-07 02:00:00,2025-06-07 01:10:00,0.0,0.0,0.0,0.0,0.0,18.8,0.65,49,15,23,31,-21.639227572261607
2025-06-07 03:00:00,2025-06-07 02:10:00,0.0,0.0,0.0,0.0,0.0,18.4,0.83,20,10,14,0,-18.41857153946871
2025-06-07 04:00:00,2025-06-07 03:10:00,0.0,0.0,0.0,0.0,0.0,17.8,0.4,29,22,10,7,-12.889507370159235
2025-06-07 05:00:00,2025-06-07 04:10:00,327.5299072265625,1.0,1.0,1.0,0.0,17.8,0.72,17,5,4,12,-5.53382753732192
2025-06-07 06:00:00,2025-06-07 05:10:00,1308.655029296875,40.0,40.0,28.0,90.3,18.2,0.4,20,16,5,1,3.1718801897051354
2025-06-07 07:00:00,2025-06-07 06:10:00,4079.467529296875,140.0,140.0,84.0,200.7,19.0,0.78,37,35,8,0,12.819790100504486
2025-06-07 08:00:00,2025-06-07 07:10:00,8776.193359375,275.0,275.0,134.0,315.4,20.1,1.46,63,60,7,0,23.071738415057187
2025-06-07 09:00:00,2025-06-07 08:10:00,10849.166015625,346.0,346.0,223.0,203.9,21.4,1.45,61,56,9,2,33.62445625063073
2025-06-07 10:00:00,2025-06-07 09:10:00,12590.841796875,310.0,310.0,256.0,73.3,22.0,1.66,38,26,10,7,44.14308290620325
2025-06-07 11:00:00,2025-06-07 10:10:00,15880.732421875,430.0,430.0,279.0,179.9,23.0,1.61,67,53,8,24,54.123516386207896
2025-06-07 12:00:00,2025-06-07 11:10:00,17180.486328125,696.0,696.0,252.0,491.7,24.9,1.47,71,29,20,50,62.559027823807426
2025-06-07 13:00:00,2025-06-07 12:10:00,18319.978515625,751.0,751.0,249.0,543.4,25.6,1.3,60,14,21,45,67.34038947898031
2025-06-07 14:00:00,2025-06-07 13:10:00,15303.0029296875,665.0,665.0,265.0,444.3,25.9,1.92,34,16,28,4,66.04337333837671
2025-06-07 15:00:00,2025-06-07 14:10:00,9395.939453125,491.0,491.0,277.0,256.5,25.7,2.29,44,19,35,13,59.4551909292159
2025-06-07 16:00:00,2025-06-07 15:10:00,9874.9638671875,498.0,498.0,185.0,428.7,26.1,2.77,32,1,17,18,50.22274232785793
2025-06-07 17:00:00,2025-06-07 16:10:00,5577.31884765625,421.0,421.0,168.0,425.4,25.4,2.71,39,6,11,28,39.94789881488999
2025-06-07 18:00:00,2025-06-07 17:10:00,2218.145263671875,238.0,238.0,127.0,253.6,23.8,3.33,45,35,14,1,29.374215142240008
2025-06-07 19:00:00,2025-06-07 18:10:00,1011.2871704101562,159.0,159.0,76.0,308.1,22.4,3.57,55,8,50,2,18.912989313710938
2025-06-07 20:00:00,2025-06-07 19:10:00,230.65794372558594,37.0,37.0,25.0,93.6,21.1,2.62,51,41,17,0,8.875675695376291
2025-06-07 21:00:00,2025-06-07 20:10:00,0.0,0.0,0.0,0.0,0.0,20.8,1.62,17,16,1,0,-0.42609624725087014
2025-06-07 22:00:00,2025-06-07 21:10:00,0.0,0.0,0.0,0.0,0.0,20.5,1.49,23,3,20,0,-8.628668125459127
2025-06-07 23:00:00,2025-06-07 22:10:00,0.0,0.0,0.0,0.0,0.0,19.8,0.98,17,11,7,0,-15.294016645082433
2025-06-08 00:00:00,2025-06-07 23:10:00,0.0,0.0,0.0,0.0,0.0,19.1,1.14,14,11,3,0,-19.932506000487788
2025-06-08 01:00:00,2025-06-08 00:10:00,0.0,0.0,0.0,0.0,0.0,18.5,0.91,5,4,1,0,-22.0982206949602
2025-06-08 02:00:00,2025-06-08 01:10:00,0.0,0.0,0.0,0.0,0.0,18.9,1.15,16,11,7,2,-21.543992999267605
2025-06-08 03:00:00,2025-06-08 02:10:00,0.0,0.0,0.0,0.0,0.0,18.5,1.14,75,48,5,50,-18.335720776957274
2025-06-08 04:00:00,2025-06-08 03:10:00,0.0,0.0,0.0,0.0,0.0,18.6,1.42,100,100,4,83,-12.819890781866727
2025-06-08 05:00:00,2025-06-08 04:10:00,332.19036865234375,1.0,1.0,1.0,0.0,18.5,1.81,100,100,0,0,-5.47654176071511
2025-06-08 06:00:00,2025-06-08 05:10:00,1233.795166015625,34.0,34.0,30.0,30.0,18.9,1.67,89,89,0,0,3.2187643050290373
2025-06-08 07:00:00,2025-06-08 06:10:00,4273.10107421875,146.0,146.0,95.0,182.5,19.6,1.38,97,97,0,0,12.858695162749079
2025-06-08 08:00:00,2025-06-08 07:10:00,8573.66796875,252.0,252.0,148.0,232.4,21.0,0.83,57,57,0,0,23.105419969835282
2025-06-08 09:00:00,2025-06-08 08:10:00,12264.833984375,380.0,380.0,188.0,318.1,22.5,0.61,44,43,3,0,33.656202824536145
2025-06-08 10:00:00,2025-06-08 09:10:00,18118.34765625,608.0,608.0,191.0,565.5,24.4,0.46,9,5,4,0,44.17733242556298
2025-06-08 11:00:00,2025-06-08 10:10:00,20533.27734375,709.0,709.0,203.0,602.6,26.0,0.36,8,3,5,0,54.16708154006877
2025-06-08 12:00:00,2025-06-08 11:10:00,21179.189453125,801.0,801.0,187.0,679.6,27.6,0.2,12,2,12,0,62.622437009893794
2025-06-08 13:00:00,2025-06-08 12:10:00,21164.494140625,817.0,817.0,190.0,678.3,28.9,0.51,5,1,5,0,67.43224170906515
2025-06-08 14:00:00,2025-06-08 13:10:00,20262.244140625,841.0,841.0,160.0,755.7,29.8,1.01,12,0,12,0,66.15064377476068
2025-06-08 15:00:00,2025-06-08 14:10:00,16905.8046875,759.0,759.0,156.0,722.0,30.0,0.97,6,0,6,0,59.55974062919753
2025-06-08 16:00:00,2025-06-08 15:10:00,13174.373046875,646.0,646.0,136.0,697.5,30.1,1.0,13,1,13,0,50.321940970011035
2025-06-08 17:00:00,2025-06-08 16:10:00,7606.24609375,502.0,502.0,119.0,642.5,30.2,0.39,15,1,10,6,40.044216902782225
2025-06-08 18:00:00,2025-06-08 17:10:00,2516.2060546875,340.0,340.0,99.0,548.8,29.5,0.66,8,0,8,0,29.47005732728929
2025-06-08 19:00:00,2025-06-08 18:10:00,1007.60302734375,174.0,174.0,71.0,380.0,27.9,0.8,3,0,3,0,19.010055052572866
2025-06-08 20:00:00,2025-06-08 19:10:00,270.3807678222656,49.0,49.0,31.0,139.5,25.5,0.51,4,0,4,0,8.97503508177271
2025-06-08 21:00:00,2025-06-08 20:10:00,218.57968139648438,1.0,1.0,1.0,0.0,23.9,0.54,1,0,1,0,-0.3239897192240869
2025-06-08 22:00:00,2025-06-08 21:10:00,0.0,0.0,0.0,0.0,0.0,22.8,0.42,0,0,0,0,-8.524138883576034
2025-06-08 23:00:00,2025-06-08 22:10:00,0.0,0.0,0.0,0.0,0.0,21.9,0.64,3,3,0,0,-15.188476417803173
2025-06-09 00:00:00,2025-06-08 23:10:00,0.0,0.0,0.0,0.0,0.0,21.1,1.13,3,3,0,0,-19.828716621995405
2025-06-09 01:00:00,2025-06-09 00:10:00,0.0,0.0,0.0,0.0,0.0,20.0,0.81,8,8,1,0,-22.000072605741867
2025-06-09 02:00:00,2025-06-09 01:10:00,0.0,0.0,0.0,0.0,0.0,18.9,0.45,7,1,7,0,-21.455458789394914
2025-06-09 03:00:00,2025-06-09 02:10:00,0.0,0.0,0.0,0.0,0.0,18.6,0.25,22,4,19,0,-18.259465664937277
2025-06-09 04:00:00,2025-06-09 03:10:00,0.0,0.0,0.0,0.0,0.0,18.4,0.25,39,17,29,0,-12.756596512332395
2025-06-09 05:00:00,2025-06-09 04:10:00,316.86468505859375,1.0,1.0,1.0,0.0,18.0,0.83,47,16,46,0,-5.42523646161456
2025-06-09 06:00:00,2025-06-09 05:10:00,1356.293701171875,53.0,53.0,35.0,135.0,18.6,0.93,48,14,47,0,3.2599996913458833
2025-06-09 07:00:00,2025-06-09 06:10:00,4413.0068359375,181.0,181.0,79.0,364.4,20.5,0.45,39,4,39,0,12.89222135069342
2025-06-09 08:00:00,2025-06-09 07:10:00,9042.6474609375,348.0,348.0,107.0,538.2,23.0,0.36,29,1,29,0,23.13389295494674
2025-06-09 09:00:00,2025-06-09 08:10:00,14718.5986328125,497.0,497.0,138.0,594.5,25.2,0.15,25,1,22,3,33.68277205599014
2025-06-09 10:00:00,2025-06-09 09:10:00,15491.646484375,614.0,614.0,182.0,585.6,26.5,0.99,96,0,96,10,44.20624016191511
2025-06-09 11:00:00,2025-06-09 10:10:00,20030.158203125,726.0,726.0,201.0,625.0,27.1,2.58,43,0,37,10,54.204867924739176
2025-06-09 12:00:00,2025-06-09 11:10:00,20009.603515625,790.0,790.0,232.0,617.4,27.6,3.29,40,0,35,7,62.67936257812864
2025-06-09 13:00:00,2025-06-09 12:10:00,14955.017578125,763.0,763.0,267.0,536.2,28.0,3.59,94,93,92,0,67.5172248581261
2025-06-09 14:00:00,2025-06-09 13:10:00,20206.861328125,880.0,880.0,141.0,819.4,29.7,2.55,8,6,4,0,66.25191498889811
2025-06-09 15:00:00,2025-06-09 14:10:00,16104.9873046875,806.0,806.0,133.0,804.9,30.2,2.97,99,1,99,0,59.65954746405606
2025-06-09 16:00:00,2025-06-09 15:10:00,11481.8955078125,659.0,659.0,148.0,697.8,29.8,3.04,100,0,100,0,50.417192211765524
2025-06-09 17:00:00,2025-06-09 16:10:00,6572.22265625,461.0,461.0,141.0,535.7,29.2,2.98,100,4,100,0,40.13693653079626
2025-06-09 18:00:00,2025-06-09 17:10:00,2329.30126953125,287.0,287.0,125.0,367.7,28.2,3.24,72,5,72,0,29.562346476033525
2025-06-09 19:00:00,2025-06-09 18:10:00,1006.4203491210938,158.0,158.0,78.0,293.5,27.0,3.44,98,23,98,0,19.103401170048517
2025-06-09 20:00:00,2025-06-09 19:10:00,270.20050048828125,49.0,49.0,32.0,131.0,25.5,2.31,29,13,18,0,9.070345992840561
2025-06-09 21:00:00,2025-06-09 20:10:00,222.23614501953125,1.0,1.0,1.0,0.0,24.3,1.95,38,22,20,0,-0.22639142975497376
2025-06-09 22:00:00,2025-06-09 21:10:00,0.0,0.0,0.0,0.0,0.0,23.4,1.45,34,24,31,0,-8.424675076459335
2025-06-09 23:00:00,2025-06-09 22:10:00,0.0,0.0,0.0,0.0,0.0,22.5,1.39,9,7,4,0,-15.088600452538545
2025-06-10 00:00:00,2025-06-09 23:10:00,0.0,0.0,0.0,0.0,0.0,21.6,1.71,10,6,6,0,-19.731139611259653
2025-06-10 01:00:00,2025-06-10 00:10:00,0.0,0.0,0.0,0.0,0.0,20.6,2.08,12,10,3,0,-21.908518454994585
2025-06-10 02:00:00,2025-06-10 01:10:00,0.0,0.0,0.0,0.0,0.0,20.7,1.67,16,16,0,0,-21.373649236770003
2025-06-10 03:00:00,2025-06-10 02:10:00,0.0,0.0,0.0,0.0,0.0,20.0,2.18,12,12,0,0,-18.18981765485466
2025-06-10 04:00:00,2025-06-10 03:10:00,0.0,0.0,0.0,0.0,0.0,19.2,1.93,27,27,3,0,-12.699623829502919
2025-06-10 05:00:00,2025-06-10 04:10:00,351.23760986328125,1.0,1.0,1.0,0.0,18.7,1.82,27,27,0,0,-5.379899443036373
2025-06-10 06:00:00,2025-06-10 05:10:00,1352.37646484375,51.0,51.0,34.0,127.3,19.1,1.45,53,45,20,0,3.29560916902969
2025-06-10 07:00:00,2025-06-10 06:10:00,4332.38330078125,159.0,159.0,79.0,285.5,20.4,1.22,41,40,9,0,12.920401135290662
2025-06-10 08:00:00,2025-06-10 07:10:00,9030.3955078125,304.0,304.0,126.0,397.3,22.1,1.82,24,24,1,0,23.157198377961176
2025-06-10 09:00:00,2025-06-10 08:10:00,13553.759765625,461.0,461.0,161.0,496.6,23.6,1.91,9,8,1,0,33.704212025147655
2025-06-10 10:00:00,2025-06-10 09:10:00,16930.189453125,549.0,549.0,222.0,443.2,25.0,1.35,57,56,2,0,44.22985861121581
2025-06-10 11:00:00,2025-06-10 10:10:00,16195.3662109375,517.0,517.0,236.0,334.4,25.5,0.99,72,72,1,0,54.2369257088332
2025-06-10 12:00:00,2025-06-10 11:10:00,18049.37890625,635.0,635.0,307.0,362.7,26.6,0.81,45,44,1,0,62.729833297213645
2025-06-10 13:00:00,2025-06-10 12:10:00,16955.48046875,594.0,594.0,312.0,304.7,27.4,0.39,8,5,4,0,67.59531498479893
2025-06-10 14:00:00,2025-06-10 13:10:00,17084.48046875,701.0,701.0,293.0,452.1,29.4,0.46,18,10,9,0,66.34712849023043
2025-06-10 15:00:00,2025-06-10 14:10:00,15059.5966796875,691.0,691.0,218.0,565.1,30.4,0.57,38,34,6,0,59.75455079724473
2025-06-10 16:00:00,2025-06-10 15:10:00,13158.833984375,634.0,634.0,134.0,681.9,30.9,0.29,6,1,3,2,50.50843407157208
2025-06-10 17:00:00,2025-06-10 16:10:00,7321.48388671875,495.0,495.0,123.0,621.5,30.5,1.28,77,3,4,75,40.22599243304366
2025-06-10 18:00:00,2025-06-10 17:10:00,2500.113525390625,337.0,337.0,97.0,543.2,30.0,1.49,72,4,4,70,29.65101400419793
2025-06-10 19:00:00,2025-06-10 18:10:00,989.6095581054688,176.0,176.0,81.0,346.8,29.2,1.06,76,3,0,75,19.19295670399009
2025-06-10 20:00:00,2025-06-10 19:10:00,243.30361938476562,52.0,52.0,34.0,137.9,27.9,0.89,100,0,0,100,9.161536637169636
2025-06-10 21:00:00,2025-06-10 20:10:00,221.65911865234375,1.0,1.0,1.0,0.0,26.1,1.79,7,0,0,7,-0.13337183357530544
2025-06-10 22:00:00,2025-06-10 21:10:00,0.0,0.0,0.0,0.0,0.0,24.8,1.58,24,0,0,24,-8.330342978796551
2025-06-10 23:00:00,2025-06-10 22:10:00,0.0,0.0,0.0,0.0,0.0,23.8,0.92,73,0,0,73,-14.994447496466467
2025-06-11 00:00:00,2025-06-10 23:10:00,0.0,0.0,0.0,0.0,0.0,22.8,0.88,53,0,0,53,-19.639822994147437
2025-06-11 01:00:00,2025-06-11 00:10:00,0.0,0.0,0.0,0.0,0.0,21.7,1.07,5,0,0,5,-21.823593470475792
2025-06-11 02:00:00,2025-06-11 01:10:00,0.0,0.0,0.0,0.0,0.0,21.0,0.63,16,0,0,16,-21.298586225748704
2025-06-11 03:00:00,2025-06-11 02:10:00,0.0,0.0,0.0,0.0,0.0,20.4,0.45,10,0,0,10,-18.12678571094958
2025-06-11 04:00:00,2025-06-11 03:10:00,0.0,0.0,0.0,0.0,0.0,19.5,0.95,8,0,0,8,-12.648969477874978
2025-06-11 05:00:00,2025-06-11 04:10:00,343.306884765625,1.0,1.0,1.0,0.0,19.0,0.86,20,0,0,20,-5.340516021782668
2025-06-11 06:00:00,2025-06-11 05:10:00,1405.030029296875,57.0,57.0,35.0,164.6,20.0,0.67,1,0,0,1,3.325617933178109
2025-06-11 07:00:00,2025-06-11 06:10:00,4449.703125,194.0,194.0,75.0,424.3,22.0,0.56,0,0,0,0,12.943269198145092
2025-06-11 08:00:00,2025-06-11 07:10:00,10465.1357421875,361.0,361.0,98.0,586.8,24.1,0.67,0,0,0,0,23.175379273757102
2025-06-11 09:00:00,2025-06-11 08:10:00,14881.5791015625,531.0,531.0,116.0,686.8,26.6,0.57,0,0,0,0,33.72057268703987
2025-06-11 10:00:00,2025-06-11 09:10:00,18870.75,681.0,681.0,128.0,749.3,29.1,0.05,0,0,0,0,44.2482421219648
2025-06-11 11:00:00,2025-06-11 10:10:00,21400.134765625,799.0,799.0,136.0,788.9,30.6,0.65,0,0,0,0,54.26330724555713
2025-06-11 12:00:00,2025-06-11 11:10:00,22058.59375,873.0,873.0,142.0,808.1,31.8,0.78,0,0,0,0,62.773881096960196
2025-06-11 13:00:00,2025-06-11 12:10:00,21991.9140625,896.0,896.0,145.0,811.1,32.7,0.92,3,0,3,0,67.6664916240216
2025-06-11 14:00:00,2025-06-11 13:10:00,20268.05859375,879.0,879.0,141.0,817.1,33.7,1.48,5,0,5,0,66.43622682233243
2025-06-11 15:00:00,2025-06-11 14:10:00,17486.984375,785.0,785.0,136.0,774.7,33.9,1.46,7,0,7,0,59.84468946450506
2025-06-11 16:00:00,2025-06-11 15:10:00,13047.5224609375,665.0,665.0,130.0,728.6,33.8,1.35,4,0,4,0,50.59560386092988
2025-06-11 17:00:00,2025-06-11 16:10:00,7609.21826171875,502.0,502.0,117.0,642.1,33.5,1.2,16,0,8,8,40.31131893618914
2025-06-11 18:00:00,2025-06-11 17:10:00,2447.65234375,330.0,330.0,104.0,510.0,32.7,2.1,11,0,10,1,29.73599135327704
2025-06-11 19:00:00,2025-06-11 18:10:00,992.4496459960938,176.0,176.0,74.0,370.5,31.0,2.77,17,3,15,3,19.278651186743986
2025-06-11 20:00:00,2025-06-11 19:10:00,270.4456481933594,52.0,52.0,33.0,144.8,29.2,2.27,5,1,4,0,9.24853618776375
2025-06-11 21:00:00,2025-06-11 20:10:00,227.49391174316406,1.0,1.0,1.0,0.0,27.5,1.7,1,0,1,0,-0.044999976070330724
2025-06-11 22:00:00,2025-06-11 21:10:00,0.0,0.0,0.0,0.0,0.0,26.4,1.37,1,0,1,0,-8.241207070284252
2025-06-11 23:00:00,2025-06-11 22:10:00,0.0,0.0,0.0,0.0,0.0,25.4,1.8,1,0,1,0,-14.906074213521793
2025-06-12 00:00:00,2025-06-11 23:10:00,0.0,0.0,0.0,0.0,0.0,24.7,1.77,2,2,1,0,-19.5548125380331
2025-06-12 01:00:00,2025-06-12 00:10:00,0.0,0.0,0.0,0.0,0.0,24.1,1.79,4,3,4,0,-21.745330524819362
2025-06-12 02:00:00,2025-06-12 01:10:00,0.0,0.0,0.0,0.0,0.0,23.6,0.72,0,0,0,0,-21.23028920955937
2025-06-12 03:00:00,2025-06-12 02:10:00,0.0,0.0,0.0,0.0,0.0,23.1,0.96,1,0,1,0,-18.07037629753937
2025-06-12 04:00:00,2025-06-12 03:10:00,0.0,0.0,0.0,0.0,0.0,22.5,1.14,0,0,0,0,-12.604627677143506
2025-06-12 05:00:00,2025-06-12 04:10:00,350.5185546875,1.0,1.0,1.0,0.0,21.8,1.11,7,0,7,0,-5.307069040943689
2025-06-12 06:00:00,2025-06-12 05:10:00,1364.4244384765625,55.0,55.0,35.0,149.5,22.4,1.36,10,0,10,0,3.350053525187159
2025-06-12 07:00:00,2025-06-12 06:10:00,4378.3642578125,185.0,185.0,78.0,381.2,24.0,1.41,3,1,2,0,12.960862385277185
2025-06-12 08:00:00,2025-06-12 07:10:00,9340.294921875,345.0,345.0,107.0,530.9,25.5,2.04,2,1,2,0,23.188480638230004
2025-06-12 09:00:00,2025-06-12 08:10:00,14897.5439453125,516.0,516.0,125.0,647.0,27.4,2.19,1,0,1,0,33.73190578186883
2025-06-12 10:00:00,2025-06-12 09:10:00,18745.73046875,669.0,669.0,135.0,723.4,29.0,1.88,0,0,0,0,44.26144677728896
2025-06-12 11:00:00,2025-06-12 10:10:00,21362.265625,782.0,782.0,140.0,763.7,30.2,1.44,8,0,8,0,54.284066925681934
2025-06-12 12:00:00,2025-06-12 11:10:00,20993.322265625,799.0,799.0,168.0,697.4,31.1,0.75,24,0,5,20,62.811540937117655
2025-06-12 13:00:00,2025-06-12 12:10:00,20251.408203125,791.0,791.0,213.0,624.0,32.3,0.5,34,0,12,26,67.7307378280918
2025-06-12 14:00:00,2025-06-12 13:10:00,17987.169921875,729.0,729.0,215.0,568.8,32.8,1.5,44,1,12,36,66.51915367786495
2025-06-12 15:00:00,2025-06-12 14:10:00,15386.099609375,701.0,701.0,205.0,591.5,33.3,1.8,64,2,13,58,59.92990184217145
2025-06-12 16:00:00,2025-06-12 15:10:00,10525.689453125,602.0,602.0,188.0,563.2,33.3,1.61,87,3,4,86,50.67863824081259
2025-06-12 17:00:00,2025-06-12 16:10:00,5984.361328125,443.0,443.0,187.0,426.2,33.0,1.61,34,5,4,29,40.392850017421864
2025-06-12 18:00:00,2025-06-12 17:10:00,2501.8955078125,316.0,316.0,121.0,438.9,32.7,0.81,47,3,3,45,29.817210051249717
2025-06-12 19:00:00,2025-06-12 18:10:00,984.2892456054688,156.0,156.0,84.0,260.3,32.0,0.64,51,0,0,50,19.360414706827925
2025-06-12 20:00:00,2025-06-12 19:10:00,268.69232177734375,48.0,48.0,35.0,98.6,30.8,0.45,20,4,2,15,9.331274841983944
2025-06-12 21:00:00,2025-06-12 20:10:00,224.007080078125,1.0,1.0,1.0,0.0,29.1,1.98,14,0,0,14,0.038656561965910385
2025-06-12 22:00:00,2025-06-12 21:10:00,0.0,0.0,0.0,0.0,0.0,27.9,1.49,30,0,1,29,-8.157329987608538
2025-06-12 23:00:00,2025-06-12 22:10:00,0.0,0.0,0.0,0.0,0.0,27.0,1.46,46,0,2,45,-14.823535144708206
2025-06-13 00:00:00,2025-06-12 23:10:00,0.0,0.0,0.0,0.0,0.0,26.2,1.66,20,0,0,20,-19.476151719658656
2025-06-13 01:00:00,2025-06-13 00:10:00,0.0,0.0,0.0,0.0,0.0,25.6,1.29,3,0,1,2,-21.67376010953943
2025-06-13 02:00:00,2025-06-13 01:10:00,0.0,0.0,0.0,0.0,0.0,25.3,0.51,9,0,8,1,-21.16877519058592
2025-06-13 03:00:00,2025-06-13 02:10:00,0.0,0.0,0.0,0.0,0.0,24.7,0.25,3,0,3,0,-18.020593367642125
2025-06-13 04:00:00,2025-06-13 03:10:00,0.0,0.0,0.0,0.0,0.0,24.0,0.46,0,0,0,0,-12.566590121922438
2025-06-13 05:00:00,2025-06-13 04:10:00,354.936279296875,1.0,1.0,1.0,0.0,23.5,0.72,0,0,0,0,-5.279538883233643
2025-06-13 06:00:00,2025-06-13 05:10:00,1345.5115966796875,55.0,55.0,35.0,149.4,24.0,1.06,5,0,0,5,3.368945803749318
2025-06-13 07:00:00,2025-06-13 06:10:00,4318.52587890625,184.0,184.0,74.0,391.8,25.5,0.76,2,0,0,2,12.9732196606301
2025-06-13 08:00:00,2025-06-13 07:10:00,9688.759765625,347.0,347.0,101.0,548.7,27.5,0.85,0,0,0,0,23.196549362129762
2025-06-13 09:00:00,2025-06-13 08:10:00,14955.4541015625,512.0,512.0,119.0,650.3,29.6,0.74,0,0,0,0,33.73826474582942
2025-06-13 10:00:00,2025-06-13 09:10:00,18689.119140625,659.0,659.0,132.0,713.9,31.4,0.91,0,0,0,0,44.26953027768096
2025-06-13 11:00:00,2025-06-13 10:10:00,21254.439453125,783.0,783.0,136.0,769.5,32.4,0.97,3,2,1,0,54.299261029878124
2025-06-13 12:00:00,2025-06-13 11:10:00,20853.759765625,803.0,803.0,168.0,701.6,33.1,0.72,29,2,6,24,62.84285066967769
2025-06-13 13:00:00,2025-06-13 12:10:00,19137.1953125,716.0,716.0,212.0,543.9,33.3,0.32,66,2,11,61,67.78804019801628
2025-06-13 14:00:00,2025-06-13 13:10:00,16123.787109375,639.0,639.0,315.0,358.3,33.0,1.55,86,0,8,85,66.59585401766395
2025-06-13 15:00:00,2025-06-13 14:10:00,12050.396484375,580.0,580.0,263.0,377.7,34.2,0.86,100,0,4,100,60.010125921704905
2025-06-13 16:00:00,2025-06-13 15:10:00,8949.4248046875,479.0,479.0,275.0,277.2,32.3,1.62,98,2,15,97,50.7574732819404
2025-06-13 17:00:00,2025-06-13 16:10:00,4658.44482421875,343.0,343.0,190.0,254.3,32.3,1.0,92,0,14,90,40.470519364273585
2025-06-13 18:00:00,2025-06-13 17:10:00,1996.1456298828125,174.0,174.0,139.0,78.6,31.2,2.02,99,0,8,99,29.89460177370767
2025-06-13 19:00:00,2025-06-13 18:10:00,653.6929931640625,73.0,73.0,67.0,21.6,29.8,2.05,99,0,0,99,19.438177969957636
2025-06-13 20:00:00,2025-06-13 19:10:00,230.05825805664062,25.0,25.0,24.0,7.6,29.0,1.49,99,0,1,99,9.409683880049181
2025-06-13 21:00:00,2025-06-13 20:10:00,225.99899291992188,1.0,1.0,1.0,0.0,28.1,1.57,96,0,0,96,0.11753171759244789
2025-06-13 22:00:00,2025-06-13 21:10:00,0.0,0.0,0.0,0.0,0.0,27.2,1.0,90,0,0,90,-8.078772478686504
2025-06-13 23:00:00,2025-06-13 22:10:00,0.0,0.0,0.0,0.0,0.0,26.4,0.87,31,0,0,31,-14.746882670708779
2025-06-14 00:00:00,2025-06-13 23:10:00,0.0,0.0,0.0,0.0,0.0,25.7,0.85,10,0,0,10,-19.403881695166234
2025-06-14 01:00:00,2025-06-14 00:10:00,0.0,0.0,0.0,0.0,0.0,25.0,1.04,0,0,0,0,-21.608910310997977
2025-06-14 02:00:00,2025-06-14 01:10:00,0.0,0.0,0.0,0.0,0.0,25.8,0.56,0,0,0,0,-21.114058702350174
2025-06-14 03:00:00,2025-06-14 02:10:00,0.0,0.0,0.0,0.0,0.0,24.9,2.26,13,9,0,4,-17.977438353008896
2025-06-14 04:00:00,2025-06-14 03:10:00,0.0,0.0,0.0,0.0,0.0,23.9,1.1,8,7,3,0,-12.534845982605049
2025-06-14 05:00:00,2025-06-14 04:10:00,289.00384521484375,1.0,1.0,1.0,0.0,22.0,4.53,99,39,7,98,-5.257903485214691
2025-06-14 06:00:00,2025-06-14 05:10:00,1076.04345703125,25.0,25.0,20.0,37.3,21.2,0.85,98,33,8,97,3.3823269152477553
2025-06-14 07:00:00,2025-06-14 06:10:00,2880.3154296875,133.0,133.0,99.0,121.1,22.6,1.1,96,28,5,94,12.980382059333417
2025-06-14 08:00:00,2025-06-14 07:10:00,6174.0966796875,256.0,256.0,164.0,205.2,24.4,0.98,100,1,0,100,23.199634165106193
2025-06-14 09:00:00,2025-06-14 08:10:00,9980.025390625,445.0,445.0,204.0,398.8,26.8,0.96,100,1,0,100,33.73970462263264
2025-06-14 10:00:00,2025-06-14 09:10:00,15628.72265625,540.0,540.0,267.0,369.8,28.5,0.43,100,0,0,100,44.272551824727415
2025-06-14 11:00:00,2025-06-14 10:10:00,18376.818359375,706.0,706.0,252.0,539.9,30.3,1.1,99,0,1,99,54.308947581030644
2025-06-14 12:00:00,2025-06-14 11:10:00,19936.466796875,833.0,833.0,183.0,718.0,31.8,1.3,100,1,5,100,62.867850895488075
2025-06-14 13:00:00,2025-06-14 12:10:00,16069.30078125,709.0,709.0,293.0,448.7,31.6,3.21,95,0,18,95,67.83838890480868
2025-06-14 14:00:00,2025-06-14 13:10:00,11464.919921875,450.0,450.0,354.0,106.1,31.9,2.3,88,0,2,88,66.66627419353051
2025-06-14 15:00:00,2025-06-14 14:10:00,14601.765625,667.0,667.0,232.0,518.0,33.6,0.87,33,0,2,32,60.0852993905632
2025-06-14 16:00:00,2025-06-14 15:10:00,12534.796875,661.0,661.0,144.0,701.7,33.9,2.87,62,0,3,61,50.832044529039656
2025-06-14 17:00:00,2025-06-14 16:10:00,5556.42919921875,326.0,326.0,149.0,293.7,33.5,2.8,60,0,3,58,40.5442604363878
2025-06-14 18:00:00,2025-06-14 17:10:00,2256.459228515625,235.0,235.0,122.0,253.1,32.2,2.09,11,0,7,3,29.96809840547111
2025-06-14 19:00:00,2025-06-14 18:10:00,997.293212890625,169.0,169.0,84.0,304.8,31.6,2.1,23,0,7,21,19.51187235947706
2025-06-14 20:00:00,2025-06-14 19:10:00,250.36997985839844,54.0,54.0,36.0,135.4,30.5,1.46,36,0,8,31,9.483695722134788
2025-06-14 21:00:00,2025-06-14 20:10:00,231.48452758789062,1.0,1.0,1.0,0.0,29.6,0.75,3,0,1,2,0.19156099703182014
2025-06-14 22:00:00,2025-06-14 21:10:00,0.0,0.0,0.0,0.0,0.0,28.8,0.5,0,0,0,0,-8.005593359149318
2025-06-14 23:00:00,2025-06-14 22:10:00,0.0,0.0,0.0,0.0,0.0,28.0,0.3,0,0,0,0,-14.676166976791887
2025-06-15 00:00:00,2025-06-14 23:10:00,0.0,0.0,0.0,0.0,0.0,27.0,0.46,0,0,0,0,-19.338041272321874
2025-06-15 01:00:00,2025-06-15 00:10:00,0.0,0.0,0.0,0.0,0.0,26.1,0.11,0,0,0,0,-21.55080678837704
2025-06-15 02:00:00,2025-06-15 01:10:00,0.0,0.0,0.0,0.0,0.0,22.2,1.1,5,5,0,0,-21.06615179325106
2025-06-15 03:00:00,2025-06-15 02:10:00,0.0,0.0,0.0,0.0,0.0,22.2,2.0,1,1,0,0,-17.940910155632658
2025-06-15 04:00:00,2025-06-15 03:10:00,0.0,0.0,0.0,0.0,0.0,22.1,1.27,20,1,0,20,-12.509381907433502
2025-06-15 05:00:00,2025-06-15 04:10:00,300.88720703125,1.0,1.0,1.0,0.0,21.9,1.81,98,0,0,98,-5.242138352466651
2025-06-15 06:00:00,2025-06-15 05:10:00,1195.118896484375,51.0,51.0,41.0,74.7,22.6,1.77,100,0,42,100,3.390231263513856
2025-06-15 07:00:00,2025-06-15 06:10:00,2432.30810546875,87.0,87.0,76.0,39.2,23.5,0.85,98,0,75,95,12.982392640731124
2025-06-15 08:00:00,2025-06-15 07:10:00,3829.79296875,110.0,110.0,105.0,11.2,24.2,0.79,100,0,66,100,23.19778553002798
2025-06-15 09:00:00,2025-06-15 08:10:00,12097.4775390625,387.0,387.0,230.0,259.8,27.3,0.32,9,0,8,2,33.736281975886214
2025-06-15 10:00:00,2025-06-15 09:10:00,18478.837890625,643.0,643.0,161.0,653.0,30.1,0.45,3,0,1,2,44.270572006137186
2025-06-15 11:00:00,2025-06-15 10:10:00,21159.953125,782.0,782.0,140.0,763.5,32.2,0.94,12,0,6,8,54.313186197128985
2025-06-15 12:00:00,2025-06-15 11:10:00,20945.1484375,827.0,827.0,165.0,731.2,33.8,0.7,42,0,2,41,62.88658481604074
2025-06-15 13:00:00,2025-06-15 12:10:00,20020.080078125,816.0,816.0,215.0,648.1,34.2,1.28,72,0,14,68,67.8817777004741
2025-06-15 14:00:00,2025-06-15 13:10:00,15830.19140625,645.0,645.0,292.0,390.0,32.7,1.66,90,0,18,88,66.73036207422533
2025-06-15 15:00:00,2025-06-15 14:10:00,10790.193359375,542.0,542.0,252.0,345.1,32.2,1.52,99,0,12,99,60.15535971947851
2025-06-15 16:00:00,2025-06-15 15:10:00,7031.6328125,426.0,426.0,279.0,199.3,32.8,0.25,97,0,3,97,50.90228706922086
2025-06-15 17:00:00,2025-06-15 16:10:00,4963.65234375,382.0,382.0,197.0,306.6,33.0,1.3,86,0,4,85,40.61400652934386
2025-06-15 18:00:00,2025-06-15 17:10:00,2332.194091796875,289.0,289.0,158.0,292.8,33.0,1.54,51,0,6,48,30.037632102768494
2025-06-15 19:00:00,2025-06-15 18:10:00,991.5106201171875,162.0,162.0,89.0,260.8,32.6,0.6,33,0,1,32,19.581429996249984
2025-06-15 20:00:00,2025-06-15 19:10:00,249.23524475097656,53.0,53.0,35.0,134.9,31.4,1.78,33,0,7,28,9.553243984116202
2025-06-15 21:00:00,2025-06-15 20:10:00,221.6337890625,1.0,1.0,1.0,0.0,29.1,2.69,44,0,6,41,0.26068152506728137
2025-06-15 22:00:00,2025-06-15 21:10:00,0.0,0.0,0.0,0.0,0.0,26.5,3.63,12,0,1,10,-7.937849471039635
2025-06-15 23:00:00,2025-06-15 22:10:00,0.0,0.0,0.0,0.0,0.0,25.4,2.54,47,0,2,46,-14.611436020002927
2025-06-16 00:00:00,2025-06-15 23:10:00,0.0,0.0,0.0,0.0,0.0,24.8,1.75,65,0,1,65,-19.278666884943757
2025-06-16 01:00:00,2025-06-16 00:10:00,0.0,0.0,0.0,0.0,0.0,24.4,0.85,2,0,0,2,-21.499472753691446
2025-06-16 02:00:00,2025-06-16 01:10:00,0.0,0.0,0.0,0.0,0.0,24.4,0.32,0,0,0,0,-21.025064012115383
2025-06-16 03:00:00,2025-06-16 02:10:00,0.0,0.0,0.0,0.0,0.0,23.4,0.21,0,0,0,0,-17.91100514080146
2025-06-16 04:00:00,2025-06-16 03:10:00,0.0,0.0,0.0,0.0,0.0,22.6,0.11,1,0,1,0,-12.490182025848284
2025-06-16 05:00:00,2025-06-16 04:10:00,353.43072509765625,1.0,1.0,1.0,0.0,22.0,0.98,3,1,2,0,-5.232216575765664
2025-06-16 06:00:00,2025-06-16 05:10:00,1398.7977294921875,57.0,57.0,35.0,164.4,22.1,0.5,2,2,0,0,3.392695478907327
2025-06-16 07:00:00,2025-06-16 06:10:00,4365.28955078125,191.0,191.0,75.0,413.4,23.9,0.28,1,0,1,0,12.979296441169966
2025-06-16 08:00:00,2025-06-16 07:10:00,9702.240234375,359.0,359.0,99.0,580.3,26.6,0.49,0,0,0,0,23.191055637627468
2025-06-16 09:00:00,2025-06-16 08:10:00,14835.5341796875,525.0,525.0,117.0,675.4,28.9,0.98,0,0,0,0,33.72805480247068
2025-06-16 10:00:00,2025-06-16 09:10:00,17689.0703125,674.0,674.0,129.0,738.4,29.9,2.29,55,0,52,6,44.263652682356266
2025-06-16 11:00:00,2025-06-16 10:10:00,20832.513671875,729.0,729.0,162.0,674.3,30.9,2.64,28,0,23,8,54.31203794530104
2025-06-16 12:00:00,2025-06-16 11:10:00,21004.943359375,753.0,753.0,186.0,626.2,31.8,2.5,11,0,11,0,62.899098081318414
2025-06-16 13:00:00,2025-06-16 12:10:00,21014.119140625,840.0,840.0,168.0,724.5,32.8,2.44,5,0,5,0,67.9182039185095
2025-06-16 14:00:00,2025-06-16 13:10:00,19180.0,739.0,739.0,171.0,627.3,33.8,1.88,14,0,14,0,66.7880671741097
2025-06-16 15:00:00,2025-06-16 14:10:00,15722.8525390625,709.0,709.0,168.0,643.4,34.0,2.35,16,0,9,9,60.22024425617306
2025-06-16 16:00:00,2025-06-16 15:10:00,12706.5400390625,650.0,650.0,135.0,697.7,33.8,2.99,11,0,5,6,50.968135604590735
2025-06-16 17:00:00,2025-06-16 16:10:00,6511.41650390625,494.0,494.0,125.0,610.7,32.2,3.9,18,0,11,8,40.679690840635274
2025-06-16 18:00:00,2025-06-16 17:10:00,2463.70849609375,300.0,300.0,106.0,432.8,30.4,3.41,27,0,27,1,30.103135356059166
2025-06-16 19:00:00,2025-06-16 18:10:00,898.9901123046875,137.0,137.0,77.0,213.7,28.7,2.71,40,5,35,6,19.646783798077912
2025-06-16 20:00:00,2025-06-16 19:10:00,271.7622375488281,48.0,48.0,32.0,119.5,27.4,3.4,17,0,17,0,9.618263532011765
2025-06-16 21:00:00,2025-06-16 20:10:00,224.59078979492188,1.0,1.0,1.0,0.0,26.2,3.11,22,0,22,0,0.3248320925715859
2025-06-16 22:00:00,2025-06-16 21:10:00,0.0,0.0,0.0,0.0,0.0,25.4,3.32,35,1,35,0,-7.8755956436898344
2025-06-16 23:00:00,2025-06-16 22:10:00,0.0,0.0,0.0,0.0,0.0,25.1,2.95,34,3,34,0,-14.552735498626815
2025-06-17 00:00:00,2025-06-16 23:10:00,0.0,0.0,0.0,0.0,0.0,24.4,1.84,33,5,33,0,-19.22579256954367
2025-06-17 01:00:00,2025-06-17 00:10:00,0.0,0.0,0.0,0.0,0.0,23.8,1.27,60,0,60,0,-21.45492895387468
2025-06-17 02:00:00,2025-06-17 01:10:00,0.0,0.0,0.0,0.0,0.0,21.6,1.87,18,0,18,0,-20.990802395612985
2025-06-17 03:00:00,2025-06-17 02:10:00,0.0,0.0,0.0,0.0,0.0,21.0,1.82,7,0,7,0,-17.887717131762784
2025-06-17 04:00:00,2025-06-17 03:10:00,0.0,0.0,0.0,0.0,0.0,20.4,1.61,7,0,7,0,-12.477227953190141
2025-06-17 05:00:00,2025-06-17 04:10:00,354.3260498046875,1.0,1.0,1.0,0.0,19.9,1.75,5,0,5,0,-5.228108848337485
2025-06-17 06:00:00,2025-06-17 05:10:00,1400.5220947265625,57.0,57.0,36.0,157.1,20.2,1.84,3,0,3,0,3.3897583866724266
2025-06-17 07:00:00,2025-06-17 06:10:00,4337.5986328125,189.0,189.0,77.0,399.5,21.5,2.07,5,0,4,1,12.971140426535905
2025-06-17 08:00:00,2025-06-17 07:10:00,10124.1279296875,364.0,364.0,104.0,580.6,23.0,2.46,11,0,11,0,23.179498301509874
2025-06-17 09:00:00,2025-06-17 08:10:00,13586.2421875,529.0,529.0,119.0,679.0,24.4,2.2,81,0,12,79,33.71508244702956
2025-06-17 10:00:00,2025-06-17 09:10:00,18222.228515625,671.0,671.0,146.0,711.5,25.9,1.88,78,0,7,76,44.251856875029425
2025-06-17 11:00:00,2025-06-17 10:10:00,20105.83984375,749.0,749.0,190.0,664.9,27.2,1.24,85,1,0,84,54.30556519752846
2025-06-17 12:00:00,2025-06-17 11:10:00,18602.60546875,818.0,818.0,224.0,656.0,29.6,0.86,99,0,45,98,62.905438634596656
2025-06-17 13:00:00,2025-06-17 12:10:00,13385.427734375,687.0,687.0,343.0,370.8,31.1,0.82,100,0,97,99,67.94766846383898
2025-06-17 14:00:00,2025-06-17 13:10:00,14816.806640625,749.0,749.0,316.0,478.0,29.8,2.34,100,3,3,100,66.83934078381719
2025-06-17 15:00:00,2025-06-17 14:10:00,13255.78515625,710.0,710.0,288.0,501.6,30.2,2.29,100,1,0,100,60.279890325497576
2025-06-17 16:00:00,2025-06-17 15:10:00,9262.2333984375,594.0,594.0,259.0,453.5,30.2,2.3,100,0,0,100,51.02952452919839
2025-06-17 17:00:00,2025-06-17 16:10:00,6138.60107421875,461.0,461.0,216.0,405.0,29.8,2.06,100,0,2,100,40.74124653789785
2025-06-17 18:00:00,2025-06-17 17:10:00,2342.366943359375,311.0,311.0,159.0,338.5,29.1,1.6,98,0,2,98,30.16454105357798
2025-06-17 19:00:00,2025-06-17 18:10:00,991.01611328125,179.0,179.0,98.0,287.6,28.5,1.97,94,0,3,94,19.70786753871021
2025-06-17 20:00:00,2025-06-17 19:10:00,250.74574279785156,57.0,57.0,36.0,156.3,27.1,2.3,19,0,6,14,9.678690535182746
2025-06-17 21:00:00,2025-06-17 20:10:00,227.43052673339844,1.0,1.0,1.0,0.0,25.5,2.33,6,0,6,0,0.38395320221952306
2025-06-17 22:00:00,2025-06-17 21:10:00,0.0,0.0,0.0,0.0,0.0,24.4,1.7,0,0,0,0,-7.818884656741082
2025-06-17 23:00:00,2025-06-17 22:10:00,0.0,0.0,0.0,0.0,0.0,23.6,0.74,3,3,0,0,-14.5001088238999
2025-06-18 00:00:00,2025-06-17 23:10:00,0.0,0.0,0.0,0.0,0.0,22.9,0.72,2,2,0,0,-19.179449944184526
2025-06-18 01:00:00,2025-06-18 00:10:00,0.0,0.0,0.0,0.0,0.0,22.4,0.99,0,0,0,0,-21.417193654965644
2025-06-18 02:00:00,2025-06-18 01:10:00,0.0,0.0,0.0,0.0,0.0,21.1,0.75,0,0,0,0,-20.96337145758535
2025-06-18 03:00:00,2025-06-18 02:10:00,0.0,0.0,0.0,0.0,0.0,20.5,0.96,0,0,0,0,-17.871037406064545
2025-06-18 04:00:00,2025-06-18 03:10:00,0.0,0.0,0.0,0.0,0.0,20.0,0.64,0,0,0,0,-12.470498796828434
2025-06-18 05:00:00,2025-06-18 04:10:00,350.40869140625,1.0,1.0,1.0,0.0,19.6,0.27,0,0,0,0,-5.229783484255684
2025-06-18 06:00:00,2025-06-18 05:10:00,1406.358642578125,58.0,58.0,35.0,172.2,20.4,0.74,0,0,0,0,3.3814609745174664
2025-06-18 07:00:00,2025-06-18 06:10:00,4394.08984375,191.0,191.0,74.0,417.8,22.2,0.43,0,0,0,0,12.957973444516467
2025-06-18 08:00:00,2025-06-18 07:10:00,9887.3740234375,359.0,359.0,98.0,583.3,24.5,0.25,0,0,0,0,23.163168903552805
2025-06-18 09:00:00,2025-06-18 08:10:00,14806.2529296875,528.0,528.0,116.0,682.7,26.5,0.29,0,0,0,0,33.69742551767448
2025-06-18 10:00:00,2025-06-18 09:10:00,18793.3125,679.0,679.0,129.0,745.6,28.0,0.85,0,0,0,0,44.235248657541796
2025-06-18 11:00:00,2025-06-18 10:10:00,21482.013671875,798.0,798.0,138.0,785.1,29.2,1.35,0,0,0,0,54.29383148854697
2025-06-18 12:00:00,2025-06-18 11:10:00,22088.078125,873.0,873.0,142.0,807.3,30.5,1.4,0,0,0,0,62.90565655509603
2025-06-18 13:00:00,2025-06-18 12:10:00,21792.7421875,901.0,901.0,142.0,818.0,31.6,1.55,6,0,0,6,67.97017579219713
2025-06-18 14:00:00,2025-06-18 13:10:00,19860.201171875,876.0,876.0,140.0,812.3,32.3,1.39,39,0,0,39,66.88413610228487
2025-06-18 15:00:00,2025-06-18 14:10:00,16777.990234375,801.0,801.0,139.0,786.4,32.8,1.44,81,0,0,81,60.33423533592974
2025-06-18 16:00:00,2025-06-18 15:10:00,12867.94921875,681.0,681.0,134.0,739.9,32.7,1.58,4,0,0,4,51.086388010393925
2025-06-18 17:00:00,2025-06-18 16:10:00,7809.77099609375,532.0,532.0,114.0,690.2,32.5,1.59,5,0,0,4,40.798606829474664
2025-06-18 18:00:00,2025-06-18 17:10:00,2672.8564453125,363.0,363.0,97.0,591.4,31.9,1.3,15,0,0,15,30.22178254568007
2025-06-18 19:00:00,2025-06-18 18:10:00,1106.9337158203125,196.0,196.0,73.0,435.5,31.1,1.0,3,0,2,0,19.764615906516653
2025-06-18 20:00:00,2025-06-18 19:10:00,270.64276123046875,59.0,59.0,35.0,178.1,29.7,1.06,2,0,1,1,9.734462518354821
2025-06-18 21:00:00,2025-06-18 20:10:00,231.71554565429688,1.0,1.0,1.0,0.0,28.0,1.23,1,0,0,1,0.4379871124394299
2025-06-18 22:00:00,2025-06-18 21:10:00,0.0,0.0,0.0,0.0,0.0,26.8,0.94,0,0,0,0,-7.767767205258369
2025-06-18 23:00:00,2025-06-18 22:10:00,0.0,0.0,0.0,0.0,0.0,25.5,0.51,0,0,0,0,-14.453597093944747
2025-06-19 00:00:00,2025-06-18 23:10:00,0.0,0.0,0.0,0.0,0.0,24.6,0.4,1,0,0,1,-19.139668189552463
2025-06-19 01:00:00,2025-06-19 00:10:00,0.0,0.0,0.0,0.0,0.0,24.0,0.07,0,0,0,0,-21.38628262842016
2025-06-19 02:00:00,2025-06-19 01:10:00,0.0,0.0,0.0,0.0,0.0,23.0,0.83,0,0,0,0,-20.942773180334314
2025-06-19 03:00:00,2025-06-19 02:10:00,0.0,0.0,0.0,0.0,0.0,22.0,0.76,0,0,0,0,-17.860954693637364
2025-06-19 04:00:00,2025-06-19 03:10:00,0.0,0.0,0.0,0.0,0.0,21.4,0.46,0,0,0,0,-12.469971163789559
2025-06-19 05:00:00,2025-06-19 04:10:00,355.38623046875,1.0,1.0,1.0,0.0,20.7,0.6,0,0,0,0,-5.237206438057199
2025-06-19 06:00:00,2025-06-19 05:10:00,1449.8883056640625,58.0,58.0,34.0,180.0,21.8,0.55,0,0,0,0,3.367846359359437
2025-06-19 07:00:00,2025-06-19 06:10:00,4680.9462890625,195.0,195.0,72.0,439.9,23.5,0.6,0,0,0,0,12.939846176558987
2025-06-19 08:00:00,2025-06-19 07:10:00,10100.1337890625,361.0,361.0,95.0,595.1,25.8,0.93,0,0,0,0,23.14212432970893
2025-06-19 09:00:00,2025-06-19 08:10:00,14806.2529296875,528.0,528.0,114.0,686.4,28.0,0.41,0,0,0,0,33.67514580298625
2025-06-19 10:00:00,2025-06-19 09:10:00,18775.412109375,678.0,678.0,126.0,748.7,29.8,0.54,0,0,0,0,44.213893047845424
2025-06-19 11:00:00,2025-06-19 10:10:00,21402.107421875,796.0,796.0,135.0,786.5,31.2,0.97,0,0,0,0,54.27690137639708
2025-06-19 12:00:00,2025-06-19 11:10:00,21948.380859375,873.0,873.0,139.0,810.7,32.6,1.02,0,0,0,0,62.89980389937185
2025-06-19 13:00:00,2025-06-19 12:10:00,21873.6875,902.0,902.0,138.0,823.3,33.7,1.09,0,0,0,0,67.98573387906923
2025-06-19 14:00:00,2025-06-19 13:10:00,19997.140625,871.0,871.0,142.0,804.3,34.1,1.77,6,0,3,3,66.92240836942291
2025-06-19 15:00:00,2025-06-19 14:10:00,17314.416015625,779.0,779.0,146.0,751.6,34.3,1.61,7,0,4,3,60.383216892317115
2025-06-19 16:00:00,2025-06-19 15:10:00,12863.572265625,665.0,665.0,130.0,723.1,34.3,1.61,6,0,4,2,51.13866007465696
2025-06-19 17:00:00,2025-06-19 16:10:00,7830.45751953125,524.0,524.0,114.0,676.3,34.1,1.7,7,0,5,3,40.85170503739596
2025-06-19 18:00:00,2025-06-19 17:10:00,2578.169189453125,357.0,357.0,95.0,581.6,33.8,1.74,9,0,9,1,30.274793710061005
2025-06-19 19:00:00,2025-06-19 18:10:00,1080.77392578125,188.0,188.0,71.0,413.2,33.2,1.5,7,0,6,0,19.816964562893098
2025-06-19 20:00:00,2025-06-19 19:10:00,270.64276123046875,58.0,58.0,34.0,177.6,31.8,1.12,1,0,0,1,9.785518412526645
2025-06-19 21:00:00,2025-06-19 20:10:00,224.07290649414062,1.0,1.0,1.0,0.0,29.8,0.43,25,0,2,24,0.4868778796663382
2025-06-19 22:00:00,2025-06-19 21:10:00,0.0,0.0,0.0,0.0,0.0,28.8,0.34,28,0,1,28,-7.722291866890741
2025-06-19 23:00:00,2025-06-19 22:10:00,0.0,0.0,0.0,0.0,0.0,28.1,0.7,28,0,0,27,-14.413239069895846
2025-06-20 00:00:00,2025-06-19 23:10:00,0.0,0.0,0.0,0.0,0.0,27.0,0.4,12,0,0,12,-19.106474032236292
2025-06-20 01:00:00,2025-06-20 00:10:00,0.0,0.0,0.0,0.0,0.0,26.1,0.54,10,0,0,9,-21.36220913956633
2025-06-20 02:00:00,2025-06-20 01:10:00,0.0,0.0,0.0,0.0,0.0,25.6,0.98,11,0,5,6,-20.929007007913793
2025-06-20 03:00:00,2025-06-20 02:10:00,0.0,0.0,0.0,0.0,0.0,24.7,0.6,9,0,9,0,-17.857455176680535
2025-06-20 04:00:00,2025-06-20 03:10:00,0.0,0.0,0.0,0.0,0.0,23.9,0.79,7,0,7,0,-12.475619169960629
2025-06-20 05:00:00,2025-06-20 04:10:00,353.8760986328125,1.0,1.0,1.0,0.0,23.4,1.17,1,0,1,0,-5.2503413256506875
2025-06-20 06:00:00,2025-06-20 05:10:00,1395.7828369140625,55.0,55.0,33.0,165.3,23.6,1.48,0,0,0,0,3.3489597531702344
2025-06-20 07:00:00,2025-06-20 06:10:00,4331.41064453125,186.0,186.0,72.0,408.5,25.2,1.21,0,0,0,0,12.91681108948559
2025-06-20 08:00:00,2025-06-20 07:10:00,9757.3359375,348.0,348.0,97.0,562.1,27.6,1.57,0,0,0,0,23.116422906212353
2025-06-20 09:00:00,2025-06-20 08:10:00,14798.40625,514.0,514.0,116.0,660.4,29.7,2.02,3,0,0,3,33.64830619037491
2025-06-20 10:00:00,2025-06-20 09:10:00,18407.240234375,661.0,661.0,131.0,719.2,31.5,1.89,13,0,0,13,44.18785590374808
2025-06-20 11:00:00,2025-06-20 10:10:00,20678.60546875,770.0,770.0,149.0,739.1,32.8,1.68,27,0,2,26,54.254840306050845
2025-06-20 12:00:00,2025-06-20 11:10:00,20323.810546875,788.0,788.0,188.0,662.8,33.8,1.88,44,0,4,42,62.8879345423091
2025-06-20 13:00:00,2025-06-20 12:10:00,17092.09765625,686.0,686.0,238.0,482.8,33.9,1.15,49,1,10,44,67.99435417838691
2025-06-20 14:00:00,2025-06-20 13:10:00,15442.330078125,681.0,681.0,248.0,477.6,33.9,1.71,86,0,1,86,66.95411499865774
2025-06-20 15:00:00,2025-06-20 14:10:00,13148.4111328125,674.0,674.0,244.0,510.4,34.2,2.03,73,0,4,73,60.42677291469466
2025-06-20 16:00:00,2025-06-20 15:10:00,8940.060546875,568.0,568.0,222.0,467.4,34.3,2.47,77,0,3,77,51.18627469792476
2025-06-20 17:00:00,2025-06-20 16:10:00,5099.7431640625,369.0,369.0,196.0,285.1,33.6,2.1,72,0,6,71,40.90047467284132
2025-06-20 18:00:00,2025-06-20 17:10:00,2109.3583984375,241.0,241.0,149.0,203.9,33.0,1.74,100,0,4,100,30.3235090179237
2025-06-20 19:00:00,2025-06-20 18:10:00,877.5877075195312,148.0,148.0,107.0,144.4,32.3,0.97,97,0,3,97,19.864850200470276
2025-06-20 20:00:00,2025-06-20 19:10:00,249.59693908691406,54.0,54.0,39.0,110.7,31.2,0.88,50,0,2,49,9.8317986048358
2025-06-20 21:00:00,2025-06-20 20:10:00,228.22830200195312,1.0,1.0,1.0,0.0,29.6,0.67,13,0,1,12,0.5305713989607245
2025-06-20 22:00:00,2025-06-20 21:10:00,0.0,0.0,0.0,0.0,0.0,28.1,0.5,9,0,1,8,-7.682505071021214
2025-06-20 23:00:00,2025-06-20 22:10:00,0.0,0.0,0.0,0.0,0.0,27.2,0.67,4,0,1,3,-14.37907115417974
2025-06-21 00:00:00,2025-06-20 23:10:00,0.0,0.0,0.0,0.0,0.0,26.4,0.86,1,0,0,0,-19.079891730202696
2025-06-21 01:00:00,2025-06-21 00:10:00,0.0,0.0,0.0,0.0,0.0,25.5,0.96,0,0,0,0,-21.3449839382187
2025-06-21 02:00:00,2025-06-21 01:10:00,0.0,0.0,0.0,0.0,0.0,22.6,3.56,31,0,3,29,-20.922069841463816
2025-06-21 03:00:00,2025-06-21 02:10:00,0.0,0.0,0.0,0.0,0.0,22.4,0.72,3,0,0,3,-17.860522491411892
2025-06-21 04:00:00,2025-06-21 03:10:00,0.0,0.0,0.0,0.0,0.0,22.4,0.58,3,1,2,0,-12.487414450942023
2025-06-21 05:00:00,2025-06-21 04:10:00,326.095947265625,1.0,1.0,1.0,0.0,21.9,3.3,80,1,32,70,-5.269149446594364
2025-06-21 06:00:00,2025-06-21 05:10:00,1264.4246826171875,40.0,40.0,29.0,82.8,20.0,2.47,96,1,77,87,3.3248484278571278
2025-06-21 07:00:00,2025-06-21 06:10:00,3172.22119140625,106.0,106.0,68.0,136.5,20.5,1.32,51,13,4,42,12.888922386719063
2025-06-21 08:00:00,2025-06-21 07:10:00,8603.2021484375,300.0,300.0,114.0,417.1,22.9,1.77,78,77,5,3,23.08612433617695
2025-06-21 09:00:00,2025-06-21 08:10:00,11526.9296875,307.0,307.0,209.0,162.8,23.7,2.7,43,18,15,19,33.616970585843234
2025-06-21 10:00:00,2025-06-21 09:10:00,14380.5009765625,454.0,454.0,241.0,289.2,25.2,2.6,98,98,8,1,44.157203820813194
2025-06-21 11:00:00,2025-06-21 10:10:00,14351.0185546875,347.0,347.0,306.0,48.8,25.5,2.19,95,94,11,15,54.22771447649807
2025-06-21 12:00:00,2025-06-21 11:10:00,16494.3125,592.0,592.0,294.0,329.2,27.1,1.04,68,47,5,38,62.87010401856193
2025-06-21 13:00:00,2025-06-21 12:10:00,17848.048828125,607.0,607.0,289.0,342.7,28.2,0.76,34,19,9,14,67.99605157127175
2025-06-21 14:00:00,2025-06-21 13:10:00,8469.4248046875,508.0,508.0,245.0,290.1,25.9,4.07,55,35,11,25,66.97921570854449
2025-06-21 15:00:00,2025-06-21 14:10:00,14408.6357421875,610.0,610.0,210.0,474.6,27.5,2.76,30,2,8,24,60.46484176294876
2025-06-21 16:00:00,2025-06-21 15:10:00,8835.51171875,592.0,592.0,175.0,563.0,26.5,4.67,69,33,21,49,51.22916590042377
2025-06-21 17:00:00,2025-06-21 16:10:00,3907.513671875,342.0,342.0,163.0,294.7,25.4,1.86,90,8,30,86,40.94484951413721
2025-06-21 18:00:00,2025-06-21 17:10:00,2158.93701171875,220.0,220.0,146.0,163.8,24.5,2.5,57,35,13,27,30.3678636011577
2025-06-21 19:00:00,2025-06-21 18:10:00,906.583740234375,138.0,138.0,84.0,189.8,23.2,1.27,69,36,30,35,19.908210601196224
2025-06-21 20:00:00,2025-06-21 19:10:00,234.50546264648438,34.0,34.0,25.0,66.3,21.8,2.12,50,13,27,25,9.873244987452066
2025-06-21 21:00:00,2025-06-21 20:10:00,224.40951538085938,1.0,1.0,1.0,0.0,21.2,0.57,14,0,14,0,0.5690154430625273
2025-06-21 22:00:00,2025-06-21 21:10:00,0.0,0.0,0.0,0.0,0.0,20.9,2.13,8,0,8,0,-7.648451069847362
2025-06-21 23:00:00,2025-06-21 22:10:00,0.0,0.0,0.0,0.0,0.0,20.5,2.11,3,0,3,0,-14.351127370907777
2025-06-22 00:00:00,2025-06-21 23:10:00,0.0,0.0,0.0,0.0,0.0,20.0,1.22,0,0,0,0,-19.059943060450273
2025-06-22 01:00:00,2025-06-22 00:10:00,0.0,0.0,0.0,0.0,0.0,19.9,0.22,0,0,0,0,-21.33461525146081
2025-06-22 02:00:00,2025-06-22 01:10:00,0.0,0.0,0.0,0.0,0.0,18.6,1.42,81,81,0,0,-20.921956036622607
2025-06-22 03:00:00,2025-06-22 02:10:00,0.0,0.0,0.0,0.0,0.0,18.6,0.93,61,61,0,0,-17.870137731739568
2025-06-22 04:00:00,2025-06-22 03:10:00,0.0,0.0,0.0,0.0,0.0,18.4,0.39,100,100,0,0,-12.505326174622352
2025-06-22 05:00:00,2025-06-22 04:10:00,301.1764221191406,1.0,1.0,1.0,0.0,18.1,0.29,100,100,0,0,-5.293589807822463
2025-06-22 06:00:00,2025-06-22 05:10:00,1326.644775390625,44.0,44.0,37.0,52.8,18.0,0.8,100,100,0,0,3.295561679105614
2025-06-22 07:00:00,2025-06-22 06:10:00,4360.65869140625,164.0,164.0,94.0,252.0,18.8,0.5,45,45,0,0,12.856235959066215
2025-06-22 08:00:00,2025-06-22 07:10:00,9439.1591796875,331.0,331.0,126.0,460.4,20.7,0.35,0,0,0,0,23.051289636564494
2025-06-22 09:00:00,2025-06-22 08:10:00,14968.240234375,513.0,513.0,122.0,650.0,22.8,0.32,0,0,0,0,33.58120383518053
2025-06-22 10:00:00,2025-06-22 09:10:00,18844.974609375,668.0,668.0,129.0,732.3,24.6,0.21,0,0,0,0,44.122004032991555
2025-06-22 11:00:00,2025-06-22 10:10:00,21344.63671875,789.0,789.0,135.0,779.0,26.0,0.63,0,0,0,0,54.195590711631795
2025-06-22 12:00:00,2025-06-22 11:10:00,21905.455078125,868.0,868.0,138.0,806.7,27.0,0.76,0,0,0,0,62.84636936524275
2025-06-22 13:00:00,2025-06-22 12:10:00,21955.7109375,900.0,900.0,137.0,822.3,27.8,0.59,1,1,0,0,67.99084430520233
2025-06-22 14:00:00,2025-06-22 13:10:00,19587.953125,874.0,874.0,136.0,813.8,28.5,0.27,10,6,0,4,66.99767265261805
2025-06-22 15:00:00,2025-06-22 14:10:00,16573.71484375,777.0,777.0,149.0,744.9,28.9,0.6,25,10,2,15,60.49736236704214
2025-06-22 16:00:00,2025-06-22 15:10:00,12875.3701171875,657.0,657.0,151.0,682.8,29.0,0.71,51,21,5,35,51.26726784597603
2025-06-22 17:00:00,2025-06-22 16:10:00,6452.79931640625,493.0,493.0,138.0,584.1,28.8,0.63,41,8,4,33,40.984763687328936
2025-06-22 18:00:00,2025-06-22 17:10:00,2500.35498046875,333.0,333.0,120.0,471.0,28.4,0.46,36,4,2,33,30.407793320589523
2025-06-22 19:00:00,2025-06-22 18:10:00,1017.6965942382812,178.0,178.0,80.0,343.9,27.6,0.68,30,0,5,27,19.94698469435871
2025-06-22 20:00:00,2025-06-22 19:10:00,264.6043701171875,58.0,58.0,37.0,154.4,26.3,0.21,24,0,6,20,9.909801005570026
2025-06-22 21:00:00,2025-06-22 20:10:00,222.43319702148438,1.0,1.0,1.0,0.0,24.6,0.89,20,0,1,19,0.6021596999502038
2025-06-22 22:00:00,2025-06-22 21:10:00,0.0,0.0,0.0,0.0,0.0,23.8,0.89,2,0,1,1,-7.6201719113297255
2025-06-22 23:00:00,2025-06-22 22:10:00,0.0,0.0,0.0,0.0,0.0,23.1,0.41,21,0,0,21,-14.32943934833531
2025-06-23 00:00:00,2025-06-22 23:10:00,0.0,0.0,0.0,0.0,0.0,22.7,0.1,51,0,0,51,-19.046647308821093
2025-06-23 01:00:00,2025-06-23 00:10:00,0.0,0.0,0.0,0.0,0.0,22.3,0.1,22,0,0,22,-21.33110877860228
2025-06-23 02:00:00,2025-06-23 01:10:00,0.0,0.0,0.0,0.0,0.0,21.4,0.25,96,0,0,96,-20.928657403048213
2025-06-23 03:00:00,2025-06-23 02:10:00,0.0,0.0,0.0,0.0,0.0,20.4,0.76,0,0,0,0,-17.886279454911072
2025-06-23 04:00:00,2025-06-23 03:10:00,0.0,0.0,0.0,0.0,0.0,20.1,0.32,0,0,0,0,-12.529321055548804
2025-06-23 05:00:00,2025-06-23 04:10:00,332.24737548828125,1.0,1.0,1.0,0.0,19.6,0.16,25,0,0,25,-5.323619148898873
2025-06-23 06:00:00,2025-06-23 05:10:00,1382.880859375,54.0,54.0,33.0,159.0,20.2,0.05,0,0,0,0,3.2611507891102405
2025-06-23 07:00:00,2025-06-23 06:10:00,4353.17822265625,185.0,185.0,72.0,407.9,21.5,0.29,0,0,0,0,12.818809334999749
2025-06-23 08:00:00,2025-06-23 07:10:00,9702.5791015625,350.0,350.0,96.0,571.4,23.6,0.25,24,0,0,24,23.011981075489235
2025-06-23 09:00:00,2025-06-23 08:10:00,14194.5703125,517.0,517.0,114.0,670.7,25.5,0.45,72,0,0,72,33.54107164659685
2025-06-23 10:00:00,2025-06-23 09:10:00,18598.70703125,663.0,663.0,135.0,717.9,27.0,0.6,9,0,1,9,44.082324316077944
2025-06-23 11:00:00,2025-06-23 10:10:00,21231.966796875,784.0,784.0,142.0,765.1,28.2,0.89,20,0,10,12,54.15853633522857
2025-06-23 12:00:00,2025-06-23 11:10:00,20924.119140625,810.0,810.0,171.0,706.3,29.0,1.48,18,0,3,17,62.816788966621566
2025-06-23 13:00:00,2025-06-23 12:10:00,20003.42578125,793.0,793.0,197.0,642.4,29.8,1.54,42,0,25,24,67.9787539240632
2025-06-23 14:00:00,2025-06-23 13:10:00,16297.9716796875,672.0,672.0,256.0,458.7,30.1,2.46,31,0,13,21,67.00945054662864
2025-06-23 15:00:00,2025-06-23 14:10:00,14374.2509765625,684.0,684.0,211.0,560.9,31.1,2.02,46,0,18,37,60.524274362452175
2025-06-23 16:00:00,2025-06-23 15:10:00,10667.8916015625,548.0,548.0,174.0,504.4,30.9,2.12,61,0,9,58,51.30051494571999
2025-06-23 17:00:00,2025-06-23 16:10:00,5998.2060546875,443.0,443.0,175.0,440.6,30.8,1.46,100,0,9,100,41.02015174934821
2025-06-23 18:00:00,2025-06-23 17:10:00,2195.260009765625,217.0,217.0,174.0,95.0,29.4,2.07,100,0,0,100,30.4432348353539
2025-06-23 19:00:00,2025-06-23 18:10:00,921.3181762695312,138.0,138.0,101.0,129.6,28.0,1.93,47,0,1,47,19.98111261461153
2025-06-23 20:00:00,2025-06-23 19:10:00,244.33673095703125,57.0,57.0,38.0,139.5,26.5,1.63,98,0,2,98,9.941411704571573
2025-06-23 21:00:00,2025-06-23 20:10:00,227.04470825195312,2.0,2.0,2.0,0.0,25.0,1.44,4,0,2,3,0.6299558089783444
2025-06-23 22:00:00,2025-06-23 21:10:00,0.0,0.0,0.0,0.0,0.0,24.0,1.1,2,0,2,0,-7.597707413941434
2025-06-23 23:00:00,2025-06-23 22:10:00,0.0,0.0,0.0,0.0,0.0,23.0,0.78,8,0,2,7,-14.314036303338792
2025-06-24 00:00:00,2025-06-23 23:10:00,0.0,0.0,0.0,0.0,0.0,22.4,0.38,5,0,0,5,-19.040021261943874
2025-06-24 01:00:00,2025-06-24 00:10:00,0.0,0.0,0.0,0.0,0.0,22.0,0.1,3,0,0,3,-21.334467688310582
2025-06-24 02:00:00,2025-06-24 01:10:00,0.0,0.0,0.0,0.0,0.0,21.6,0.74,1,0,0,1,-20.94216320607713
2025-06-24 03:00:00,2025-06-24 02:10:00,0.0,0.0,0.0,0.0,0.0,21.1,0.16,16,16,0,0,-17.90892368919111
2025-06-24 04:00:00,2025-06-24 03:10:00,0.0,0.0,0.0,0.0,0.0,20.9,0.11,100,100,0,0,-12.559363371162648
2025-06-24 05:00:00,2025-06-24 04:10:00,300.3583679199219,1.0,1.0,1.0,0.0,20.7,0.55,96,96,0,0,-5.3591919688779885
2025-06-24 06:00:00,2025-06-24 05:10:00,1379.248779296875,53.0,53.0,33.0,151.9,21.2,0.39,100,100,0,0,3.2216689881163916
2025-06-24 07:00:00,2025-06-24 06:10:00,4315.67919921875,176.0,176.0,74.0,369.3,22.1,0.36,34,34,0,0,12.776701630373752
2025-06-24 08:00:00,2025-06-24 07:10:00,8795.962890625,334.0,334.0,107.0,511.6,24.0,0.39,19,19,0,1,22.968262109816354
2025-06-24 09:00:00,2025-06-24 08:10:00,14590.998046875,509.0,509.0,126.0,638.2,25.9,0.47,38,1,0,37,33.49664051479147
2025-06-24 10:00:00,2025-06-24 09:10:00,18448.37890625,662.0,662.0,134.0,718.5,27.4,0.45,20,3,0,17,44.03823289405986
2025-06-24 11:00:00,2025-06-24 10:10:00,21314.794921875,782.0,782.0,136.0,770.3,28.5,0.94,1,1,0,0,54.11661905027478
2025-06-24 12:00:00,2025-06-24 11:10:00,20830.771484375,799.0,799.0,187.0,676.7,29.1,1.63,3,1,1,1,62.78142240154797
2025-06-24 13:00:00,2025-06-24 12:10:00,19593.0859375,765.0,765.0,194.0,615.5,29.7,1.47,55,2,16,45,67.95980518960685
2025-06-24 14:00:00,2025-06-24 13:10:00,17868.87109375,808.0,808.0,172.0,701.3,30.5,1.15,97,1,9,96,67.01451679229947
2025-06-24 15:00:00,2025-06-24 14:10:00,12304.8779296875,663.0,663.0,245.0,495.6,31.0,0.93,70,1,11,66,60.54551823041694
2025-06-24 16:00:00,2025-06-24 15:10:00,10293.19921875,573.0,573.0,190.0,516.4,31.5,1.1,71,0,5,69,51.328841966150804
2025-06-24 17:00:00,2025-06-24 16:10:00,6450.3662109375,472.0,472.0,162.0,509.4,31.4,1.25,63,0,5,61,41.05094877378004
2025-06-24 18:00:00,2025-06-24 17:10:00,2450.654052734375,330.0,330.0,120.0,463.5,30.2,2.08,42,0,1,42,30.474125673426208
2025-06-24 19:00:00,2025-06-24 18:10:00,1033.4844970703125,182.0,182.0,86.0,335.9,28.6,2.22,63,0,1,62,20.010535760063632
2025-06-24 20:00:00,2025-06-24 19:10:00,240.95565795898438,53.0,53.0,39.0,102.6,26.9,2.0,100,0,0,100,9.968023776428367
2025-06-24 21:00:00,2025-06-24 20:10:00,224.30538940429688,1.0,1.0,1.0,0.0,25.8,2.13,68,0,0,68,0.6523573956670629
2025-06-24 22:00:00,2025-06-24 21:10:00,0.0,0.0,0.0,0.0,0.0,25.2,1.59,5,0,0,5,-7.58109514315107
2025-06-24 23:00:00,2025-06-24 22:10:00,0.0,0.0,0.0,0.0,0.0,24.4,0.96,0,0,0,0,-14.304945027855767
2025-06-25 00:00:00,2025-06-24 23:10:00,0.0,0.0,0.0,0.0,0.0,23.8,0.9,0,0,0,0,-19.04007920127833
2025-06-25 01:00:00,2025-06-25 00:10:00,0.0,0.0,0.0,0.0,0.0,23.1,0.63,0,0,0,0,-21.34469261791427
2025-06-25 02:00:00,2025-06-25 01:10:00,0.0,0.0,0.0,0.0,0.0,23.1,0.36,2,0,0,2,-20.962460170543036
2025-06-25 03:00:00,2025-06-25 02:10:00,0.0,0.0,0.0,0.0,0.0,22.5,0.42,10,0,0,10,-17.93804394361728
2025-06-25 04:00:00,2025-06-25 03:10:00,0.0,0.0,0.0,0.0,0.0,22.0,0.57,0,0,0,0,-12.595414979969163
2025-06-25 05:00:00,2025-06-25 04:10:00,349.958740234375,1.0,1.0,1.0,0.0,21.5,0.46,0,0,0,0,-5.400260554851293
2025-06-25 06:00:00,2025-06-25 05:10:00,1389.0548095703125,52.0,52.0,32.0,152.4,22.0,0.05,2,2,0,0,3.1771714146943477
2025-06-25 07:00:00,2025-06-25 06:10:00,4269.228515625,180.0,180.0,72.0,392.4,23.4,0.8,2,2,0,0,12.729973497504034
2025-06-25 08:00:00,2025-06-25 07:10:00,9601.4150390625,344.0,344.0,97.0,557.8,25.2,1.04,2,2,0,0,22.920197323003254
2025-06-25 09:00:00,2025-06-25 08:10:00,14863.2763671875,510.0,510.0,112.0,664.0,27.4,0.99,0,0,0,0,33.44797764643496
2025-06-25 10:00:00,2025-06-25 09:10:00,18775.775390625,660.0,660.0,125.0,728.7,29.0,0.84,0,0,0,0,43.98979834839874
2025-06-25 11:00:00,2025-06-25 10:10:00,21233.734375,779.0,779.0,132.0,772.0,30.3,1.11,0,0,0,0,54.06990682284557
2025-06-25 12:00:00,2025-06-25 11:10:00,21545.91796875,857.0,857.0,135.0,798.6,31.4,1.05,5,0,0,5,62.74033029425257
2025-06-25 13:00:00,2025-06-25 12:10:00,21420.53515625,872.0,872.0,149.0,779.5,32.4,1.08,32,1,5,28,67.93402599492622
2025-06-25 14:00:00,2025-06-25 13:10:00,17257.408203125,781.0,781.0,207.0,632.9,32.6,1.56,44,12,7,32,67.01284159674216
2025-06-25 15:00:00,2025-06-25 14:10:00,14195.998046875,677.0,677.0,196.0,570.2,32.7,1.69,46,16,5,34,60.5610354425213
2025-06-25 16:00:00,2025-06-25 15:10:00,12138.27734375,622.0,622.0,164.0,617.3,32.8,1.56,41,9,20,20,51.352184141348374
2025-06-25 17:00:00,2025-06-25 16:10:00,6788.94189453125,498.0,498.0,135.0,596.2,32.5,1.95,36,1,2,34,41.077090439211354
2025-06-25 18:00:00,2025-06-25 17:10:00,2388.042236328125,304.0,304.0,116.0,414.7,32.1,1.54,52,0,7,49,30.500404303345395
2025-06-25 19:00:00,2025-06-25 18:10:00,1006.2032470703125,161.0,161.0,81.0,279.6,31.0,2.18,66,0,3,65,20.035196850484674
2025-06-25 20:00:00,2025-06-25 19:10:00,249.59693908691406,54.0,54.0,39.0,109.9,29.0,1.66,57,0,2,56,9.989585605411728
2025-06-25 21:00:00,2025-06-25 20:10:00,224.78115844726562,1.0,1.0,1.0,0.0,27.4,1.53,9,0,2,8,0.6693201052168122
2025-06-25 22:00:00,2025-06-25 21:10:00,0.0,0.0,0.0,0.0,0.0,26.1,0.78,0,0,0,0,-7.570370389568026
2025-06-25 23:00:00,2025-06-25 22:10:00,0.0,0.0,0.0,0.0,0.0,25.4,0.64,22,0,0,21,-14.30218987723252
2025-06-26 00:00:00,2025-06-25 23:10:00,0.0,0.0,0.0,0.0,0.0,25.0,0.25,9,0,0,8,-19.046832899226498
2025-06-26 01:00:00,2025-06-26 00:10:00,0.0,0.0,0.0,0.0,0.0,24.4,0.47,22,0,0,22,-21.361781674868784
2025-06-26 02:00:00,2025-06-26 01:10:00,0.0,0.0,0.0,0.0,0.0,24.5,0.22,4,0,0,4,-20.9895324867743
2025-06-26 03:00:00,2025-06-26 02:10:00,0.0,0.0,0.0,0.0,0.0,24.0,0.18,6,0,0,6,-17.973611219878123
2025-06-26 04:00:00,2025-06-26 03:10:00,0.0,0.0,0.0,0.0,0.0,23.5,0.49,0,0,0,0,-12.637435341707778
2025-06-26 05:00:00,2025-06-26 04:10:00,353.8760986328125,1.0,1.0,1.0,0.0,23.2,1.0,0,0,0,0,-5.446775012257629
2025-06-26 06:00:00,2025-06-26 05:10:00,1369.4044189453125,52.0,52.0,31.0,160.7,23.5,1.5,3,1,1,1,3.127715074666238
2025-06-26 07:00:00,2025-06-26 06:10:00,4098.53369140625,180.0,180.0,73.0,390.2,24.3,2.2,6,2,4,1,12.678687073540479
2025-06-26 08:00:00,2025-06-26 07:10:00,9357.3740234375,329.0,329.0,102.0,513.7,25.4,2.31,5,0,5,0,22.86785236312513
2025-06-26 09:00:00,2025-06-26 08:10:00,14681.7490234375,501.0,501.0,116.0,643.3,27.5,2.15,5,0,3,3,33.39515088702994
2025-06-26 10:00:00,2025-06-26 09:10:00,18278.275390625,653.0,653.0,131.0,711.7,29.7,2.02,49,0,11,45,43.93708953026087
2025-06-26 11:00:00,2025-06-26 10:10:00,17358.380859375,590.0,590.0,222.0,439.4,30.5,1.82,80,0,17,76,54.01846777069957
2025-06-26 12:00:00,2025-06-26 11:10:00,17428.064453125,574.0,574.0,302.0,301.0,30.6,1.88,39,0,23,25,62.69357416912678
2025-06-26 13:00:00,2025-06-26 12:10:00,17221.4609375,626.0,626.0,208.0,450.8,30.5,0.88,71,4,9,68,67.90144727059285
2025-06-26 14:00:00,2025-06-26 13:10:00,16016.990234375,747.0,747.0,275.0,520.5,32.3,1.13,67,0,16,62,67.00439808667709
2025-06-26 15:00:00,2025-06-26 14:10:00,13211.021484375,594.0,594.0,229.0,432.6,31.4,2.51,43,1,4,41,60.57076860909961
2025-06-26 16:00:00,2025-06-26 15:10:00,11029.115234375,592.0,592.0,182.0,552.5,32.2,2.37,25,0,16,12,51.370477289224304
2025-06-26 17:00:00,2025-06-26 16:10:00,4834.42724609375,444.0,444.0,137.0,504.0,29.0,6.4,68,14,34,51,41.098513120123826
2025-06-26 18:00:00,2025-06-26 17:10:00,2002.51513671875,200.0,200.0,126.0,163.1,25.4,2.52,95,3,8,95,30.52201020714396
2025-06-26 19:00:00,2025-06-26 18:10:00,772.1532592773438,103.0,103.0,88.0,52.4,25.6,1.65,51,3,19,37,20.055039985672266
2025-06-26 20:00:00,2025-06-26 19:10:00,248.6272430419922,49.0,49.0,34.0,109.8,24.8,1.71,16,2,1,14,10.00604731317434
2025-06-26 21:00:00,2025-06-26 20:10:00,222.8248291015625,1.0,1.0,1.0,0.0,24.2,0.29,1,0,1,0,0.6808016348218145
2025-06-26 22:00:00,2025-06-26 21:10:00,0.0,0.0,0.0,0.0,0.0,24.0,0.25,0,0,0,0,-7.565566148678729
2025-06-26 23:00:00,2025-06-26 22:10:00,0.0,0.0,0.0,0.0,0.0,23.4,0.55,0,0,0,0,-14.305792760419203
2025-06-27 00:00:00,2025-06-26 23:10:00,0.0,0.0,0.0,0.0,0.0,23.0,0.72,0,0,0,0,-19.060291617272323
2025-06-27 01:00:00,2025-06-27 00:10:00,0.0,0.0,0.0,0.0,0.0,22.8,0.76,0,0,0,0,-21.385730440372303
2025-06-27 02:00:00,2025-06-27 01:10:00,0.0,0.0,0.0,0.0,0.0,23.7,0.5,0,0,0,0,-21.023361818784426
2025-06-27 03:00:00,2025-06-27 02:10:00,0.0,0.0,0.0,0.0,0.0,23.1,0.15,0,0,0,0,-18.015594026354375
2025-06-27 04:00:00,2025-06-27 03:10:00,0.0,0.0,0.0,0.0,0.0,22.5,0.56,0,0,0,0,-12.685381539585292
2025-06-27 05:00:00,2025-06-27 04:10:00,354.936279296875,1.0,1.0,1.0,0.0,22.0,0.74,0,0,0,0,-5.4986832970334625
2025-06-27 06:00:00,2025-06-27 05:10:00,1372.636474609375,53.0,53.0,32.0,161.3,22.8,0.9,0,0,0,0,3.073358798606552
2025-06-27 07:00:00,2025-06-27 06:10:00,4180.80029296875,184.0,184.0,69.0,421.0,24.8,0.67,0,0,0,0,12.622905928056559
2025-06-27 08:00:00,2025-06-27 07:10:00,9637.4423828125,349.0,349.0,94.0,578.4,27.7,0.85,0,0,0,0,22.81129388101929
2025-06-27 09:00:00,2025-06-27 08:10:00,14568.40625,516.0,516.0,111.0,677.7,30.2,0.34,14,0,0,14,33.33822864910377
2025-06-27 10:00:00,2025-06-27 09:10:00,18272.970703125,665.0,665.0,124.0,738.4,31.5,1.5,44,0,0,44,43.88017547569158
2025-06-27 11:00:00,2025-06-27 10:10:00,20883.16015625,777.0,777.0,144.0,756.3,32.3,1.46,69,0,0,69,53.96237005671103
2025-06-27 12:00:00,2025-06-27 11:10:00,19526.787109375,838.0,838.0,191.0,716.3,33.0,1.15,100,0,0,100,62.64121631001702
2025-06-27 13:00:00,2025-06-27 12:10:00,16360.2939453125,722.0,722.0,360.0,390.5,33.2,1.25,100,0,7,100,67.86210288416308
2025-06-27 14:00:00,2025-06-27 13:10:00,13164.5947265625,605.0,605.0,383.0,244.8,31.9,1.32,41,0,6,37,66.98916241662707
2025-06-27 15:00:00,2025-06-27 14:10:00,14514.98046875,690.0,690.0,220.0,557.1,32.5,0.92,23,0,6,18,60.574661630872875
2025-06-27 16:00:00,2025-06-27 15:10:00,13020.7861328125,643.0,643.0,136.0,683.1,32.8,1.0,9,0,7,2,51.38365793158076
2025-06-27 17:00:00,2025-06-27 16:10:00,7776.033203125,498.0,498.0,125.0,612.2,32.5,1.2,10,0,10,0,41.11515398026965
2025-06-27 18:00:00,2025-06-27 17:10:00,2549.0234375,346.0,346.0,98.0,546.5,32.3,1.0,5,0,5,0,30.538883954488412
2025-06-27 19:00:00,2025-06-27 18:10:00,1080.712890625,190.0,190.0,71.0,415.4,31.7,1.16,6,0,6,0,20.070010704021556
2025-06-27 20:00:00,2025-06-27 19:10:00,267.1951904296875,59.0,59.0,35.0,175.6,30.5,1.21,3,0,3,0,10.017360803264117
2025-06-27 21:00:00,2025-06-27 20:10:00,228.2679901123047,2.0,2.0,2.0,0.0,29.3,1.32,1,0,1,0,0.6867617648544969
2025-06-27 22:00:00,2025-06-27 21:10:00,0.0,0.0,0.0,0.0,0.0,28.0,0.87,1,0,1,0,-7.566713102101243
2025-06-27 23:00:00,2025-06-27 22:10:00,0.0,0.0,0.0,0.0,0.0,27.2,0.43,1,0,1,0,-14.31577313195095
2025-06-28 00:00:00,2025-06-27 23:10:00,0.0,0.0,0.0,0.0,0.0,26.7,0.18,0,0,0,0,-19.080462106107785
2025-06-28 01:00:00,2025-06-28 00:10:00,0.0,0.0,0.0,0.0,0.0,26.0,0.15,0,0,0,0,-21.416531975114037
2025-06-28 02:00:00,2025-06-28 01:10:00,0.0,0.0,0.0,0.0,0.0,25.4,0.34,0,0,0,0,-21.063927314664774
2025-06-28 03:00:00,2025-06-28 02:10:00,0.0,0.0,0.0,0.0,0.0,24.5,0.32,0,0,0,0,-18.063958394360178
2025-06-28 04:00:00,2025-06-28 03:10:00,0.0,0.0,0.0,0.0,0.0,23.8,0.21,0,0,0,0,-12.739208304631779
2025-06-28 05:00:00,2025-06-28 04:10:00,341.3265380859375,1.0,1.0,1.0,0.0,23.2,0.32,16,0,0,16,-5.555931249676509
2025-06-28 06:00:00,2025-06-28 05:10:00,1345.804443359375,52.0,52.0,30.0,169.7,24.0,1.03,2,0,0,2,3.0141631978374366
2025-06-28 07:00:00,2025-06-28 06:10:00,4180.80029296875,184.0,184.0,69.0,422.7,25.7,0.79,0,0,0,0,12.562695009779151
2025-06-28 08:00:00,2025-06-28 07:10:00,9601.46484375,348.0,348.0,93.0,579.8,28.2,0.95,0,0,0,0,22.75058946847872
2025-06-28 09:00:00,2025-06-28 08:10:00,14733.755859375,514.0,514.0,109.0,678.8,30.7,0.9,0,0,0,0,33.277279841674826
2025-06-28 10:00:00,2025-06-28 09:10:00,18445.5703125,663.0,663.0,121.0,740.5,32.5,0.74,6,0,0,6,43.81912532370582
2025-06-28 11:00:00,2025-06-28 10:10:00,21005.365234375,781.0,781.0,129.0,779.6,33.7,0.72,23,0,0,23,53.90168178721918
2025-06-28 12:00:00,2025-06-28 11:10:00,21441.115234375,858.0,858.0,134.0,802.0,34.8,1.06,1,0,0,1,62.583319624505236
2025-06-28 13:00:00,2025-06-28 12:10:00,21729.923828125,887.0,887.0,135.0,811.5,35.5,1.21,1,0,1,0,67.81602953379354
2025-06-28 14:00:00,2025-06-28 13:10:00,19982.75,863.0,863.0,131.0,807.5,35.8,1.56,2,0,2,0,66.96711387028564
2025-06-28 15:00:00,2025-06-28 14:10:00,17240.638671875,788.0,788.0,132.0,777.6,36.2,1.65,2,0,2,0,60.57265985318794
2025-06-28 16:00:00,2025-06-28 15:10:00,12849.90625,668.0,668.0,123.0,734.2,36.2,1.8,2,0,2,0,51.39166341773515
2025-06-28 17:00:00,2025-06-28 16:10:00,7854.8486328125,521.0,521.0,111.0,672.9,35.9,1.96,2,0,2,0,41.126951068446296
2025-06-28 18:00:00,2025-06-28 17:10:00,2561.88916015625,356.0,356.0,94.0,577.2,35.5,2.08,3,0,3,0,30.550967278019538
2025-06-28 19:00:00,2025-06-28 18:10:00,1080.712890625,193.0,193.0,70.0,429.2,34.8,2.09,3,0,3,0,20.080056041325346
2025-06-28 20:00:00,2025-06-28 19:10:00,267.1951904296875,60.0,60.0,34.0,190.2,33.3,1.05,3,0,3,0,10.023479805126316
2025-06-28 21:00:00,2025-06-28 20:10:00,229.3281707763672,2.0,2.0,2.0,0.0,31.7,0.72,1,0,1,0,0.6871623889902799
2025-06-28 22:00:00,2025-06-28 21:10:00,0.0,0.0,0.0,0.0,0.0,30.5,1.11,0,0,0,0,-7.57383960028545
2025-06-28 23:00:00,2025-06-28 22:10:00,0.0,0.0,0.0,0.0,0.0,29.2,1.3,4,0,4,0,-14.33214798565101
2025-06-29 00:00:00,2025-06-28 23:10:00,0.0,0.0,0.0,0.0,0.0,28.1,0.45,6,0,6,0,-19.10734860770001
2025-06-29 01:00:00,2025-06-29 00:10:00,0.0,0.0,0.0,0.0,0.0,27.3,0.71,4,0,4,0,-21.454176827133306
2025-06-29 02:00:00,2025-06-29 01:10:00,0.0,0.0,0.0,0.0,0.0,26.8,1.03,0,0,0,0,-21.111205619184524
2025-06-29 03:00:00,2025-06-29 02:10:00,0.0,0.0,0.0,0.0,0.0,25.8,1.51,0,0,0,0,-18.118667896616113
2025-06-29 04:00:00,2025-06-29 03:10:00,0.0,0.0,0.0,0.0,0.0,24.9,1.25,0,0,0,0,-12.79886804223481
2025-06-29 05:00:00,2025-06-29 04:10:00,410.9320373535156,1.0,1.0,1.0,0.0,24.5,1.05,0,0,0,0,-5.618462631293726
2025-06-29 06:00:00,2025-06-29 05:10:00,1405.8946533203125,51.0,51.0,30.0,162.8,25.2,1.54,0,0,0,0,2.9501906188419063
2025-06-29 07:00:00,2025-06-29 06:10:00,4226.205078125,181.0,181.0,69.0,413.5,27.0,1.25,0,0,0,0,12.498120592381511
2025-06-29 08:00:00,2025-06-29 07:10:00,9646.8701171875,344.0,344.0,93.0,572.1,29.4,1.19,0,0,0,0,22.685807596420055
2025-06-29 09:00:00,2025-06-29 08:10:00,14820.7822265625,509.0,509.0,109.0,671.5,31.0,1.46,0,0,0,0,33.212373800925405
2025-06-29 10:00:00,2025-06-29 09:10:00,18584.0625,658.0,658.0,122.0,733.2,32.5,1.67,0,0,0,0,43.7540082372486
2025-06-29 11:00:00,2025-06-29 10:10:00,21150.55859375,776.0,776.0,129.0,774.3,33.8,1.84,0,0,0,0,53.83647091533783
2025-06-29 12:00:00,2025-06-29 11:10:00,21724.423828125,858.0,858.0,130.0,806.9,35.0,1.59,1,0,0,0,62.519947513582444
2025-06-29 13:00:00,2025-06-29 12:10:00,21508.759765625,889.0,889.0,126.0,823.7,35.8,1.19,14,0,1,14,67.76326663673385
2025-06-29 14:00:00,2025-06-29 13:10:00,19379.83203125,857.0,857.0,140.0,791.1,36.2,1.07,71,0,3,70,66.93823495430455
2025-06-29 15:00:00,2025-06-29 14:10:00,13694.134765625,746.0,746.0,187.0,662.7,36.2,1.3,59,0,5,57,60.56471022217642
2025-06-29 16:00:00,2025-06-29 15:10:00,10353.8095703125,597.0,597.0,178.0,564.5,36.1,1.36,74,0,6,72,51.39443205142581
2025-06-29 17:00:00,2025-06-29 16:10:00,5196.17236328125,442.0,442.0,187.0,418.5,35.7,1.66,83,0,4,82,41.133843416561525
2025-06-29 18:00:00,2025-06-29 17:10:00,2345.615234375,310.0,310.0,128.0,401.0,34.8,1.95,40,0,5,38,30.558203149866173
2025-06-29 19:00:00,2025-06-29 18:10:00,1051.1837158203125,181.0,181.0,78.0,359.5,34.0,1.57,36,0,8,30,20.085124589826734
2025-06-29 20:00:00,2025-06-29 19:10:00,249.23524475097656,55.0,55.0,35.0,146.3,32.8,1.12,14,0,7,8,10.02435991764366
2025-06-29 21:00:00,2025-06-29 20:10:00,224.78115844726562,1.0,1.0,1.0,0.0,31.5,1.42,27,0,4,23,0.6819675433404156
2025-06-29 22:00:00,2025-06-29 21:10:00,0.0,0.0,0.0,0.0,0.0,30.6,1.46,5,0,5,0,-7.586971646586774
2025-06-29 23:00:00,2025-06-29 22:10:00,0.0,0.0,0.0,0.0,0.0,29.8,0.34,6,0,6,0,-14.354931849991145
2025-06-30 00:00:00,2025-06-29 23:10:00,0.0,0.0,0.0,0.0,0.0,29.0,0.22,4,0,4,0,-19.140952859250653
2025-06-30 01:00:00,2025-06-30 00:10:00,0.0,0.0,0.0,0.0,0.0,28.3,0.7,2,0,2,0,-21.49865304176351
2025-06-30 02:00:00,2025-06-30 01:10:00,0.0,0.0,0.0,0.0,0.0,27.5,1.42,0,0,0,0,-21.165170888597746
2025-06-30 03:00:00,2025-06-30 02:10:00,0.0,0.0,0.0,0.0,0.0,26.0,5.06,24,1,18,7,-18.179683667981475
2025-06-30 04:00:00,2025-06-30 03:10:00,0.0,0.0,0.0,0.0,0.0,25.2,1.84,58,0,22,46,-12.864310860902702
2025-06-30 05:00:00,2025-06-30 04:10:00,0.0,0.0,0.0,0.0,0.0,25.5,1.08,33,0,23,15,-5.686219161700457
2025-06-30 06:00:00,2025-06-30 05:10:00,1344.8941650390625,44.0,44.0,30.0,109.1,26.1,0.69,26,6,24,2,2.881505096020471
2025-06-30 07:00:00,2025-06-30 06:10:00,4161.3857421875,159.0,159.0,73.0,319.0,27.2,0.52,21,6,20,0,12.429250219262759
2025-06-30 08:00:00,2025-06-30 07:10:00,9501.7802734375,313.0,313.0,106.0,473.1,29.5,0.46,14,0,14,0,22.617017552949243
2025-06-30 09:00:00,2025-06-30 08:10:00,14331.9443359375,472.0,472.0,129.0,576.8,31.2,0.35,10,1,8,2,33.14358022200507
2025-06-30 10:00:00,2025-06-30 09:10:00,17555.046875,633.0,633.0,143.0,671.1,32.2,2.09,66,31,48,33,43.68489332696202
2025-06-30 11:00:00,2025-06-30 10:10:00,14084.794921875,562.0,562.0,188.0,448.0,26.9,4.46,100,43,52,100,53.766805149230706
2025-06-30 12:00:00,2025-06-30 11:10:00,14435.541015625,385.0,385.0,302.0,92.1,27.4,2.07,83,0,10,81,62.451163747056114
2025-06-30 13:00:00,2025-06-30 12:10:00,17921.171875,634.0,634.0,318.0,341.3,29.5,2.31,74,0,6,73,67.7038562134827
2025-06-30 14:00:00,2025-06-30 13:10:00,11492.224609375,402.0,402.0,342.0,66.2,32.2,0.11,80,0,0,80,66.90251148379954
2025-06-30 15:00:00,2025-06-30 14:10:00,13221.6787109375,780.0,780.0,167.0,726.8,34.3,1.31,94,0,24,92,60.55076144210671
2025-06-30 16:00:00,2025-06-30 15:10:00,7414.900390625,449.0,449.0,286.0,219.6,33.4,1.37,73,0,8,71,51.39190322067593
2025-06-30 17:00:00,2025-06-30 16:10:00,4230.3349609375,355.0,355.0,205.0,246.2,33.2,0.76,66,0,16,60,41.13577113985613
2025-06-30 18:00:00,2025-06-30 17:10:00,2095.717529296875,287.0,287.0,138.0,328.3,32.7,0.71,96,3,15,96,30.560535859290773
2025-06-30 19:00:00,2025-06-30 18:10:00,770.274169921875,115.0,115.0,88.0,94.3,31.9,0.74,84,0,16,81,20.085166557534293
2025-06-30 20:00:00,2025-06-30 19:10:00,313.56304931640625,48.0,48.0,37.0,80.5,31.4,0.34,37,0,2,36,10.019958652258866
2025-06-30 21:00:00,2025-06-30 20:10:00,226.47384643554688,1.0,1.0,1.0,0.0,30.1,0.14,52,0,0,52,0.6711434346567523
2025-06-30 22:00:00,2025-06-30 21:10:00,0.0,0.0,0.0,0.0,0.0,29.3,0.21,16,0,0,16,-7.6061328826412336
2025-06-30 23:00:00,2025-06-30 22:10:00,0.0,0.0,0.0,0.0,0.0,28.4,0.68,3,0,0,3,-14.384136785041619
2025-07-01 00:00:00,2025-06-30 23:10:00,0.0,0.0,0.0,0.0,0.0,27.5,0.62,39,0,0,39,-19.181274098996344
2025-07-01 01:00:00,2025-07-01 00:10:00,0.0,0.0,0.0,0.0,0.0,26.6,0.57,7,0,0,7,-21.549946173630907
2025-07-01 02:00:00,2025-07-01 01:10:00,0.0,0.0,0.0,0.0,0.0,23.5,1.15,97,0,0,97,-21.22579480765311
2025-07-01 03:00:00,2025-07-01 02:10:00,0.0,0.0,0.0,0.0,0.0,23.4,1.15,9,0,0,9,-18.246964428468058
2025-07-01 04:00:00,2025-07-01 03:10:00,0.0,0.0,0.0,0.0,0.0,23.0,0.4,28,0,0,27,-12.935484603304179
2025-07-01 05:00:00,2025-07-01 04:10:00,0.0,0.0,0.0,0.0,0.0,22.9,0.22,60,0,1,60,-5.759140559633551
2025-07-01 06:00:00,2025-07-01 05:10:00,1278.5242919921875,46.0,46.0,32.0,109.6,23.2,0.96,92,0,0,92,2.808172302720158
2025-07-01 07:00:00,2025-07-01 06:10:00,4125.40771484375,166.0,166.0,83.0,309.4,24.5,0.43,12,0,0,12,12.356152647238547
2025-07-01 08:00:00,2025-07-01 07:10:00,8541.7587890625,338.0,338.0,96.0,554.6,26.7,0.72,13,0,0,13,22.544289381246852
2025-07-01 09:00:00,2025-07-01 08:10:00,14337.54296875,503.0,503.0,113.0,657.1,29.0,0.72,50,0,0,50,33.07096909188336
2025-07-01 10:00:00,2025-07-01 09:10:00,17789.810546875,641.0,641.0,149.0,674.7,31.0,0.53,72,0,0,72,43.611849577679905
2025-07-01 11:00:00,2025-07-01 10:10:00,19481.828125,758.0,758.0,181.0,691.8,32.5,0.21,93,0,0,93,53.69275186532609
2025-07-01 12:00:00,2025-07-01 11:10:00,21442.818359375,847.0,847.0,159.0,763.6,34.0,0.38,11,0,1,11,62.377032344967574
2025-07-01 13:00:00,2025-07-01 12:10:00,20541.4921875,851.0,851.0,189.0,715.3,34.7,0.59,48,0,3,47,67.6378427684004
2025-07-01 14:00:00,2025-07-01 13:10:00,16469.072265625,725.0,725.0,245.0,530.0,34.3,1.5,42,0,3,41,66.85993265893713
2025-07-01 15:00:00,2025-07-01 14:10:00,11400.5380859375,622.0,622.0,263.0,425.8,31.7,1.22,88,5,10,86,60.53076413316661
2025-07-01 16:00:00,2025-07-01 15:10:00,8433.236328125,528.0,528.0,201.0,440.7,33.0,0.75,93,0,32,90,51.38401753025502
2025-07-01 17:00:00,2025-07-01 16:10:00,4796.00341796875,453.0,453.0,180.0,448.1,32.7,1.04,64,2,10,60,41.13267553912588
2025-07-01 18:00:00,2025-07-01 17:10:00,1802.8216552734375,245.0,245.0,137.0,238.0,31.9,1.51,94,0,1,94,30.557911091408766
2025-07-01 19:00:00,2025-07-01 18:10:00,938.2409057617188,148.0,148.0,95.0,185.2,31.4,0.3,55,0,1,55,20.08013382779998
2025-07-01 20:00:00,2025-07-01 19:10:00,238.33901977539062,55.0,55.0,42.0,95.3,29.9,1.11,100,0,2,100,10.010235475716621
2025-07-01 21:00:00,2025-07-01 20:10:00,224.78115844726562,1.0,1.0,1.0,0.0,28.6,0.81,12,0,0,12,0.6546584676686014
2025-07-01 22:00:00,2025-07-01 21:10:00,0.0,0.0,0.0,0.0,0.0,27.5,0.59,8,0,0,8,-7.6313445749729585
2025-07-01 23:00:00,2025-07-01 22:10:00,0.0,0.0,0.0,0.0,0.0,27.0,0.05,25,0,2,24,-14.419772380945043
2025-07-02 00:00:00,2025-07-01 23:10:00,0.0,0.0,0.0,0.0,0.0,26.2,0.72,12,0,1,12,-19.2283090737961
2025-07-02 01:00:00,2025-07-02 00:10:00,0.0,0.0,0.0,0.0,0.0,25.4,0.76,4,0,0,4,-21.608039300674523
2025-07-02 02:00:00,2025-07-02 01:10:00,0.0,0.0,0.0,0.0,0.0,23.4,1.45,100,0,23,100,-21.293046608796466
2025-07-02 03:00:00,2025-07-02 02:10:00,0.0,0.0,0.0,0.0,0.0,23.2,1.0,100,0,22,100,-18.32046650855309
2025-07-02 04:00:00,2025-07-02 03:10:00,0.0,0.0,0.0,0.0,0.0,23.0,1.2,100,0,13,100,-13.012334879624861
2025-07-02 05:00:00,2025-07-02 04:10:00,0.0,0.0,0.0,0.0,0.0,22.6,1.6,100,0,4,100,-5.837164585136365
2025-07-02 06:00:00,2025-07-02 05:10:00,1236.26513671875,34.0,34.0,25.0,70.9,22.6,0.43,62,0,7,59,2.730259500468754
2025-07-02 07:00:00,2025-07-02 06:10:00,3439.73486328125,129.0,129.0,66.0,236.0,23.5,0.66,53,0,0,53,12.278897789070772
2025-07-02 08:00:00,2025-07-02 07:10:00,7762.18505859375,271.0,271.0,127.0,331.0,25.1,0.51,36,0,5,33,22.46769381719405
2025-07-02 09:00:00,2025-07-02 08:10:00,12682.27734375,462.0,462.0,162.0,506.4,27.2,0.25,44,0,0,44,32.994610623165045
2025-07-02 10:00:00,2025-07-02 09:10:00,18022.763671875,578.0,578.0,176.0,552.0,29.2,0.32,0,0,0,0,43.5349457775588
2025-07-02 11:00:00,2025-07-02 10:10:00,20585.755859375,747.0,747.0,170.0,692.4,30.9,0.79,16,1,7,10,53.61437802641274
2025-07-02 12:00:00,2025-07-02 11:10:00,21612.5078125,865.0,865.0,140.0,805.2,31.8,0.99,30,1,4,27,62.297617465231994
2025-07-02 13:00:00,2025-07-02 12:10:00,20638.876953125,860.0,860.0,175.0,740.5,32.0,1.74,41,2,5,37,67.56527316756942
2025-07-02 14:00:00,2025-07-02 13:10:00,19745.1171875,855.0,855.0,139.0,790.8,31.4,1.31,13,0,2,12,66.81049113203736
2025-07-02 15:00:00,2025-07-02 14:10:00,16501.201171875,779.0,779.0,131.0,768.8,31.1,2.06,56,2,22,44,60.50467098888074
2025-07-02 16:00:00,2025-07-02 15:10:00,12675.3515625,659.0,659.0,141.0,698.3,30.2,0.21,45,1,4,42,51.370716936341815
2025-07-02 17:00:00,2025-07-02 16:10:00,5797.42822265625,453.0,453.0,145.0,505.8,30.5,0.56,51,0,3,49,41.12449920476005
2025-07-02 18:00:00,2025-07-02 17:10:00,2443.755615234375,342.0,342.0,107.0,518.2,30.2,0.25,47,0,0,46,30.55027600690644
2025-07-02 19:00:00,2025-07-02 18:10:00,1043.730712890625,192.0,192.0,77.0,402.3,29.6,0.74,53,0,12,46,20.069980019148282
2025-07-02 20:00:00,2025-07-02 19:10:00,258.4825439453125,58.0,58.0,35.0,168.8,28.0,0.81,35,0,33,3,9.995151852454823
2025-07-02 21:00:00,2025-07-02 20:10:00,224.656494140625,1.0,1.0,1.0,0.0,27.3,0.56,26,0,20,7,0.6324832716080041
2025-07-02 22:00:00,2025-07-02 21:10:00,0.0,0.0,0.0,0.0,0.0,26.3,0.5,44,0,39,8,-7.662625602764874
2025-07-02 23:00:00,2025-07-02 22:10:00,0.0,0.0,0.0,0.0,0.0,25.8,0.47,7,0,6,1,-14.461845757845417
2025-07-03 00:00:00,2025-07-02 23:10:00,0.0,0.0,0.0,0.0,0.0,25.6,0.07,7,0,7,0,-19.28205204844974
2025-07-03 01:00:00,2025-07-03 00:10:00,0.0,0.0,0.0,0.0,0.0,25.1,0.18,15,0,15,0,-21.672913040149357
2025-07-03 02:00:00,2025-07-03 01:10:00,0.0,0.0,0.0,0.0,0.0,23.7,0.46,69,0,14,63,-21.366893093552758
2025-07-03 03:00:00,2025-07-03 02:10:00,0.0,0.0,0.0,0.0,0.0,23.0,1.03,14,0,14,0,-18.40014387680308
2025-07-03 04:00:00,2025-07-03 03:10:00,0.0,0.0,0.0,0.0,0.0,22.5,0.21,0,0,0,0,-13.094805103276826
2025-07-03 05:00:00,2025-07-03 04:10:00,0.0,0.0,0.0,0.0,0.0,22.0,0.59,6,0,6,0,-5.920227084167917
2025-07-03 06:00:00,2025-07-03 05:10:00,1363.6605224609375,48.0,48.0,29.0,150.4,22.7,1.13,3,0,3,0,2.6478354863524096
2025-07-03 07:00:00,2025-07-03 06:10:00,4066.46875,176.0,176.0,67.0,410.5,24.0,0.92,0,0,0,0,12.197556654766986
2025-07-03 08:00:00,2025-07-03 07:10:00,8070.88623046875,339.0,339.0,92.0,569.4,26.1,0.56,0,0,0,0,22.387302226662612
2025-07-03 09:00:00,2025-07-03 08:10:00,14727.841796875,506.0,506.0,109.0,671.4,28.5,0.53,0,0,0,0,32.91457518877868
2025-07-03 10:00:00,2025-07-03 09:10:00,18544.833984375,658.0,658.0,120.0,739.8,30.5,0.85,1,0,0,1,43.45425044974316
2025-07-03 11:00:00,2025-07-03 10:10:00,21181.712890625,783.0,783.0,125.0,790.4,32.2,1.12,0,0,0,0,53.531750104532996
2025-07-03 12:00:00,2025-07-03 11:10:00,21599.103515625,872.0,872.0,127.0,828.0,33.2,0.96,25,0,0,25,62.212983297653686
2025-07-03 13:00:00,2025-07-03 12:10:00,19474.81640625,773.0,773.0,199.0,620.9,34.1,0.49,69,0,2,68,67.48619651468152
2025-07-03 14:00:00,2025-07-03 13:10:00,18319.755859375,747.0,747.0,216.0,586.8,34.6,0.34,18,0,3,16,66.75418306470903
2025-07-03 15:00:00,2025-07-03 14:10:00,17146.68359375,785.0,785.0,130.0,777.4,34.6,2.8,8,0,4,4,60.472436932344024
2025-07-03 16:00:00,2025-07-03 15:10:00,11727.6337890625,610.0,610.0,152.0,617.6,32.2,1.71,62,4,28,48,51.351944882957945
2025-07-03 17:00:00,2025-07-03 16:10:00,5646.40576171875,459.0,459.0,138.0,527.3,33.2,0.87,58,0,16,50,41.11118612238955
2025-07-03 18:00:00,2025-07-03 17:10:00,2360.887939453125,293.0,293.0,116.0,390.6,32.7,1.03,21,0,1,21,30.537579322666232
2025-07-03 19:00:00,2025-07-03 18:10:00,1045.6551513671875,179.0,179.0,76.0,360.8,31.9,0.81,0,0,0,0,20.05466054533338
2025-07-03 20:00:00,2025-07-03 19:10:00,267.1951904296875,59.0,59.0,33.0,191.1,29.9,1.0,0,0,0,0,9.97467128666735
2025-07-03 21:00:00,2025-07-03 20:10:00,225.1727752685547,1.0,1.0,1.0,0.0,28.4,0.54,0,0,0,0,0.6045907259733057
2025-07-03 22:00:00,2025-07-03 21:10:00,0.0,0.0,0.0,0.0,0.0,27.2,0.46,0,0,0,0,-7.69999244672777
2025-07-03 23:00:00,2025-07-03 22:10:00,0.0,0.0,0.0,0.0,0.0,26.7,0.11,0,0,0,0,-14.510361567205685
2025-07-04 00:00:00,2025-07-03 23:10:00,0.0,0.0,0.0,0.0,0.0,26.4,0.15,0,0,0,0,-19.342494816688717
2025-07-04 01:00:00,2025-07-04 00:10:00,0.0,0.0,0.0,0.0,0.0,25.7,0.39,0,0,0,0,-21.744545566571826
2025-07-04 02:00:00,2025-07-04 01:10:00,0.0,0.0,0.0,0.0,0.0,25.6,1.03,7,0,7,0,-21.447298656067815
2025-07-04 03:00:00,2025-07-04 02:10:00,0.0,0.0,0.0,0.0,0.0,24.8,0.81,5,0,5,0,-18.48594816981552
2025-07-04 04:00:00,2025-07-04 03:10:00,0.0,0.0,0.0,0.0,0.0,24.2,0.73,3,0,2,1,-13.182836528991698
2025-07-04 05:00:00,2025-07-04 04:10:00,0.0,0.0,0.0,0.0,0.0,23.9,0.81,16,0,11,5,-6.008262035482693
2025-07-04 06:00:00,2025-07-04 05:10:00,1406.4521484375,45.0,45.0,28.0,135.4,24.7,1.2,7,0,6,1,2.5609705384801584
2025-07-04 07:00:00,2025-07-04 06:10:00,4012.244384765625,173.0,173.0,68.0,397.7,26.4,1.05,6,0,0,6,12.112201291585619
2025-07-04 08:00:00,2025-07-04 07:10:00,9022.7998046875,335.0,335.0,92.0,561.9,28.5,0.89,20,0,0,20,22.303186542393604
2025-07-04 09:00:00,2025-07-04 08:10:00,14459.2021484375,503.0,503.0,109.0,667.7,30.6,0.65,28,0,1,27,32.83093325744783
2025-07-04 10:00:00,2025-07-04 09:10:00,18193.8359375,649.0,649.0,129.0,716.0,32.1,1.33,20,0,2,18,43.36983178645408
2025-07-04 11:00:00,2025-07-04 10:10:00,20609.60546875,742.0,742.0,136.0,728.7,33.0,1.9,16,0,15,0,53.444934008564495
2025-07-04 12:00:00,2025-07-04 11:10:00,20690.779296875,785.0,785.0,150.0,706.3,33.8,2.1,35,1,25,14,62.12319396441014
2025-07-04 13:00:00,2025-07-04 12:10:00,20382.85546875,775.0,775.0,179.0,645.1,34.5,1.08,20,0,9,14,67.40066402571169
2025-07-04 14:00:00,2025-07-04 13:10:00,18930.732421875,763.0,763.0,172.0,653.4,34.0,1.16,22,0,6,19,66.69100817461961
2025-07-04 15:00:00,2025-07-04 14:10:00,16061.4765625,721.0,721.0,168.0,656.6,34.2,2.3,5,0,4,2,60.43401927043606
2025-07-04 16:00:00,2025-07-04 15:10:00,12359.2138671875,607.0,607.0,140.0,630.1,33.8,1.97,24,0,18,9,51.32764643971027
2025-07-04 17:00:00,2025-07-04 16:10:00,6609.81689453125,398.0,398.0,125.0,448.8,33.7,1.32,27,0,11,18,41.092681779912574
2025-07-04 18:00:00,2025-07-04 17:10:00,2542.2177734375,316.0,316.0,104.0,468.3,33.4,0.93,18,1,15,2,30.51977139319024
2025-07-04 19:00:00,2025-07-04 18:10:00,1047.8282470703125,168.0,168.0,71.0,340.4,32.6,0.99,5,0,5,0,20.034132675590225
2025-07-04 20:00:00,2025-07-04 19:10:00,267.1951904296875,57.0,57.0,33.0,176.8,31.6,1.13,3,0,3,0,9.948759364051654
2025-07-04 21:00:00,2025-07-04 20:10:00,228.2679901123047,1.0,1.0,1.0,0.0,30.5,1.57,7,0,7,0,0.5709559855777663
2025-07-04 22:00:00,2025-07-04 21:10:00,0.0,0.0,0.0,0.0,0.0,29.2,1.4,21,0,0,21,-7.743459179004025
2025-07-04 23:00:00,2025-07-04 22:10:00,0.0,0.0,0.0,0.0,0.0,28.5,0.55,96,0,0,96,-14.565321994446178
2025-07-05 00:00:00,2025-07-04 23:10:00,0.0,0.0,0.0,0.0,0.0,28.0,0.52,89,0,0,89,-19.409626713780245
2025-07-05 01:00:00,2025-07-05 00:10:00,0.0,0.0,0.0,0.0,0.0,27.5,0.51,49,0,12,43,-21.82291263156332
2025-07-05 02:00:00,2025-07-05 01:10:00,0.0,0.0,0.0,0.0,0.0,26.4,3.02,30,0,5,26,-21.53422530878747
2025-07-05 03:00:00,2025-07-05 02:10:00,0.0,0.0,0.0,0.0,0.0,21.9,5.15,49,11,14,37,-18.5778287244798
2025-07-05 04:00:00,2025-07-05 03:10:00,0.0,0.0,0.0,0.0,0.0,20.5,2.54,48,0,6,44,-13.27636829332045
2025-07-05 05:00:00,2025-07-05 04:10:00,0.0,0.0,0.0,0.0,0.0,21.0,1.21,79,4,28,71,-6.101201599820775
2025-07-05 06:00:00,2025-07-05 05:10:00,1220.476318359375,34.0,34.0,24.0,80.1,21.1,2.5,100,100,12,28,2.4697363594858044
2025-07-05 07:00:00,2025-07-05 06:10:00,2821.32177734375,110.0,110.0,71.0,148.5,20.9,2.78,100,100,96,27,12.022904722688152
2025-07-05 08:00:00,2025-07-05 07:10:00,5629.63623046875,119.0,119.0,108.0,25.5,21.3,2.51,52,30,34,0,22.215419200394113
2025-07-05 09:00:00,2025-07-05 08:10:00,12215.0849609375,265.0,265.0,182.0,141.0,22.6,0.35,59,52,14,1,32.74375532985413
2025-07-05 10:00:00,2025-07-05 09:10:00,17122.98046875,594.0,594.0,179.0,572.3,24.5,0.69,92,91,1,1,43.28175758538492
2025-07-05 11:00:00,2025-07-05 10:10:00,16925.5078125,574.0,574.0,274.0,361.1,26.1,0.96,65,62,3,5,53.353995016361125
2025-07-05 12:00:00,2025-07-05 11:10:00,15517.701171875,603.0,603.0,295.0,342.9,27.0,0.67,100,100,15,27,62.02831342704546
2025-07-05 13:00:00,2025-07-05 12:10:00,14636.94140625,582.0,582.0,286.0,320.6,27.5,0.85,98,97,12,23,67.30872890311049
2025-07-05 14:00:00,2025-07-05 13:10:00,11106.951171875,420.0,420.0,276.0,159.3,25.5,1.0,50,8,12,42,66.62096977159568
2025-07-05 15:00:00,2025-07-05 14:10:00,8816.37890625,485.0,485.0,215.0,320.8,26.2,2.16,100,99,14,55,60.38937784517344
2025-07-05 16:00:00,2025-07-05 15:10:00,7503.4267578125,447.0,447.0,234.0,287.5,26.0,2.15,95,88,14,47,51.297768440350936
2025-07-05 17:00:00,2025-07-05 16:10:00,5932.546875,426.0,426.0,158.0,440.9,26.4,1.21,33,0,11,24,41.06893327564461
2025-07-05 18:00:00,2025-07-05 17:10:00,2520.15087890625,321.0,321.0,104.0,479.8,26.1,1.45,21,0,2,20,30.49680429269736
2025-07-05 19:00:00,2025-07-05 18:10:00,1045.23876953125,184.0,184.0,73.0,390.4,25.8,1.25,11,8,2,1,20.008355595031986
2025-07-05 20:00:00,2025-07-05 19:10:00,283.62493896484375,57.0,57.0,34.0,169.8,25.0,0.51,3,0,2,1,9.917383793247323
2025-07-05 21:00:00,2025-07-05 20:10:00,231.1075439453125,1.0,1.0,1.0,0.0,24.2,0.92,7,5,2,1,0.5315565049224702
2025-07-05 22:00:00,2025-07-05 21:10:00,0.0,0.0,0.0,0.0,0.0,24.0,0.5,13,2,3,9,-7.793037454046531
2025-07-05 23:00:00,2025-07-05 22:10:00,0.0,0.0,0.0,0.0,0.0,23.5,0.38,9,0,0,8,-14.62672676283847
2025-07-06 00:00:00,2025-07-05 23:10:00,0.0,0.0,0.0,0.0,0.0,23.0,0.32,11,1,1,10,-19.483434630683384
2025-07-06 01:00:00,2025-07-06 00:10:00,0.0,0.0,0.0,0.0,0.0,22.6,0.21,99,1,3,99,-21.90798758554387
2025-07-06 02:00:00,2025-07-06 01:10:00,0.0,0.0,0.0,0.0,0.0,22.4,0.49,100,0,3,100,-21.627632710245713
2025-07-06 03:00:00,2025-07-06 02:10:00,0.0,0.0,0.0,0.0,0.0,21.8,0.45,100,1,0,100,-18.675732612553155
2025-07-06 04:00:00,2025-07-06 03:10:00,0.0,0.0,0.0,0.0,0.0,21.7,0.18,85,1,0,85,-13.375337457558226
2025-07-06 05:00:00,2025-07-06 04:10:00,0.0,0.0,0.0,0.0,0.0,21.4,0.3,24,1,0,23,-6.198976171441355
2025-07-06 06:00:00,2025-07-06 05:10:00,1316.509033203125,42.0,42.0,29.0,104.8,21.5,0.18,1,1,0,0,2.374206018024237
2025-07-06 07:00:00,2025-07-06 06:10:00,3996.792724609375,170.0,170.0,70.0,383.1,22.7,0.9,1,0,0,0,11.929740884386394
2025-07-06 08:00:00,2025-07-06 07:10:00,8553.8857421875,286.0,286.0,106.0,418.9,23.2,4.15,49,49,0,1,22.124073075785578
2025-07-06 09:00:00,2025-07-06 08:10:00,12302.62890625,367.0,367.0,194.0,294.4,23.2,3.22,60,56,11,1,32.65311187540411
2025-07-06 10:00:00,2025-07-06 09:10:00,16510.513671875,471.0,471.0,227.0,337.0,24.8,1.52,23,16,8,1,43.19009518828355
2025-07-06 11:00:00,2025-07-06 10:10:00,18658.443359375,635.0,635.0,229.0,489.3,26.1,1.41,11,2,9,0,53.258997711307195
2025-07-06 12:00:00,2025-07-06 11:10:00,17919.330078125,577.0,577.0,288.0,322.0,26.6,1.85,32,21,11,3,61.92840539996352
2025-07-06 13:00:00,2025-07-06 12:10:00,13885.73828125,573.0,573.0,341.0,251.5,26.6,0.73,78,29,15,65,67.21044621021258
2025-07-06 14:00:00,2025-07-06 13:10:00,13639.2373046875,569.0,569.0,273.0,327.6,27.8,1.56,87,13,45,78,66.54407478284435
2025-07-06 15:00:00,2025-07-06 14:10:00,7883.369140625,436.0,436.0,254.0,216.3,26.8,3.44,94,12,33,92,60.338475181357786
2025-07-06 16:00:00,2025-07-06 15:10:00,6213.64208984375,199.0,199.0,185.0,18.9,22.0,3.39,63,15,19,52,51.262259621638336
2025-07-06 17:00:00,2025-07-06 16:10:00,4338.20458984375,278.0,278.0,130.0,243.7,22.8,1.89,100,17,26,99,41.03988942731521
2025-07-06 18:00:00,2025-07-06 17:10:00,1891.4305419921875,217.0,217.0,145.0,159.4,23.6,2.58,100,17,14,100,30.468631897751933
2025-07-06 19:00:00,2025-07-06 18:10:00,704.2705688476562,87.0,87.0,82.0,17.6,22.0,2.46,93,16,25,89,19.977290465135386
2025-07-06 20:00:00,2025-07-06 19:10:00,243.67279052734375,37.0,37.0,33.0,29.6,21.1,2.2,81,32,4,71,9.880514446961435
2025-07-06 21:00:00,2025-07-06 20:10:00,221.298583984375,1.0,1.0,1.0,0.0,20.7,1.42,100,29,5,100,0.4863720619273975
2025-07-06 22:00:00,2025-07-06 21:10:00,0.0,0.0,0.0,0.0,0.0,20.3,1.41,98,14,3,97,-7.848736500416766
2025-07-06 23:00:00,2025-07-06 22:10:00,0.0,0.0,0.0,0.0,0.0,20.2,1.52,48,45,5,1,-14.694573138589279
2025-07-07 00:00:00,2025-07-06 23:10:00,0.0,0.0,0.0,0.0,0.0,20.0,1.32,91,84,12,34,-19.563903029694874
2025-07-07 01:00:00,2025-07-07 00:10:00,0.0,0.0,0.0,0.0,0.0,19.9,1.35,40,35,7,1,-21.999741401226284
2025-07-07 02:00:00,2025-07-07 01:10:00,0.0,0.0,0.0,0.0,0.0,19.4,1.88,35,15,19,8,-21.727478194930164
2025-07-07 03:00:00,2025-07-07 02:10:00,0.0,0.0,0.0,0.0,0.0,19.0,0.56,15,10,8,0,-18.779604677541926
2025-07-07 04:00:00,2025-07-07 03:10:00,0.0,0.0,0.0,0.0,0.0,18.9,0.36,6,1,4,1,-13.479679053104835
2025-07-07 05:00:00,2025-07-07 04:10:00,0.0,0.0,0.0,0.0,0.0,18.4,0.99,7,6,2,0,-6.301514432024586
2025-07-07 06:00:00,2025-07-07 05:10:00,1345.336669921875,45.0,45.0,27.0,146.1,19.0,1.87,53,10,1,48,2.2744538882277285
2025-07-07 07:00:00,2025-07-07 06:10:00,3973.424560546875,168.0,168.0,78.0,346.9,20.4,0.83,43,1,2,42,11.832784561940255
2025-07-07 08:00:00,2025-07-07 07:10:00,8961.7138671875,287.0,287.0,123.0,383.0,22.6,0.78,9,0,6,6,22.02922141804403
2025-07-07 09:00:00,2025-07-07 08:10:00,14265.6162109375,474.0,474.0,140.0,569.7,25.6,1.0,8,0,0,8,32.5590732695144
2025-07-07 10:00:00,2025-07-07 09:10:00,18414.46484375,672.0,672.0,126.0,755.3,28.0,0.7,31,0,0,31,43.09491142159887
2025-07-07 11:00:00,2025-07-07 10:10:00,21237.2421875,796.0,796.0,131.0,802.4,29.2,1.1,3,0,0,3,53.1600059231249
2025-07-07 12:00:00,2025-07-07 11:10:00,21944.62109375,871.0,871.0,127.0,829.8,30.3,1.58,0,0,0,0,61.82353327036515
2025-07-07 13:00:00,2025-07-07 12:10:00,22269.833984375,907.0,907.0,124.0,849.3,31.1,1.79,12,0,12,0,67.10587274651884
2025-07-07 14:00:00,2025-07-07 13:10:00,19451.79296875,772.0,772.0,162.0,675.7,30.6,1.44,19,0,19,0,66.46033376718552
2025-07-07 15:00:00,2025-07-07 14:10:00,16091.4267578125,676.0,676.0,168.0,604.3,30.8,1.71,21,0,21,0,60.281276629687625
2025-07-07 16:00:00,2025-07-07 15:10:00,12805.7822265625,629.0,629.0,140.0,661.1,30.9,1.05,11,0,10,0,51.22107076196073
2025-07-07 17:00:00,2025-07-07 16:10:00,7484.04248046875,462.0,462.0,112.0,576.8,30.6,1.45,24,0,24,0,41.005500881616065
2025-07-07 18:00:00,2025-07-07 17:10:00,2460.698486328125,305.0,305.0,97.0,461.3,28.4,2.19,46,0,21,35,30.43520997026696
2025-07-07 19:00:00,2025-07-07 18:10:00,1014.8235473632812,159.0,159.0,69.0,318.2,23.0,3.3,42,8,29,16,19.940900484243574
2025-07-07 20:00:00,2025-07-07 19:10:00,258.3988037109375,55.0,55.0,33.0,163.4,20.0,3.99,14,2,9,4,9.838123402768595
2025-07-07 21:00:00,2025-07-07 20:10:00,229.57589721679688,1.0,1.0,1.0,0.0,18.9,1.98,6,1,3,3,0.4353847810488795
2025-07-07 22:00:00,2025-07-07 21:10:00,0.0,0.0,0.0,0.0,0.0,18.6,1.36,12,2,7,5,-7.910563113449142
2025-07-07 23:00:00,2025-07-07 22:10:00,0.0,0.0,0.0,0.0,0.0,18.8,1.35,4,1,2,2,-14.768855937050898
2025-07-08 00:00:00,2025-07-07 23:10:00,0.0,0.0,0.0,0.0,0.0,20.0,2.5,3,1,2,0,-19.651013961522604
2025-07-08 01:00:00,2025-07-08 00:10:00,0.0,0.0,0.0,0.0,0.0,21.1,3.9,3,0,3,0,-22.098142698857103
2025-07-08 02:00:00,2025-07-08 01:10:00,0.0,0.0,0.0,0.0,0.0,18.5,0.74,4,0,4,0,-21.8337168051885
2025-07-08 03:00:00,2025-07-08 02:10:00,0.0,0.0,0.0,0.0,0.0,18.0,0.57,7,1,6,0,-18.889387573872916
2025-07-08 04:00:00,2025-07-08 03:10:00,0.0,0.0,0.0,0.0,0.0,17.0,0.85,2,1,2,0,-13.589326129265185
2025-07-08 05:00:00,2025-07-08 04:10:00,0.0,0.0,0.0,0.0,0.0,16.5,1.19,2,2,1,0,-6.408743406959388
2025-07-08 06:00:00,2025-07-08 05:10:00,1386.0399169921875,47.0,47.0,26.0,171.7,17.1,1.52,2,1,1,0,2.1705555870959916
2025-07-08 07:00:00,2025-07-08 06:10:00,4085.01904296875,187.0,187.0,63.0,481.1,19.8,0.72,3,3,0,0,11.732111323869582
2025-07-08 08:00:00,2025-07-08 07:10:00,9473.3701171875,352.0,352.0,87.0,621.1,23.0,0.95,5,3,2,0,21.930937785579015
2025-07-08 09:00:00,2025-07-08 08:10:00,14774.3447265625,527.0,527.0,102.0,726.6,25.8,2.5,3,2,2,0,32.461709731335326
2025-07-08 10:00:00,2025-07-08 09:10:00,19116.083984375,690.0,690.0,110.0,803.7,27.1,3.48,2,1,1,0,42.99627253906992
2025-07-08 11:00:00,2025-07-08 10:10:00,21590.197265625,804.0,804.0,119.0,827.6,28.2,2.44,1,0,1,0,53.05708267276411
2025-07-08 12:00:00,2025-07-08 11:10:00,22026.41015625,875.0,875.0,132.0,829.5,29.2,2.39,1,0,1,0,61.713760024533435
2025-07-08 13:00:00,2025-07-08 12:10:00,21907.447265625,885.0,885.0,137.0,812.0,29.8,3.61,3,0,3,0,66.99506692446538
2025-07-08 14:00:00,2025-07-08 13:10:00,20935.83984375,896.0,896.0,128.0,851.3,29.3,6.59,0,0,0,0,66.36976091828187
2025-07-08 15:00:00,2025-07-08 14:10:00,16963.787109375,799.0,799.0,126.0,801.2,28.6,5.81,7,0,7,0,60.21775050451978
2025-07-08 16:00:00,2025-07-08 15:10:00,12724.232421875,689.0,689.0,129.0,757.7,27.5,5.17,3,1,3,0,51.17415481916576
2025-07-08 17:00:00,2025-07-08 16:10:00,6551.697265625,523.0,523.0,113.0,676.5,26.8,4.02,14,0,14,0,40.965720223983965
2025-07-08 18:00:00,2025-07-08 17:10:00,2693.657958984375,379.0,379.0,90.0,642.0,26.2,5.04,7,4,4,0,30.39649624070923
2025-07-08 19:00:00,2025-07-08 18:10:00,1096.60498046875,196.0,196.0,69.0,450.5,24.5,5.7,7,1,5,0,19.899150948003236
2025-07-08 20:00:00,2025-07-08 19:10:00,266.35772705078125,61.0,61.0,32.0,216.2,23.2,4.45,3,0,3,0,9.79018498356514
2025-07-08 21:00:00,2025-07-08 20:10:00,227.43052673339844,1.0,1.0,1.0,0.0,22.0,2.23,0,0,0,0,0.37857915580418466
2025-07-08 22:00:00,2025-07-08 21:10:00,0.0,0.0,0.0,0.0,0.0,21.0,0.58,0,0,0,0,-7.978521648733582
2025-07-08 23:00:00,2025-07-08 22:10:00,0.0,0.0,0.0,0.0,0.0,20.3,0.76,0,0,0,0,-14.849567529997032
2025-07-09 00:00:00,2025-07-08 23:10:00,0.0,0.0,0.0,0.0,0.0,18.9,1.36,0,0,0,0,-19.744747083723162
2025-07-09 01:00:00,2025-07-09 00:10:00,0.0,0.0,0.0,0.0,0.0,17.4,1.58,0,0,0,0,-22.203157773149826
2025-07-09 02:00:00,2025-07-09 01:10:00,0.0,0.0,0.0,0.0,0.0,17.1,1.01,0,0,0,0,-21.94630132513555
2025-07-09 03:00:00,2025-07-09 02:10:00,0.0,0.0,0.0,0.0,0.0,16.4,1.05,0,0,0,0,-19.00502180833429
2025-07-09 04:00:00,2025-07-09 03:10:00,0.0,0.0,0.0,0.0,0.0,15.6,0.95,0,0,0,0,-13.70420980348703
2025-07-09 05:00:00,2025-07-09 04:10:00,0.0,0.0,0.0,0.0,0.0,14.8,0.78,0,0,0,0,-6.520588524026292
2025-07-09 06:00:00,2025-07-09 05:10:00,1384.2999267578125,46.0,46.0,25.0,172.9,15.4,0.81,0,0,0,0,2.0625879098026787
2025-07-09 07:00:00,2025-07-09 06:10:00,4084.57763671875,184.0,184.0,64.0,468.8,17.0,0.51,0,0,0,0,11.627797454753386
2025-07-09 08:00:00,2025-07-09 07:10:00,9956.5712890625,358.0,358.0,86.0,640.0,19.6,0.74,0,0,0,0,21.829295979607217
2025-07-09 09:00:00,2025-07-09 08:10:00,14989.4833984375,534.0,534.0,102.0,740.4,21.6,1.01,10,0,0,10,32.36109126183906
2025-07-09 10:00:00,2025-07-09 09:10:00,18938.6328125,690.0,690.0,114.0,799.5,22.9,1.02,17,0,0,17,42.89424416613867
2025-07-09 11:00:00,2025-07-09 10:10:00,21550.064453125,813.0,813.0,122.0,835.9,23.9,0.91,2,0,0,2,52.95029012119739
2025-07-09 12:00:00,2025-07-09 11:10:00,22469.138671875,893.0,893.0,125.0,858.3,25.0,0.54,0,0,0,0,61.59914818033586
2025-07-09 13:00:00,2025-07-09 12:10:00,22566.68359375,923.0,923.0,127.0,864.9,26.0,0.32,0,0,0,0,66.87808864824417
2025-07-09 14:00:00,2025-07-09 13:10:00,20859.185546875,902.0,902.0,125.0,862.0,26.9,1.29,0,0,0,0,66.27237405695307
2025-07-09 15:00:00,2025-07-09 14:10:00,17885.716796875,825.0,825.0,120.0,840.0,27.5,1.29,0,0,0,0,60.14786821549568
2025-07-09 16:00:00,2025-07-09 15:10:00,13686.015625,705.0,705.0,113.0,801.8,27.6,1.51,0,0,0,0,51.12146706702645
2025-07-09 17:00:00,2025-07-09 16:10:00,8193.68359375,551.0,551.0,102.0,741.8,27.5,1.66,0,0,0,0,40.920502088286646
2025-07-09 18:00:00,2025-07-09 17:10:00,2858.7685546875,378.0,378.0,89.0,643.2,27.1,1.84,0,0,0,0,30.352450491319658
2025-07-09 19:00:00,2025-07-09 18:10:00,1166.8543701171875,204.0,204.0,67.0,487.7,26.4,1.56,0,0,0,0,19.85200930964325
2025-07-09 20:00:00,2025-07-09 19:10:00,264.84722900390625,60.0,60.0,32.0,209.5,25.4,1.09,0,0,0,0,9.736675797646932
2025-07-09 21:00:00,2025-07-09 20:10:00,221.96063232421875,1.0,1.0,1.0,0.0,23.9,0.69,0,0,0,0,0.3159420707181732
2025-07-09 22:00:00,2025-07-09 21:10:00,0.0,0.0,0.0,0.0,0.0,22.9,0.3,0,0,0,0,-8.052614016372136
2025-07-09 23:00:00,2025-07-09 22:10:00,0.0,0.0,0.0,0.0,0.0,22.0,0.47,0,0,0,0,-14.936697853903699
2025-07-10 00:00:00,2025-07-09 23:10:00,0.0,0.0,0.0,0.0,0.0,21.0,0.74,0,0,0,0,-19.845079680440204
2025-07-10 01:00:00,2025-07-10 00:10:00,0.0,0.0,0.0,0.0,0.0,20.0,1.05,0,0,0,0,-22.31475062185255
2025-07-10 02:00:00,2025-07-10 01:10:00,0.0,0.0,0.0,0.0,0.0,18.9,0.92,0,0,0,0,-22.065182316517056
2025-07-10 03:00:00,2025-07-10 02:10:00,0.0,0.0,0.0,0.0,0.0,18.0,1.18,0,0,0,0,-19.126445783759443
2025-07-10 04:00:00,2025-07-10 03:10:00,0.0,0.0,0.0,0.0,0.0,17.3,1.63,0,0,0,0,-13.824259314025733
2025-07-10 05:00:00,2025-07-10 04:10:00,0.0,0.0,0.0,0.0,0.0,16.4,1.15,0,0,0,0,-6.6369736744756365
2025-07-10 06:00:00,2025-07-10 05:10:00,1349.0748291015625,43.0,43.0,24.0,157.7,16.6,1.27,0,0,0,0,1.9506287629112502
2025-07-10 07:00:00,2025-07-10 06:10:00,4030.57958984375,177.0,177.0,64.0,444.7,18.9,0.75,0,0,0,0,11.5199198864988
2025-07-10 08:00:00,2025-07-10 07:10:00,9808.2314453125,347.0,347.0,86.0,616.5,21.8,1.2,0,0,0,0,21.72436997728505
2025-07-10 09:00:00,2025-07-10 08:10:00,14793.0078125,520.0,520.0,103.0,716.5,24.1,1.34,0,0,0,0,32.257287582206665
2025-07-10 10:00:00,2025-07-10 09:10:00,18911.28125,675.0,675.0,113.0,781.5,26.0,1.03,0,0,0,0,42.78889124607157
2025-07-10 11:00:00,2025-07-10 10:10:00,21502.09765625,800.0,800.0,121.0,822.5,27.2,0.64,0,0,0,0,52.83968952193803
2025-07-10 12:00:00,2025-07-10 11:10:00,22398.892578125,881.0,881.0,125.0,845.8,28.3,0.36,0,0,0,0,61.47975972578001
2025-07-10 13:00:00,2025-07-10 12:10:00,22350.45703125,911.0,911.0,126.0,853.8,29.4,0.51,0,0,0,0,66.7549991951893
2025-07-10 14:00:00,2025-07-10 13:10:00,20769.109375,889.0,889.0,123.0,850.5,30.0,1.2,0,0,0,0,66.16819461275367
2025-07-10 15:00:00,2025-07-10 14:10:00,17549.2109375,813.0,813.0,119.0,827.6,30.3,1.35,3,0,3,0,60.07160439228255
2025-07-10 16:00:00,2025-07-10 15:10:00,13250.4921875,680.0,680.0,125.0,752.5,30.4,1.15,10,0,10,0,51.062965229764814
2025-07-10 17:00:00,2025-07-10 16:10:00,7778.9375,524.0,524.0,110.0,684.9,30.1,1.36,10,0,10,0,40.86980326606425
2025-07-10 18:00:00,2025-07-10 17:10:00,2625.0498046875,353.0,353.0,89.0,588.8,29.6,1.3,8,0,8,0,30.30303463914943
2025-07-10 19:00:00,2025-07-10 18:10:00,1080.712890625,192.0,192.0,68.0,443.1,28.8,1.61,3,0,3,0,19.799445239989804
2025-07-10 20:00:00,2025-07-10 19:10:00,260.2858581542969,58.0,58.0,31.0,202.9,27.1,2.25,0,0,0,0,9.677574778372271
2025-07-10 21:00:00,2025-07-10 20:10:00,220.90045166015625,1.0,1.0,1.0,0.0,25.4,1.81,0,0,0,0,0.24746282270004658
2025-07-10 22:00:00,2025-07-10 21:10:00,0.0,0.0,0.0,0.0,0.0,24.1,1.57,0,0,0,0,-8.132839675970711
2025-07-10 23:00:00,2025-07-10 22:10:00,0.0,0.0,0.0,0.0,0.0,23.2,1.55,0,0,0,0,-15.03023441917856
2025-07-11 00:00:00,2025-07-10 23:10:00,0.0,0.0,0.0,0.0,0.0,22.5,1.52,10,0,10,0,-19.951986683381048
2025-07-11 01:00:00,2025-07-11 00:10:00,0.0,0.0,0.0,0.0,0.0,21.5,1.88,10,0,10,0,-22.43288297589102
2025-07-11 02:00:00,2025-07-11 01:10:00,0.0,0.0,0.0,0.0,0.0,20.4,1.27,5,0,5,0,-22.1903081564822
2025-07-11 03:00:00,2025-07-11 02:10:00,0.0,0.0,0.0,0.0,0.0,19.5,1.0,0,0,0,0,-19.253595844922394
2025-07-11 04:00:00,2025-07-11 03:10:00,0.0,0.0,0.0,0.0,0.0,18.8,0.96,0,0,0,0,-13.94940207501926
2025-07-11 05:00:00,2025-07-11 04:10:00,0.0,0.0,0.0,0.0,0.0,18.3,1.08,0,0,0,0,-6.7578212764926375
2025-07-11 06:00:00,2025-07-11 05:10:00,1334.4129638671875,42.0,42.0,24.0,150.6,18.8,1.13,0,0,0,0,1.8347570955024581
2025-07-11 07:00:00,2025-07-11 06:10:00,3986.127685546875,172.0,172.0,63.0,432.2,20.6,0.84,0,0,0,0,11.408556128073245
2025-07-11 08:00:00,2025-07-11 07:10:00,9758.0966796875,340.0,340.0,86.0,602.4,22.9,1.27,0,0,0,0,21.616233864075355
2025-07-11 09:00:00,2025-07-11 08:10:00,14770.5009765625,511.0,511.0,103.0,703.0,25.0,1.17,0,0,0,0,32.150368072456295
2025-07-11 10:00:00,2025-07-11 09:10:00,18792.84375,665.0,665.0,114.0,767.7,26.8,1.1,0,0,0,0,42.68027798768157
2025-07-11 11:00:00,2025-07-11 10:10:00,21502.09765625,787.0,787.0,120.0,809.2,28.0,0.9,0,0,0,0,52.725341177098336
2025-07-11 12:00:00,2025-07-11 11:10:00,22006.626953125,869.0,869.0,125.0,833.3,29.1,0.96,1,0,1,0,61.355656063435575
2025-07-11 13:00:00,2025-07-11 12:10:00,21682.357421875,884.0,884.0,129.0,822.0,30.2,0.97,12,0,8,4,66.62586110019069
2025-07-11 14:00:00,2025-07-11 13:10:00,19229.349609375,799.0,799.0,160.0,710.2,30.5,0.95,32,1,18,17,66.05724759508739
2025-07-11 15:00:00,2025-07-11 14:10:00,15623.8955078125,704.0,704.0,170.0,637.4,30.9,1.17,47,0,18,35,59.9889370017255
2025-07-11 16:00:00,2025-07-11 15:10:00,11463.7216796875,569.0,569.0,165.0,548.4,30.8,1.03,46,0,12,40,50.99860961405087
2025-07-11 17:00:00,2025-07-11 16:10:00,6060.42138671875,405.0,405.0,161.0,404.3,30.6,0.92,28,0,7,23,40.813582814966956
2025-07-11 18:00:00,2025-07-11 17:10:00,2500.41552734375,321.0,321.0,104.0,485.1,30.7,1.11,15,0,14,1,30.24821281869978
2025-07-11 19:00:00,2025-07-11 18:10:00,1018.0827026367188,187.0,187.0,70.0,419.8,28.9,2.92,47,0,7,44,19.7414306871037
2025-07-11 20:00:00,2025-07-11 19:10:00,257.9378967285156,49.0,49.0,30.0,143.4,26.6,2.55,2,0,1,0,9.612863223363584
2025-07-11 21:00:00,2025-07-11 20:10:00,224.599609375,1.0,1.0,1.0,0.0,25.5,1.04,21,0,12,10,0.173133141851885
2025-07-11 22:00:00,2025-07-11 21:10:00,0.0,0.0,0.0,0.0,0.0,25.0,0.95,25,0,24,1,-8.219195632329926
2025-07-11 23:00:00,2025-07-11 22:10:00,0.0,0.0,0.0,0.0,0.0,24.3,0.67,18,0,18,0,-15.130162320283516
2025-07-12 00:00:00,2025-07-11 23:10:00,0.0,0.0,0.0,0.0,0.0,23.5,1.34,0,0,0,0,-20.065440693968313
2025-07-12 01:00:00,2025-07-12 00:10:00,0.0,0.0,0.0,0.0,0.0,22.5,1.81,15,0,15,0,-22.557514331026177
2025-07-12 02:00:00,2025-07-12 01:10:00,0.0,0.0,0.0,0.0,0.0,20.7,1.55,2,0,2,0,-22.321625077213422
2025-07-12 03:00:00,2025-07-12 02:10:00,0.0,0.0,0.0,0.0,0.0,20.1,2.32,21,0,21,0,-19.386406326607652
2025-07-12 04:00:00,2025-07-12 03:10:00,0.0,0.0,0.0,0.0,0.0,19.7,2.42,13,0,13,0,-14.079563733948747
2025-07-12 05:00:00,2025-07-12 04:10:00,0.0,0.0,0.0,0.0,0.0,18.5,2.95,3,0,3,0,-6.883052341031591
2025-07-12 06:00:00,2025-07-12 05:10:00,1318.040283203125,39.0,39.0,23.0,135.0,18.7,2.35,2,0,2,0,1.7150528282270465
2025-07-12 07:00:00,2025-07-12 06:10:00,4004.5390625,166.0,166.0,65.0,403.6,19.9,2.15,1,0,0,0,11.293784193704276
2025-07-12 08:00:00,2025-07-12 07:10:00,9505.703125,330.0,330.0,90.0,571.7,21.5,1.53,1,0,0,0,21.50496176533406
2025-07-12 09:00:00,2025-07-12 08:10:00,14778.4443359375,498.0,498.0,108.0,673.8,23.0,1.28,0,0,0,0,32.04040171026633
2025-07-12 10:00:00,2025-07-12 09:10:00,18637.263671875,654.0,654.0,118.0,748.3,24.4,1.59,2,1,1,0,42.56846781455011
2025-07-12 11:00:00,2025-07-12 10:10:00,21152.38671875,767.0,767.0,132.0,771.5,25.8,1.41,9,6,3,0,52.607304396807095
2025-07-12 12:00:00,2025-07-12 11:10:00,21172.037109375,813.0,813.0,151.0,742.4,27.0,0.81,15,0,10,6,61.22689796051314
2025-07-12 13:00:00,2025-07-12 12:10:00,20424.1875,808.0,808.0,204.0,658.3,28.8,0.15,14,3,10,2,66.49073804354454
2025-07-12 14:00:00,2025-07-12 13:10:00,18849.45703125,835.0,835.0,163.0,747.6,29.6,1.2,45,27,13,16,65.93956155421469
2025-07-12 15:00:00,2025-07-12 14:10:00,15306.37890625,729.0,729.0,179.0,657.2,30.0,1.3,51,46,9,7,59.899847456758344
2025-07-12 16:00:00,2025-07-12 15:10:00,11051.861328125,588.0,588.0,181.0,553.1,29.9,2.0,49,5,17,37,50.928363237895674
2025-07-12 17:00:00,2025-07-12 16:10:00,6393.0986328125,458.0,458.0,152.0,507.8,27.2,2.13,100,39,100,86,40.75180216601956
2025-07-12 18:00:00,2025-07-12 17:10:00,2164.137451171875,224.0,224.0,133.0,203.9,23.2,2.69,99,0,72,96,30.187951463943218
2025-07-12 19:00:00,2025-07-12 18:10:00,666.884033203125,78.0,78.0,72.0,21.6,22.5,2.51,98,3,4,98,19.67793993541509
2025-07-12 20:00:00,2025-07-12 19:10:00,245.74136352539062,43.0,43.0,36.0,53.1,22.7,1.59,39,5,3,35,9.54252483319225
2025-07-12 21:00:00,2025-07-12 20:10:00,225.204833984375,1.0,1.0,1.0,0.0,22.4,1.12,36,1,2,34,0.09294721170387045
2025-07-12 22:00:00,2025-07-12 21:10:00,0.0,0.0,0.0,0.0,0.0,22.0,1.62,93,1,1,93,-8.3116764318061
2025-07-12 23:00:00,2025-07-12 22:10:00,0.0,0.0,0.0,0.0,0.0,21.5,2.01,23,18,5,5,-15.2364642466987
2025-07-13 00:00:00,2025-07-12 23:10:00,0.0,0.0,0.0,0.0,0.0,20.5,1.91,41,32,13,8,-20.185412006604924
2025-07-13 01:00:00,2025-07-13 00:10:00,0.0,0.0,0.0,0.0,0.0,19.8,1.17,68,34,17,46,-22.68860198096411
2025-07-13 02:00:00,2025-07-13 01:10:00,0.0,0.0,0.0,0.0,0.0,19.5,1.9,99,37,57,98,-22.459077207359307
2025-07-13 03:00:00,2025-07-13 02:10:00,0.0,0.0,0.0,0.0,0.0,19.0,3.46,76,40,16,52,-19.52480960381215
2025-07-13 04:00:00,2025-07-13 03:10:00,0.0,0.0,0.0,0.0,0.0,18.5,2.59,91,28,29,86,-14.21466823145267
2025-07-13 05:00:00,2025-07-13 04:10:00,0.0,0.0,0.0,0.0,0.0,18.4,2.02,100,92,100,66,-7.012586539992353
2025-07-13 06:00:00,2025-07-13 05:10:00,1091.673095703125,29.0,29.0,20.0,76.6,18.2,1.11,99,55,62,96,1.5915967803074544
2025-07-13 07:00:00,2025-07-13 06:10:00,2066.577880859375,56.0,56.0,54.0,8.1,18.4,1.08,100,66,84,100,11.175682529562943
2025-07-13 08:00:00,2025-07-13 07:10:00,4326.52392578125,91.0,91.0,90.0,2.4,18.9,1.83,100,100,100,65,21.390627777114293
2025-07-13 09:00:00,2025-07-13 08:10:00,10186.5263671875,314.0,314.0,219.0,164.6,20.5,1.13,100,100,100,11,31.92745700995699
2025-07-13 10:00:00,2025-07-13 09:10:00,10430.9208984375,312.0,312.0,204.0,151.1,21.1,0.57,100,100,100,17,42.45352331565808
2025-07-13 11:00:00,2025-07-13 10:10:00,14339.6650390625,407.0,407.0,277.0,158.2,22.5,0.95,79,45,63,1,52.48563746180919
2025-07-13 12:00:00,2025-07-13 11:10:00,12949.3291015625,528.0,528.0,334.0,217.8,24.1,0.25,100,100,95,10,61.09354550437538
2025-07-13 13:00:00,2025-07-13 12:10:00,16628.064453125,543.0,543.0,266.0,302.2,25.0,0.1,20,9,2,10,66.34969474259633
2025-07-13 14:00:00,2025-07-13 13:10:00,18374.21875,759.0,759.0,178.0,647.1,27.0,1.68,52,18,41,0,65.81516853259188
2025-07-13 15:00:00,2025-07-13 14:10:00,13361.150390625,635.0,635.0,176.0,549.1,27.4,1.78,55,21,37,20,59.804320716481456
2025-07-13 16:00:00,2025-07-13 15:10:00,7180.57861328125,409.0,409.0,188.0,300.7,24.1,2.21,75,29,66,19,50.85219195586352
2025-07-13 17:00:00,2025-07-13 16:10:00,6584.55078125,458.0,458.0,143.0,523.7,25.4,1.92,24,3,13,11,40.68442522933635
2025-07-13 18:00:00,2025-07-13 17:10:00,2540.9912109375,318.0,318.0,118.0,449.4,25.5,1.2,30,18,10,5,30.122219389495044
2025-07-13 19:00:00,2025-07-13 18:10:00,994.920654296875,174.0,174.0,72.0,369.5,25.1,1.61,27,4,20,5,19.608949664223573
2025-07-13 20:00:00,2025-07-13 19:10:00,259.3020935058594,49.0,49.0,30.0,145.0,24.1,1.99,19,4,16,0,9.466545749484123
2025-07-13 21:00:00,2025-07-13 20:10:00,227.34580993652344,1.0,1.0,1.0,0.0,23.5,2.11,21,8,15,0,0.006901688865305713
2025-07-13 22:00:00,2025-07-13 21:10:00,0.0,0.0,0.0,0.0,0.0,22.8,2.02,19,7,14,0,-8.410274159316007
2025-07-13 23:00:00,2025-07-13 22:10:00,0.0,0.0,0.0,0.0,0.0,22.3,1.98,2,1,2,0,-15.349120494678342
2025-07-14 00:00:00,2025-07-13 23:10:00,0.0,0.0,0.0,0.0,0.0,21.6,1.79,1,0,1,0,-20.31186863299093
2025-07-14 01:00:00,2025-07-14 00:10:00,0.0,0.0,0.0,0.0,0.0,21.1,1.36,0,0,0,0,-22.82610105185497
2025-07-14 02:00:00,2025-07-14 01:10:00,0.0,0.0,0.0,0.0,0.0,21.8,1.73,1,0,1,0,-22.602606615212498
2025-07-14 03:00:00,2025-07-14 02:10:00,0.0,0.0,0.0,0.0,0.0,21.5,1.58,4,2,2,0,-19.66873614403193
2025-07-14 04:00:00,2025-07-14 03:10:00,0.0,0.0,0.0,0.0,0.0,21.0,0.99,5,4,1,0,-14.35463786345542
2025-07-14 05:00:00,2025-07-14 04:10:00,0.0,0.0,0.0,0.0,0.0,20.3,0.36,4,1,4,0,-7.146342276701885
2025-07-14 06:00:00,2025-07-14 05:10:00,1248.750244140625,32.0,32.0,24.0,68.7,20.4,0.32,6,1,6,0,1.464470594524053
2025-07-14 07:00:00,2025-07-14 06:10:00,3720.22314453125,141.0,141.0,74.0,272.2,21.5,0.0,3,0,3,1,11.054329938958919
2025-07-14 08:00:00,2025-07-14 07:10:00,9101.7763671875,318.0,318.0,94.0,538.4,23.5,0.2,2,0,2,0,21.273305896197428
2025-07-14 09:00:00,2025-07-14 08:10:00,14645.490234375,481.0,481.0,112.0,641.3,25.2,0.46,0,0,0,0,31.811601961606637
2025-07-14 10:00:00,2025-07-14 09:10:00,18521.75390625,646.0,646.0,116.0,743.0,27.0,0.86,5,2,4,0,42.33550619734548
2025-07-14 11:00:00,2025-07-14 10:10:00,20807.23828125,743.0,743.0,133.0,743.5,28.5,1.11,20,3,19,0,52.360397589077266
2025-07-14 12:00:00,2025-07-14 11:10:00,20890.419921875,758.0,758.0,176.0,654.4,29.8,1.1,24,1,23,0,60.95565806324452
2025-07-14 13:00:00,2025-07-14 12:10:00,20847.841796875,771.0,771.0,171.0,655.4,30.6,1.25,11,1,10,0,66.20279684748145
2025-07-14 14:00:00,2025-07-14 13:10:00,18331.755859375,705.0,705.0,183.0,582.0,30.6,1.77,20,5,14,3,65.68410400704994
2025-07-14 15:00:00,2025-07-14 14:10:00,15829.666015625,682.0,682.0,164.0,620.4,31.1,1.76,26,0,20,6,59.70234537688065
2025-07-14 16:00:00,2025-07-14 15:10:00,11811.087890625,561.0,561.0,148.0,562.8,31.1,1.8,22,0,11,12,50.77006458003994
2025-07-14 17:00:00,2025-07-14 16:10:00,7169.8623046875,457.0,457.0,122.0,558.0,31.1,1.84,57,2,4,55,40.61141849790607
2025-07-14 18:00:00,2025-07-14 17:10:00,2528.3349609375,333.0,333.0,115.0,491.2,30.9,1.81,25,1,1,24,30.05098787069562
2025-07-14 19:00:00,2025-07-14 18:10:00,988.2680053710938,177.0,177.0,73.0,378.7,30.1,1.33,14,0,2,13,19.53443900542216
2025-07-14 20:00:00,2025-07-14 19:10:00,266.95233154296875,53.0,53.0,29.0,184.2,28.9,0.55,3,0,0,3,9.38491459237619
2025-07-14 21:00:00,2025-07-14 20:10:00,0.0,0.0,0.0,0.0,0.0,27.5,0.45,2,0,0,2,-0.0850042779264457
2025-07-14 22:00:00,2025-07-14 21:10:00,0.0,0.0,0.0,0.0,0.0,26.3,0.63,0,0,0,0,-8.514978435964782
2025-07-14 23:00:00,2025-07-14 22:10:00,0.0,0.0,0.0,0.0,0.0,25.2,0.67,0,0,0,0,-15.468108979752776
2025-07-15 00:00:00,2025-07-14 23:10:00,0.0,0.0,0.0,0.0,0.0,24.1,0.4,2,0,0,2,-20.44477632743226
2025-07-15 01:00:00,2025-07-15 00:10:00,0.0,0.0,0.0,0.0,0.0,23.6,0.11,9,0,0,9,-22.96996453811659
2025-07-15 02:00:00,2025-07-15 01:10:00,0.0,0.0,0.0,0.0,0.0,23.5,0.25,0,0,0,0,-22.752153353572034
2025-07-15 03:00:00,2025-07-15 02:10:00,0.0,0.0,0.0,0.0,0.0,22.5,0.75,49,0,0,49,-19.818114561580767
2025-07-15 04:00:00,2025-07-15 03:10:00,0.0,0.0,0.0,0.0,0.0,22.1,0.76,44,0,3,44,-14.499393345563634
2025-07-15 05:00:00,2025-07-15 04:10:00,0.0,0.0,0.0,0.0,0.0,21.5,0.78,28,0,4,26,-7.284236758654858
2025-07-15 06:00:00,2025-07-15 05:10:00,1246.2763671875,35.0,35.0,23.0,104.1,22.0,1.3,23,0,0,23,1.3337566602324264
2025-07-15 07:00:00,2025-07-15 06:10:00,3899.909423828125,157.0,157.0,66.0,373.0,23.1,0.83,17,0,0,17,10.929805506087787
2025-07-15 08:00:00,2025-07-15 07:10:00,9286.671875,323.0,323.0,92.0,557.8,25.2,0.76,13,0,0,13,21.153069949374395
2025-07-15 09:00:00,2025-07-15 08:10:00,14396.9443359375,492.0,492.0,106.0,672.8,27.5,0.76,7,0,0,7,31.692903970291745
2025-07-15 10:00:00,2025-07-15 09:10:00,18409.951171875,649.0,649.0,116.0,748.8,29.6,0.81,4,0,0,4,42.2144772365321
2025-07-15 11:00:00,2025-07-15 10:10:00,21210.822265625,776.0,776.0,117.0,804.6,31.4,1.12,6,0,6,0,52.231640900274
2025-07-15 12:00:00,2025-07-15 11:10:00,21455.36328125,843.0,843.0,132.0,800.5,32.7,1.68,5,0,4,1,60.813294251862786
2025-07-15 13:00:00,2025-07-15 12:10:00,20909.486328125,833.0,833.0,156.0,740.4,33.2,1.45,29,0,23,8,66.05011084121872
2025-07-15 14:00:00,2025-07-15 13:10:00,17854.1328125,744.0,744.0,209.0,597.2,31.4,1.64,42,2,20,27,65.54640682238822
2025-07-15 15:00:00,2025-07-15 14:10:00,14708.5966796875,622.0,622.0,210.0,494.1,31.7,1.18,25,3,23,2,59.59391375173301
2025-07-15 16:00:00,2025-07-15 15:10:00,11764.65625,565.0,565.0,156.0,558.2,31.5,0.56,44,4,17,33,50.681952996209056
2025-07-15 17:00:00,2025-07-15 16:10:00,6304.06494140625,410.0,410.0,163.0,412.2,31.5,0.5,17,0,12,6,40.53275114906461
2025-07-15 18:00:00,2025-07-15 17:10:00,2502.674072265625,313.0,313.0,93.0,497.3,31.5,0.95,20,0,20,0,29.974230722359017
2025-07-15 19:00:00,2025-07-15 18:10:00,1049.6654052734375,176.0,176.0,64.0,410.1,30.8,0.49,0,0,0,0,19.454389600298665
2025-07-15 20:00:00,2025-07-15 19:10:00,266.95233154296875,52.0,52.0,28.0,185.3,29.2,0.47,17,0,0,16,9.297622497247708
2025-07-15 21:00:00,2025-07-15 20:10:00,0.0,0.0,0.0,0.0,0.0,28.0,0.82,48,0,0,48,-0.18276902938170603
2025-07-15 22:00:00,2025-07-15 21:10:00,0.0,0.0,0.0,0.0,0.0,26.5,1.59,78,0,0,78,-8.625776417281218
2025-07-15 23:00:00,2025-07-15 22:10:00,0.0,0.0,0.0,0.0,0.0,25.5,1.28,70,0,0,70,-15.593405249932287
2025-07-16 00:00:00,2025-07-15 23:10:00,0.0,0.0,0.0,0.0,0.0,24.8,0.81,100,0,0,100,-20.584098613082244
2025-07-16 01:00:00,2025-07-16 00:10:00,0.0,0.0,0.0,0.0,0.0,23.8,1.19,100,0,0,100,-23.120143339517895
2025-07-16 02:00:00,2025-07-16 01:10:00,0.0,0.0,0.0,0.0,0.0,22.9,1.51,75,2,0,75,-22.9076555062272
2025-07-16 03:00:00,2025-07-16 02:10:00,0.0,0.0,0.0,0.0,0.0,22.0,0.99,28,8,0,22,-19.972871673883937
2025-07-16 04:00:00,2025-07-16 03:10:00,0.0,0.0,0.0,0.0,0.0,21.1,0.82,56,10,0,51,-14.64885387967593
2025-07-16 05:00:00,2025-07-16 04:10:00,0.0,0.0,0.0,0.0,0.0,20.7,0.82,60,8,0,57,-7.426186072456971
2025-07-16 06:00:00,2025-07-16 05:10:00,1264.909423828125,36.0,36.0,22.0,122.6,21.2,1.0,38,1,0,38,1.1995380344705786
2025-07-16 07:00:00,2025-07-16 06:10:00,3909.14306640625,163.0,163.0,63.0,413.6,22.8,0.22,18,0,0,18,10.802188518383954
2025-07-16 08:00:00,2025-07-16 07:10:00,9267.416015625,332.0,332.0,83.0,604.2,25.5,0.46,0,0,0,0,21.029993522012212
2025-07-16 09:00:00,2025-07-16 08:10:00,14642.0390625,504.0,504.0,98.0,709.9,28.0,1.75,0,0,0,0,31.571429795452474
2025-07-16 10:00:00,2025-07-16 09:10:00,18646.791015625,657.0,657.0,108.0,773.0,29.0,2.93,0,0,0,0,42.09049623514338
2025-07-16 11:00:00,2025-07-16 10:10:00,21600.392578125,778.0,778.0,116.0,809.6,30.1,2.85,0,0,0,0,52.099422392914086
2025-07-16 12:00:00,2025-07-16 11:10:00,21924.107421875,855.0,855.0,120.0,828.8,31.1,2.5,28,0,1,27,60.66651190186021
2025-07-16 13:00:00,2025-07-16 12:10:00,21633.16796875,875.0,875.0,130.0,815.9,32.0,2.48,9,0,7,3,65.89170394436397
2025-07-16 14:00:00,2025-07-16 13:10:00,19958.697265625,837.0,837.0,130.0,790.2,33.8,1.87,12,0,12,0,65.40211911701017
2025-07-16 15:00:00,2025-07-16 14:10:00,16780.33203125,738.0,738.0,132.0,727.7,34.2,1.47,7,0,7,0,59.47902194332164
2025-07-16 16:00:00,2025-07-16 15:10:00,12906.955078125,646.0,646.0,117.0,723.2,34.5,1.37,6,0,6,0,50.587832274714756
2025-07-16 17:00:00,2025-07-16 16:10:00,7819.65283203125,488.0,488.0,106.0,638.9,33.9,1.9,7,0,7,0,40.448395143275505
2025-07-16 18:00:00,2025-07-16 17:10:00,2629.18798828125,354.0,354.0,85.0,610.0,33.2,1.6,2,0,2,0,29.891924375938864
2025-07-16 19:00:00,2025-07-16 18:10:00,1058.3719482421875,184.0,184.0,63.0,445.8,32.2,0.96,3,0,3,0,19.368785655260073
2025-07-16 20:00:00,2025-07-16 19:10:00,260.2858581542969,51.0,51.0,27.0,186.5,29.9,2.29,0,0,0,0,9.204663150643604
2025-07-16 21:00:00,2025-07-16 20:10:00,0.0,0.0,0.0,0.0,0.0,28.0,2.68,1,0,1,0,-0.2863883778880372
2025-07-16 22:00:00,2025-07-16 21:10:00,0.0,0.0,0.0,0.0,0.0,27.3,1.95,4,0,4,0,-8.742652792047991
2025-07-16 23:00:00,2025-07-16 22:10:00,0.0,0.0,0.0,0.0,0.0,26.5,1.6,5,0,5,0,-15.724982499573535
2025-07-17 00:00:00,2025-07-16 23:10:00,0.0,0.0,0.0,0.0,0.0,25.8,0.96,4,0,4,0,-20.72979680905818
2025-07-17 01:00:00,2025-07-17 00:10:00,0.0,0.0,0.0,0.0,0.0,25.0,1.16,2,0,1,0,-23.276586299456653
2025-07-17 02:00:00,2025-07-17 01:10:00,0.0,0.0,0.0,0.0,0.0,24.0,3.04,14,0,6,9,-23.06904923599658
2025-07-17 03:00:00,2025-07-17 02:10:00,0.0,0.0,0.0,0.0,0.0,22.7,2.23,34,0,4,31,-20.132932559684406
2025-07-17 04:00:00,2025-07-17 03:10:00,0.0,0.0,0.0,0.0,0.0,22.5,1.42,61,0,1,61,-14.802937222745243
2025-07-17 05:00:00,2025-07-17 04:10:00,0.0,0.0,0.0,0.0,0.0,22.3,0.85,57,0,12,51,-7.572105260904885
2025-07-17 06:00:00,2025-07-17 05:10:00,1269.3797607421875,34.0,34.0,21.0,115.1,23.0,1.44,16,1,15,0,1.0618983612253112
2025-07-17 07:00:00,2025-07-17 06:10:00,3942.1533203125,157.0,157.0,61.0,400.8,25.0,1.0,10,0,10,0,10.671558387544927
2025-07-17 08:00:00,2025-07-17 07:10:00,8928.9443359375,330.0,330.0,82.0,604.8,27.0,1.16,7,0,7,0,20.904149885955672
2025-07-17 09:00:00,2025-07-17 08:10:00,14621.9140625,493.0,493.0,99.0,691.2,28.8,2.04,3,0,3,0,31.447245490400135
2025-07-17 10:00:00,2025-07-17 09:10:00,18713.80859375,649.0,649.0,109.0,762.1,30.0,2.46,5,0,5,0,41.963621975701095
2025-07-17 11:00:00,2025-07-17 10:10:00,21136.958984375,760.0,760.0,120.0,784.1,31.1,2.25,9,0,8,1,51.963795914087505
2025-07-17 12:00:00,2025-07-17 11:10:00,21671.564453125,811.0,811.0,133.0,765.6,32.0,2.25,10,0,10,0,60.51536803658394
2025-07-17 13:00:00,2025-07-17 12:10:00,21255.482421875,824.0,824.0,147.0,742.4,32.5,2.52,9,0,9,0,65.72764402438672
2025-07-17 14:00:00,2025-07-17 13:10:00,19948.25390625,818.0,818.0,143.0,755.4,33.5,2.83,17,0,17,1,65.25128624127714
2025-07-17 15:00:00,2025-07-17 14:10:00,16405.58203125,702.0,702.0,136.0,680.6,33.3,2.92,19,0,19,0,59.357669902660774
2025-07-17 16:00:00,2025-07-17 15:10:00,12868.052734375,603.0,603.0,130.0,647.7,33.0,2.93,12,0,12,0,50.48768077550792
2025-07-17 17:00:00,2025-07-17 16:10:00,7698.02392578125,459.0,459.0,109.0,586.7,32.5,2.77,9,0,9,0,40.35832531984242
2025-07-17 18:00:00,2025-07-17 17:10:00,2520.802001953125,329.0,329.0,89.0,546.1,32.0,2.57,4,0,4,0,29.804047954860312
2025-07-17 19:00:00,2025-07-17 18:10:00,1024.56005859375,179.0,179.0,63.0,430.1,31.1,2.5,1,0,1,0,19.27761399632365
2025-07-17 20:00:00,2025-07-17 19:10:00,260.2858581542969,50.0,50.0,27.0,180.0,29.7,2.35,4,0,4,0,9.106032825302457
2025-07-17 21:00:00,2025-07-17 20:10:00,0.0,0.0,0.0,0.0,0.0,28.6,2.17,0,0,0,0,-0.39585559042698565
2025-07-17 22:00:00,2025-07-17 21:10:00,0.0,0.0,0.0,0.0,0.0,27.5,2.09,1,0,1,0,-8.865589781720072
2025-07-17 23:00:00,2025-07-17 22:10:00,0.0,0.0,0.0,0.0,0.0,26.5,2.07,10,2,10,0,-15.862811583870734
2025-07-18 00:00:00,2025-07-17 23:10:00,0.0,0.0,0.0,0.0,0.0,25.6,2.69,11,0,11,0,-20.881830058376824
2025-07-18 01:00:00,2025-07-18 00:10:00,0.0,0.0,0.0,0.0,0.0,24.9,2.84,11,0,11,0,-23.439240244365696
2025-07-18 02:00:00,2025-07-18 01:10:00,0.0,0.0,0.0,0.0,0.0,24.1,2.87,5,0,5,0,-23.236268834254652
2025-07-18 03:00:00,2025-07-18 02:10:00,0.0,0.0,0.0,0.0,0.0,23.5,2.94,10,0,7,3,-20.2982206190951
2025-07-18 04:00:00,2025-07-18 03:10:00,0.0,0.0,0.0,0.0,0.0,23.0,2.55,62,0,16,55,-14.961559757624135
2025-07-18 05:00:00,2025-07-18 04:10:00,0.0,0.0,0.0,0.0,0.0,22.5,2.06,70,2,12,66,-7.721908402126908
2025-07-18 06:00:00,2025-07-18 05:10:00,1138.099853515625,28.0,28.0,23.0,44.7,22.6,1.68,94,8,12,93,0.9209217889406566
2025-07-18 07:00:00,2025-07-18 06:10:00,3592.69677734375,133.0,133.0,85.0,202.3,23.4,1.25,23,12,16,7,10.537994569306452
2025-07-18 08:00:00,2025-07-18 07:10:00,9005.939453125,315.0,315.0,88.0,556.4,24.6,1.52,22,18,3,4,20.775611926826958
2025-07-18 09:00:00,2025-07-18 08:10:00,14589.017578125,484.0,484.0,109.0,660.0,26.1,1.95,12,11,1,0,31.32041634199642
2025-07-18 10:00:00,2025-07-18 09:10:00,18265.32421875,617.0,617.0,132.0,686.1,27.6,2.03,10,10,2,0,41.833912178051804
2025-07-18 11:00:00,2025-07-18 10:10:00,20624.462890625,724.0,724.0,161.0,691.1,28.6,1.98,11,10,1,0,51.82481413661945
2025-07-18 12:00:00,2025-07-18 11:10:00,20899.345703125,783.0,783.0,174.0,688.8,29.2,2.0,5,2,1,1,60.35991885014801
2025-07-18 13:00:00,2025-07-18 12:10:00,20902.00390625,849.0,849.0,152.0,765.4,30.2,1.25,87,0,2,86,65.55799950989093
2025-07-18 14:00:00,2025-07-18 13:10:00,19374.439453125,801.0,801.0,165.0,712.8,31.1,0.94,6,0,2,4,65.09395666929079
2025-07-18 15:00:00,2025-07-18 14:10:00,16931.0859375,756.0,756.0,137.0,745.5,31.5,0.74,35,0,10,30,59.229861479015646
2025-07-18 16:00:00,2025-07-18 15:10:00,12837.896484375,610.0,610.0,148.0,633.8,31.6,0.61,6,0,5,1,50.38148024691158
2025-07-18 17:00:00,2025-07-18 16:10:00,7704.69140625,496.0,496.0,117.0,636.9,31.4,0.67,12,0,7,9,40.26251948918599
2025-07-18 18:00:00,2025-07-18 17:10:00,2488.33154296875,333.0,333.0,95.0,543.6,31.0,1.17,8,0,4,7,29.710583347766722
2025-07-18 19:00:00,2025-07-18 18:10:00,988.0643920898438,175.0,175.0,66.0,406.8,30.0,1.41,8,0,7,5,19.180864122212494
2025-07-18 20:00:00,2025-07-18 19:10:00,264.3726806640625,46.0,46.0,26.0,157.7,28.7,1.85,5,4,0,1,9.001730414196953
2025-07-18 21:00:00,2025-07-18 20:10:00,0.0,0.0,0.0,0.0,0.0,27.9,1.98,10,4,0,7,-0.511161372217049
2025-07-18 22:00:00,2025-07-18 21:10:00,0.0,0.0,0.0,0.0,0.0,27.2,1.9,11,1,0,11,-8.994567140427627
2025-07-18 23:00:00,2025-07-18 22:10:00,0.0,0.0,0.0,0.0,0.0,26.5,1.77,44,0,0,44,-16.00686103393736
2025-07-19 00:00:00,2025-07-18 23:10:00,0.0,0.0,0.0,0.0,0.0,26.0,1.35,49,0,0,49,-21.040155356654086
2025-07-19 01:00:00,2025-07-19 00:10:00,0.0,0.0,0.0,0.0,0.0,25.4,1.27,100,0,1,100,-23.608050024181804
2025-07-19 02:00:00,2025-07-19 01:10:00,0.0,0.0,0.0,0.0,0.0,24.5,1.14,4,3,0,1,-23.409246771875626
2025-07-19 03:00:00,2025-07-19 02:10:00,0.0,0.0,0.0,0.0,0.0,23.8,0.96,6,5,6,0,-20.468657635426094
2025-07-19 04:00:00,2025-07-19 03:10:00,0.0,0.0,0.0,0.0,0.0,23.3,0.94,25,3,13,14,-15.124636565918435
2025-07-19 05:00:00,2025-07-19 04:10:00,0.0,0.0,0.0,0.0,0.0,23.0,1.23,29,12,22,8,-7.875508690698789
2025-07-19 06:00:00,2025-07-19 05:10:00,1182.8240966796875,29.0,29.0,20.0,81.4,23.0,1.29,40,10,26,19,0.7766928863612034
2025-07-19 07:00:00,2025-07-19 06:10:00,3673.19775390625,140.0,140.0,68.0,306.5,23.7,1.25,47,11,34,19,10.401576482060223
2025-07-19 08:00:00,2025-07-19 07:10:00,6290.58154296875,258.0,258.0,127.0,322.8,24.8,1.63,99,8,39,99,20.644452070799996
2025-07-19 09:00:00,2025-07-19 08:10:00,11310.12890625,461.0,461.0,131.0,582.8,26.5,1.97,100,7,52,100,31.191006810549847
2025-07-19 10:00:00,2025-07-19 09:10:00,13234.1474609375,445.0,445.0,228.0,307.7,27.1,2.37,100,4,9,100,41.70142345722158
2025-07-19 11:00:00,2025-07-19 10:10:00,12864.474609375,527.0,527.0,300.0,279.2,27.8,2.27,99,20,15,98,51.68252853755654
2025-07-19 12:00:00,2025-07-19 11:10:00,13198.751953125,535.0,535.0,320.0,243.5,28.0,2.04,100,3,90,96,60.20021969046891
2025-07-19 13:00:00,2025-07-19 12:10:00,10195.892578125,527.0,527.0,313.0,235.3,28.6,1.9,100,28,87,99,65.38283930976341
2025-07-19 14:00:00,2025-07-19 13:10:00,15026.6728515625,708.0,708.0,288.0,471.4,28.5,1.53,99,1,10,99,64.93018190484283
2025-07-19 15:00:00,2025-07-19 14:10:00,8148.2060546875,382.0,382.0,323.0,71.2,28.0,2.48,98,10,11,97,59.0956044585834
2025-07-19 16:00:00,2025-07-19 15:10:00,6540.478515625,291.0,291.0,266.0,34.4,25.1,1.38,100,26,37,100,50.26921591767248
2025-07-19 17:00:00,2025-07-19 16:10:00,4225.9541015625,118.0,118.0,105.0,21.9,24.4,2.06,63,0,3,62,40.160958521327785
2025-07-19 18:00:00,2025-07-19 17:10:00,2273.2353515625,273.0,273.0,140.0,304.9,24.7,1.95,100,2,20,100,29.611515279430687
2025-07-19 19:00:00,2025-07-19 18:10:00,653.916748046875,68.0,68.0,64.0,15.0,24.7,1.28,48,20,9,33,19.0785282558927
2025-07-19 20:00:00,2025-07-19 19:10:00,227.05752563476562,37.0,37.0,30.0,55.6,24.0,2.04,96,11,17,94,8.891757463490906
2025-07-19 21:00:00,2025-07-19 20:10:00,0.0,0.0,0.0,0.0,0.0,23.2,1.9,45,18,16,24,-0.6322938511253201
2025-07-19 22:00:00,2025-07-19 21:10:00,0.0,0.0,0.0,0.0,0.0,22.0,2.46,81,74,24,7,-9.12956215556443
2025-07-19 23:00:00,2025-07-19 22:10:00,0.0,0.0,0.0,0.0,0.0,20.6,1.88,58,48,27,1,-16.157097072447296
2025-07-20 00:00:00,2025-07-19 23:10:00,0.0,0.0,0.0,0.0,0.0,21.0,1.2,95,4,14,94,-21.204727581515705
2025-07-20 01:00:00,2025-07-20 00:10:00,0.0,0.0,0.0,0.0,0.0,21.0,0.99,98,17,18,97,-23.78295855381125
2025-07-20 02:00:00,2025-07-20 01:10:00,0.0,0.0,0.0,0.0,0.0,20.3,1.96,97,65,30,89,-23.587913751522656
2025-07-20 03:00:00,2025-07-20 02:10:00,0.0,0.0,0.0,0.0,0.0,20.5,1.1,100,37,36,100,-20.644163838711314
2025-07-20 04:00:00,2025-07-20 03:10:00,0.0,0.0,0.0,0.0,0.0,20.2,0.92,99,28,24,99,-15.292081502765546
2025-07-20 05:00:00,2025-07-20 04:10:00,0.0,0.0,0.0,0.0,0.0,20.0,0.35,73,38,24,51,-8.032818520639353
2025-07-20 06:00:00,2025-07-20 05:10:00,881.4222412109375,15.0,15.0,13.0,18.3,20.2,0.97,51,41,29,13,0.6292965568161474
2025-07-20 07:00:00,2025-07-20 06:10:00,2827.10009765625,66.0,66.0,57.0,38.7,20.6,1.8,67,57,22,18,10.262383424419635
2025-07-20 08:00:00,2025-07-20 07:10:00,4377.1103515625,93.0,93.0,68.0,61.9,20.9,1.34,100,99,10,97,20.510742210940332
2025-07-20 09:00:00,2025-07-20 08:10:00,7324.46337890625,196.0,196.0,148.0,85.1,22.0,0.7,94,41,23,88,31.05908046998778
2025-07-20 10:00:00,2025-07-20 09:10:00,15544.5830078125,464.0,464.0,246.0,309.9,24.0,0.81,97,37,23,93,41.56621128240112
2025-07-20 11:00:00,2025-07-20 10:10:00,16332.5751953125,601.0,601.0,210.0,481.8,25.5,0.63,92,26,18,88,51.53698937888502
2025-07-20 12:00:00,2025-07-20 11:10:00,16332.451171875,646.0,646.0,290.0,403.9,27.0,0.82,86,48,20,65,60.03632504606202
2025-07-20 13:00:00,2025-07-20 12:10:00,14608.10546875,579.0,579.0,305.0,301.8,27.5,0.93,74,52,32,24,65.20223273729755
2025-07-20 14:00:00,2025-07-20 13:10:00,17211.791015625,699.0,699.0,185.0,577.7,29.2,2.22,67,16,29,46,64.76001638228855
2025-07-20 15:00:00,2025-07-20 14:10:00,14565.83203125,680.0,680.0,174.0,611.4,27.9,2.23,74,48,40,24,58.954910592286275
2025-07-20 16:00:00,2025-07-20 15:10:00,9196.376953125,478.0,478.0,192.0,393.9,28.8,1.12,35,0,23,17,50.15087658190578
2025-07-20 17:00:00,2025-07-20 16:10:00,4850.900390625,383.0,383.0,177.0,348.0,27.7,0.49,62,27,40,21,40.05362643023779
2025-07-20 18:00:00,2025-07-20 17:10:00,2305.743896484375,241.0,241.0,122.0,274.0,26.0,0.7,47,5,27,30,29.506831379083454
2025-07-20 19:00:00,2025-07-20 18:10:00,673.163818359375,95.0,95.0,66.0,109.8,25.3,1.17,63,32,15,36,18.970601394388094
2025-07-20 20:00:00,2025-07-20 19:10:00,243.5897216796875,38.0,38.0,28.0,80.1,23.7,2.95,78,34,30,58,8.77611820431379
2025-07-20 21:00:00,2025-07-20 20:10:00,0.0,0.0,0.0,0.0,0.0,21.6,2.95,94,78,44,66,-0.7592385628936955
2025-07-20 22:00:00,2025-07-20 21:10:00,0.0,0.0,0.0,0.0,0.0,20.9,2.15,94,88,68,30,-9.270549648965737
2025-07-20 23:00:00,2025-07-20 22:10:00,0.0,0.0,0.0,0.0,0.0,20.9,1.64,100,100,92,5,-16.313483629807088
2025-07-21 00:00:00,2025-07-20 23:10:00,0.0,0.0,0.0,0.0,0.0,20.6,1.99,100,100,100,4,-21.375499522667454
2025-07-21 01:00:00,2025-07-21 00:10:00,0.0,0.0,0.0,0.0,0.0,20.4,1.8,100,100,52,8,-23.963906855526243
2025-07-21 02:00:00,2025-07-21 01:10:00,0.0,0.0,0.0,0.0,0.0,20.9,0.72,27,10,13,7,-23.772198761208323
2025-07-21 03:00:00,2025-07-21 02:10:00,0.0,0.0,0.0,0.0,0.0,20.5,1.5,98,52,10,95,-20.824657970855355
2025-07-21 04:00:00,2025-07-21 03:10:00,0.0,0.0,0.0,0.0,0.0,20.0,2.46,100,100,91,100,-15.463807273448056
2025-07-21 05:00:00,2025-07-21 04:10:00,0.0,0.0,0.0,0.0,0.0,19.6,3.37,100,95,14,97,-8.193749570180787
2025-07-21 06:00:00,2025-07-21 05:10:00,746.366455078125,9.0,9.0,9.0,0.0,18.9,3.56,98,89,52,65,0.4788179510607198
2025-07-21 07:00:00,2025-07-21 06:10:00,1887.7633056640625,39.0,39.0,38.0,4.3,18.5,2.76,100,87,100,50,10.120494491851103
2025-07-21 08:00:00,2025-07-21 07:10:00,5024.56640625,116.0,116.0,84.0,79.7,19.2,1.25,100,37,100,2,20.374553633214614
2025-07-21 09:00:00,2025-07-21 08:10:00,6251.43505859375,105.0,105.0,105.0,0.0,19.2,1.65,91,42,84,0,30.924699948378663
2025-07-21 10:00:00,2025-07-21 09:10:00,16573.091796875,426.0,426.0,175.0,357.7,21.6,0.16,27,13,16,0,41.42832993708023
2025-07-21 11:00:00,2025-07-21 10:10:00,17796.71484375,605.0,605.0,256.0,430.9,23.2,0.3,21,8,13,1,51.38824569040235
2025-07-21 12:00:00,2025-07-21 11:10:00,20594.970703125,743.0,743.0,200.0,617.1,24.8,0.57,18,3,16,0,59.86828853638479
2025-07-21 13:00:00,2025-07-21 12:10:00,20736.443359375,794.0,794.0,196.0,659.6,26.0,1.76,16,0,15,0,65.0162494393103
2025-07-21 14:00:00,2025-07-21 13:10:00,20200.73046875,812.0,812.0,134.0,763.3,27.2,2.33,22,1,21,0,64.58351736310858
2025-07-21 15:00:00,2025-07-21 14:10:00,17252.66796875,752.0,752.0,130.0,752.8,27.8,2.96,8,0,6,4,58.80779561270947
2025-07-21 16:00:00,2025-07-21 15:10:00,12867.490234375,616.0,616.0,125.0,677.7,27.4,3.08,11,0,11,0,50.026454676582865
2025-07-21 17:00:00,2025-07-21 16:10:00,7648.3408203125,480.0,480.0,108.0,630.2,27.2,2.54,1,1,0,0,39.94051045371838
2025-07-21 18:00:00,2025-07-21 17:10:00,2633.651611328125,345.0,345.0,87.0,596.5,26.8,2.63,20,3,15,2,29.396522245920696
2025-07-21 19:00:00,2025-07-21 18:10:00,1021.8363647460938,175.0,175.0,64.0,423.7,26.0,1.54,15,0,15,0,18.857081356708004
2025-07-21 20:00:00,2025-07-21 19:10:00,260.1699523925781,42.0,42.0,23.0,153.6,24.2,0.97,2,0,2,0,8.654819583251967
2025-07-21 21:00:00,2025-07-21 20:10:00,0.0,0.0,0.0,0.0,0.0,23.5,0.5,4,0,4,0,-0.8919784372307935
2025-07-21 22:00:00,2025-07-21 21:10:00,0.0,0.0,0.0,0.0,0.0,22.9,0.35,1,0,1,0,-9.41750197868351
2025-07-21 23:00:00,2025-07-21 22:10:00,0.0,0.0,0.0,0.0,0.0,22.2,0.15,0,0,0,0,-16.47598236083292
2025-07-22 00:00:00,2025-07-21 23:10:00,0.0,0.0,0.0,0.0,0.0,21.0,0.39,0,0,0,0,-21.552421912575717
2025-07-22 01:00:00,2025-07-22 00:10:00,0.0,0.0,0.0,0.0,0.0,20.0,0.54,0,0,0,0,-24.150834102226806
2025-07-22 02:00:00,2025-07-22 01:10:00,0.0,0.0,0.0,0.0,0.0,20.4,0.05,0,0,0,0,-23.962029129051636
2025-07-22 03:00:00,2025-07-22 02:10:00,0.0,0.0,0.0,0.0,0.0,19.2,0.63,0,0,0,0,-21.010057352317293
2025-07-22 04:00:00,2025-07-22 03:10:00,0.0,0.0,0.0,0.0,0.0,18.4,0.7,2,0,1,0,-15.639725511746148
2025-07-22 05:00:00,2025-07-22 04:10:00,0.0,0.0,0.0,0.0,0.0,17.8,0.35,1,1,0,0,-8.358212888199505
2025-07-22 06:00:00,2025-07-22 05:10:00,1242.208251953125,29.0,29.0,17.0,112.3,18.0,1.43,1,0,0,0,0.32534237880348627
2025-07-22 07:00:00,2025-07-22 06:10:00,4009.885009765625,155.0,155.0,57.0,430.4,19.6,0.8,0,0,0,0,9.975988492501518
2025-07-22 08:00:00,2025-07-22 07:10:00,9649.0498046875,325.0,325.0,80.0,613.6,22.2,0.54,0,0,0,0,20.23595694228748
2025-07-22 09:00:00,2025-07-22 08:10:00,14755.439453125,499.0,499.0,95.0,721.0,25.0,0.78,0,0,0,0,30.78792686889208
2025-07-22 10:00:00,2025-07-22 09:10:00,18920.98828125,656.0,656.0,106.0,785.9,27.1,0.22,0,0,0,0,41.28783248036659
2025-07-22 11:00:00,2025-07-22 10:10:00,21450.998046875,780.0,780.0,113.0,825.1,28.3,0.8,0,0,0,0,51.23634525468061
2025-07-22 12:00:00,2025-07-22 11:10:00,22398.892578125,863.0,863.0,118.0,848.2,28.9,1.27,0,0,0,0,59.69616290552727
2025-07-22 13:00:00,2025-07-22 12:10:00,22375.623046875,897.0,897.0,118.0,860.7,29.5,1.7,0,0,0,0,64.8249593302421
2025-07-22 14:00:00,2025-07-22 13:10:00,20828.26953125,870.0,870.0,118.0,848.0,30.2,2.45,0,0,0,0,64.40074482892464
2025-07-22 15:00:00,2025-07-22 14:10:00,17533.43359375,787.0,787.0,115.0,814.8,30.8,2.29,0,0,0,0,58.65427924029782
2025-07-22 16:00:00,2025-07-22 15:10:00,13351.3408203125,664.0,664.0,115.0,759.4,30.7,2.36,0,0,0,0,49.89594635125757
2025-07-22 17:00:00,2025-07-22 16:10:00,7711.576171875,517.0,517.0,101.0,706.9,30.4,2.02,1,0,1,0,39.82160112851654
2025-07-22 18:00:00,2025-07-22 17:10:00,2609.480712890625,349.0,349.0,84.0,615.5,29.9,1.69,0,0,0,0,29.280581511551144
2025-07-22 19:00:00,2025-07-22 18:10:00,1005.313232421875,181.0,181.0,61.0,461.9,28.2,1.49,65,0,0,65,18.73796882972645
2025-07-22 20:00:00,2025-07-22 19:10:00,247.43492126464844,44.0,44.0,25.0,155.0,25.5,1.49,100,0,0,100,8.527871291454284
2025-07-22 21:00:00,2025-07-22 20:10:00,0.0,0.0,0.0,0.0,0.0,23.9,1.0,100,0,0,100,-1.0304937848202154
2025-07-22 22:00:00,2025-07-22 21:10:00,0.0,0.0,0.0,0.0,0.0,22.9,0.67,100,0,0,100,-9.570389041369184
2025-07-22 23:00:00,2025-07-22 22:10:00,0.0,0.0,0.0,0.0,0.0,22.0,0.55,7,0,0,7,-16.644552661910176
2025-07-23 00:00:00,2025-07-22 23:10:00,0.0,0.0,0.0,0.0,0.0,21.2,0.58,0,0,0,0,-21.735443457708847
2025-07-23 01:00:00,2025-07-23 00:10:00,0.0,0.0,0.0,0.0,0.0,20.8,0.34,6,0,6,0,-24.343677661503083
2025-07-23 02:00:00,2025-07-23 01:10:00,0.0,0.0,0.0,0.0,0.0,20.2,0.74,7,6,1,0,-24.157330579154557
2025-07-23 03:00:00,2025-07-23 02:10:00,0.0,0.0,0.0,0.0,0.0,19.7,0.51,12,7,5,0,-21.20027795024419
2025-07-23 04:00:00,2025-07-23 03:10:00,0.0,0.0,0.0,0.0,0.0,19.4,0.27,12,7,6,0,-15.819746859926044
2025-07-23 05:00:00,2025-07-23 04:10:00,0.0,0.0,0.0,0.0,0.0,19.0,0.52,19,17,2,0,-8.526118982183794
2025-07-23 06:00:00,2025-07-23 05:10:00,1207.812255859375,27.0,27.0,17.0,94.7,19.2,0.75,9,9,0,0,0.16895521905845678
2025-07-23 07:00:00,2025-07-23 06:10:00,3907.27685546875,147.0,147.0,58.0,395.1,20.6,0.81,3,3,0,0,9.828943862364534
2025-07-23 08:00:00,2025-07-23 07:10:00,9156.736328125,310.0,310.0,85.0,566.7,22.5,0.84,6,0,0,6,20.095021987236773
2025-07-23 09:00:00,2025-07-23 08:10:00,14633.5732421875,477.0,477.0,107.0,662.7,24.3,0.87,0,0,0,0,30.648821791298975
2025-07-23 10:00:00,2025-07-23 09:10:00,18488.583984375,633.0,633.0,118.0,737.8,25.8,1.05,4,2,2,0,41.144770709539
2025-07-23 11:00:00,2025-07-23 10:10:00,20584.935546875,733.0,733.0,131.0,746.3,26.9,1.1,12,3,6,5,51.08133459407592
2025-07-23 12:00:00,2025-07-23 11:10:00,21058.0546875,762.0,762.0,161.0,685.5,27.8,1.4,11,2,10,0,59.520000019062756
2025-07-23 13:00:00,2025-07-23 12:10:00,19997.794921875,766.0,766.0,195.0,631.9,28.5,1.41,46,1,11,38,64.62843253120566
2025-07-23 14:00:00,2025-07-23 13:10:00,13811.546875,685.0,685.0,300.0,434.9,29.0,1.43,99,20,31,99,64.21176137172618
2025-07-23 15:00:00,2025-07-23 14:10:00,10965.150390625,466.0,466.0,291.0,212.6,27.8,1.03,49,3,30,26,58.49438517900193
2025-07-23 16:00:00,2025-07-23 15:10:00,7713.85302734375,374.0,374.0,186.0,260.7,26.6,1.99,53,8,4,48,49.759351529774
2025-07-23 17:00:00,2025-07-23 16:10:00,4865.38818359375,361.0,361.0,174.0,318.7,23.3,1.48,42,1,29,18,39.696892360377404
2025-07-23 18:00:00,2025-07-23 17:10:00,2226.299072265625,206.0,206.0,115.0,212.4,22.7,1.9,81,0,9,80,29.159005899162594
2025-07-23 19:00:00,2025-07-23 18:10:00,854.649658203125,140.0,140.0,76.0,248.5,22.5,1.25,98,12,28,97,18.613267411852753
2025-07-23 20:00:00,2025-07-23 19:10:00,213.69346618652344,20.0,20.0,19.0,8.2,19.5,0.49,96,20,76,89,8.395285792249386
2025-07-23 21:00:00,2025-07-23 20:10:00,0.0,0.0,0.0,0.0,0.0,19.6,0.65,86,16,40,78,-1.1747622853005548
2025-07-23 22:00:00,2025-07-23 21:10:00,0.0,0.0,0.0,0.0,0.0,19.5,0.43,98,28,17,98,-9.729178275277707
2025-07-23 23:00:00,2025-07-23 22:10:00,0.0,0.0,0.0,0.0,0.0,19.4,0.0,100,22,31,100,-16.819151688613967
2025-07-24 00:00:00,2025-07-23 23:10:00,0.0,0.0,0.0,0.0,0.0,19.1,1.28,61,47,2,25,-21.92451087029466
2025-07-24 01:00:00,2025-07-24 00:10:00,0.0,0.0,0.0,0.0,0.0,18.5,2.33,100,3,0,100,-24.542373140432932
2025-07-24 02:00:00,2025-07-24 01:10:00,0.0,0.0,0.0,0.0,0.0,19.5,1.1,100,0,0,100,-24.358027288520287
2025-07-24 03:00:00,2025-07-24 02:10:00,0.0,0.0,0.0,0.0,0.0,19.2,0.96,100,3,1,100,-21.39523444796398
2025-07-24 04:00:00,2025-07-24 03:10:00,0.0,0.0,0.0,0.0,0.0,18.9,1.26,100,32,0,100,-16.003781050254812
2025-07-24 05:00:00,2025-07-24 04:10:00,0.0,0.0,0.0,0.0,0.0,18.4,2.07,100,90,0,100,-8.697377907605887
2025-07-24 06:00:00,2025-07-24 05:10:00,748.2525024414062,15.0,15.0,15.0,0.0,18.5,2.0,100,36,1,100,0.009741829472700332
2025-07-24 07:00:00,2025-07-24 06:10:00,2330.26220703125,78.0,78.0,69.0,40.4,19.2,1.98,100,31,2,100,9.679438579940088
2025-07-24 08:00:00,2025-07-24 07:10:00,5288.85546875,133.0,133.0,118.0,38.0,20.1,1.74,100,91,2,100,19.95181778733022
2025-07-24 09:00:00,2025-07-24 08:10:00,11102.48046875,295.0,295.0,218.0,138.4,21.4,1.49,49,30,3,25,30.50744415412769
2025-07-24 10:00:00,2025-07-24 09:10:00,15977.23046875,438.0,438.0,219.0,314.6,22.8,2.03,39,37,2,1,40.999195123899526
2025-07-24 11:00:00,2025-07-24 10:10:00,17764.228515625,528.0,528.0,229.0,371.4,23.1,2.51,34,26,10,2,50.9232589597554
2025-07-24 12:00:00,2025-07-24 11:10:00,15904.8349609375,567.0,567.0,290.0,316.5,23.0,2.42,71,58,10,24,59.339850863889176
2025-07-24 13:00:00,2025-07-24 12:10:00,14428.7763671875,551.0,551.0,298.0,280.5,23.6,2.05,49,12,16,32,64.42673931392909
2025-07-24 14:00:00,2025-07-24 13:10:00,17342.236328125,693.0,693.0,205.0,552.2,26.5,2.01,37,3,20,25,64.01663208205004
2025-07-24 15:00:00,2025-07-24 14:10:00,13102.341796875,641.0,641.0,200.0,536.8,25.5,3.1,52,43,33,8,58.32814110163848
2025-07-24 16:00:00,2025-07-24 15:10:00,7965.8916015625,483.0,483.0,169.0,436.4,25.0,1.8,84,9,42,73,49.61667396374936
2025-07-24 17:00:00,2025-07-24 16:10:00,3912.76708984375,353.0,353.0,146.0,354.0,21.8,2.3,82,35,31,64,39.56638148877631
2025-07-24 18:00:00,2025-07-24 17:10:00,2488.035400390625,267.0,267.0,121.0,342.4,21.4,0.71,63,7,33,41,29.03179527919058
2025-07-24 19:00:00,2025-07-24 18:10:00,794.86767578125,126.0,126.0,68.0,227.3,21.6,0.3,50,15,12,34,18.482983654338145
2025-07-24 20:00:00,2025-07-24 19:10:00,208.8585662841797,30.0,30.0,21.0,74.9,20.7,0.76,100,21,24,100,8.257078347172472
2025-07-24 21:00:00,2025-07-24 20:10:00,0.0,0.0,0.0,0.0,0.0,19.5,1.79,100,25,28,100,-1.3247589762725993
2025-07-24 22:00:00,2025-07-24 21:10:00,0.0,0.0,0.0,0.0,0.0,18.8,1.82,92,47,45,77,-9.893834663907931
2025-07-24 23:00:00,2025-07-24 22:10:00,0.0,0.0,0.0,0.0,0.0,18.1,1.05,77,1,37,62,-16.999734373772593
2025-07-25 00:00:00,2025-07-24 23:10:00,0.0,0.0,0.0,0.0,0.0,18.0,0.36,97,11,30,95,-22.119568900547463
2025-07-25 01:00:00,2025-07-25 00:10:00,0.0,0.0,0.0,0.0,0.0,18.1,0.67,100,5,21,100,-24.746854431051382
2025-07-25 02:00:00,2025-07-25 01:10:00,0.0,0.0,0.0,0.0,0.0,17.9,0.92,98,5,45,95,-24.56404194493437
2025-07-25 03:00:00,2025-07-25 02:10:00,0.0,0.0,0.0,0.0,0.0,17.9,1.65,92,15,28,88,-21.594840315743724
2025-07-25 04:00:00,2025-07-25 03:10:00,0.0,0.0,0.0,0.0,0.0,17.5,1.68,100,0,21,100,-16.191736987926166
2025-07-25 05:00:00,2025-07-25 04:10:00,0.0,0.0,0.0,0.0,0.0,17.3,1.76,86,30,13,78,-8.871899358556941
2025-07-25 06:00:00,2025-07-25 05:10:00,836.889892578125,15.0,15.0,12.0,29.1,17.2,1.47,100,2,15,100,-0.15221254521038766
2025-07-25 07:00:00,2025-07-25 06:10:00,2367.789306640625,65.0,65.0,58.0,31.8,17.5,1.55,100,33,9,100,9.527550080553437
2025-07-25 08:00:00,2025-07-25 07:10:00,4675.66943359375,122.0,122.0,116.0,15.3,18.3,0.85,100,39,14,100,19.80641245801977
2025-07-25 09:00:00,2025-07-25 08:10:00,9723.8896484375,257.0,257.0,177.0,144.3,19.4,0.81,95,48,15,88,30.36385221760481
2025-07-25 10:00:00,2025-07-25 09:10:00,14297.4892578125,426.0,426.0,186.0,345.7,20.9,0.71,98,31,10,96,40.85115489000405
2025-07-25 11:00:00,2025-07-25 10:10:00,14100.9443359375,481.0,481.0,246.0,292.6,21.7,1.2,95,26,28,92,50.76216232272816
2025-07-25 12:00:00,2025-07-25 11:10:00,17980.990234375,680.0,680.0,262.0,478.5,23.1,0.95,24,12,9,9,59.1557655509064
2025-07-25 13:00:00,2025-07-25 12:10:00,20483.166015625,811.0,811.0,196.0,683.0,24.1,1.46,22,11,7,10,64.21995004952224
2025-07-25 14:00:00,2025-07-25 13:10:00,13982.4765625,617.0,617.0,213.0,458.0,22.2,2.46,71,7,27,59,63.815424435833265
2025-07-25 15:00:00,2025-07-25 14:10:00,12969.6669921875,672.0,672.0,227.0,542.8,23.2,2.55,75,8,5,72,58.155578625297984
2025-07-25 16:00:00,2025-07-25 15:10:00,8343.8828125,532.0,532.0,206.0,454.2,23.2,1.86,57,18,16,40,49.46792127767623
2025-07-25 17:00:00,2025-07-25 16:10:00,5041.607421875,397.0,397.0,155.0,415.3,23.1,1.3,100,13,12,100,39.43006934609165
2025-07-25 18:00:00,2025-07-25 17:10:00,2287.422119140625,252.0,252.0,137.0,271.1,22.6,1.48,94,11,12,92,28.89895272128759
2025-07-25 19:00:00,2025-07-25 18:10:00,726.894775390625,120.0,120.0,77.0,170.1,22.2,1.51,100,8,11,100,18.34712710006836
2025-07-25 20:00:00,2025-07-25 19:10:00,228.07351684570312,28.0,28.0,25.0,25.2,21.1,1.93,99,6,7,99,8.113267040300933
2025-07-25 21:00:00,2025-07-25 20:10:00,0.0,0.0,0.0,0.0,0.0,20.2,2.02,100,12,5,100,-1.4804562433906174
2025-07-25 22:00:00,2025-07-25 21:10:00,0.0,0.0,0.0,0.0,0.0,19.6,1.39,66,1,2,65,-10.064320740296969
2025-07-25 23:00:00,2025-07-25 22:10:00,0.0,0.0,0.0,0.0,0.0,19.0,0.51,32,0,5,28,-17.18625344595724
2025-07-26 00:00:00,2025-07-25 23:10:00,0.0,0.0,0.0,0.0,0.0,18.8,0.07,28,0,6,23,-22.32056036932227
2025-07-26 01:00:00,2025-07-26 00:10:00,0.0,0.0,0.0,0.0,0.0,18.5,0.16,100,0,2,100,-24.95705375642758
2025-07-26 02:00:00,2025-07-26 01:10:00,0.0,0.0,0.0,0.0,0.0,19.0,0.27,100,0,2,100,-24.77529580572883
2025-07-26 03:00:00,2025-07-26 02:10:00,0.0,0.0,0.0,0.0,0.0,18.5,0.36,100,0,1,100,-21.79900788271627
2025-07-26 04:00:00,2025-07-26 03:10:00,0.0,0.0,0.0,0.0,0.0,18.1,0.71,100,0,12,100,-16.383522835275915
2025-07-26 05:00:00,2025-07-26 04:10:00,0.0,0.0,0.0,0.0,0.0,17.8,0.63,100,0,12,100,-9.049592759495503
2025-07-26 06:00:00,2025-07-26 05:10:00,853.6181640625,18.0,18.0,17.0,9.8,17.9,0.32,99,0,11,99,-0.316822865381586
2025-07-26 07:00:00,2025-07-26 06:10:00,2480.88818359375,118.0,118.0,82.0,165.3,18.8,0.96,96,0,33,96,9.373355170510223
2025-07-26 08:00:00,2025-07-26 07:10:00,6561.2421875,255.0,255.0,109.0,374.1,20.1,2.09,100,2,17,100,19.65887313732034
2025-07-26 09:00:00,2025-07-26 08:10:00,11678.494140625,347.0,347.0,202.0,262.6,21.1,0.72,58,2,11,55,30.218103007521957
2025-07-26 10:00:00,2025-07-26 09:10:00,15699.1357421875,593.0,593.0,190.0,582.0,22.5,0.55,98,13,83,96,40.70069780836396
2025-07-26 11:00:00,2025-07-26 10:10:00,17989.591796875,621.0,621.0,283.0,421.7,23.6,0.49,42,3,11,36,50.59808736688321
2025-07-26 12:00:00,2025-07-26 11:10:00,19821.4921875,767.0,767.0,214.0,634.2,24.9,1.84,84,0,11,82,58.96779332039109
2025-07-26 13:00:00,2025-07-26 12:10:00,17294.71875,703.0,703.0,265.0,487.3,24.8,2.32,37,4,10,29,64.0081351619786
2025-07-26 14:00:00,2025-07-26 13:10:00,13097.525390625,618.0,618.0,245.0,423.6,22.8,3.98,59,2,16,53,63.60820818063145
2025-07-26 15:00:00,2025-07-26 14:10:00,9778.578125,488.0,488.0,223.0,323.9,23.4,1.43,70,0,40,53,57.97673327719679
2025-07-26 16:00:00,2025-07-26 15:10:00,8570.3056640625,426.0,426.0,183.0,339.5,23.3,0.25,56,3,10,50,49.31310500554061
2025-07-26 17:00:00,2025-07-26 16:10:00,6821.28076171875,457.0,457.0,142.0,542.5,24.0,1.52,20,0,14,6,39.28796031100876
2025-07-26 18:00:00,2025-07-26 17:10:00,2539.23046875,303.0,303.0,97.0,488.3,23.8,1.61,12,0,11,2,28.760484542403777
2025-07-26 19:00:00,2025-07-26 18:10:00,906.666748046875,157.0,157.0,64.0,371.7,23.1,1.44,14,0,11,8,18.20571031969808
2025-07-26 20:00:00,2025-07-26 19:10:00,240.46446228027344,37.0,37.0,21.0,136.1,21.8,1.19,2,0,2,0,7.963872800799313
2025-07-26 21:00:00,2025-07-26 20:10:00,0.0,0.0,0.0,0.0,0.0,20.9,0.85,3,0,2,0,-1.6418238115947401
2025-07-26 22:00:00,2025-07-26 21:10:00,0.0,0.0,0.0,0.0,0.0,20.2,0.38,1,0,1,0,-10.240596591987332
2025-07-26 23:00:00,2025-07-26 22:10:00,0.0,0.0,0.0,0.0,0.0,19.8,0.32,0,0,0,0,-17.37865944838318
2025-07-27 00:00:00,2025-07-26 23:10:00,0.0,0.0,0.0,0.0,0.0,19.1,0.45,10,0,4,7,-22.527426201153872
2025-07-27 01:00:00,2025-07-27 00:10:00,0.0,0.0,0.0,0.0,0.0,18.4,0.81,4,0,1,3,-25.172901717286994
2025-07-27 02:00:00,2025-07-27 01:10:00,0.0,0.0,0.0,0.0,0.0,18.0,0.21,27,0,0,27,-24.99170875734855
2025-07-27 03:00:00,2025-07-27 02:10:00,0.0,0.0,0.0,0.0,0.0,17.4,0.51,16,0,1,16,-22.007648409875035
2025-07-27 04:00:00,2025-07-27 03:10:00,0.0,0.0,0.0,0.0,0.0,16.5,0.36,1,0,0,1,-16.579046097159463
2025-07-27 05:00:00,2025-07-27 04:10:00,0.0,0.0,0.0,0.0,0.0,16.1,0.87,0,0,0,0,-9.23036735795134
2025-07-27 06:00:00,2025-07-27 05:10:00,1185.3875732421875,23.0,23.0,14.0,89.7,16.3,1.48,0,0,0,0,-0.48400438930961376
2025-07-27 07:00:00,2025-07-27 06:10:00,3715.279296875,141.0,141.0,55.0,399.7,18.0,1.0,74,0,0,74,9.216929941274948
2025-07-27 08:00:00,2025-07-27 07:10:00,7027.70166015625,298.0,298.0,93.0,528.5,20.9,0.75,100,0,0,100,19.50926591275127
2025-07-27 09:00:00,2025-07-27 08:10:00,13296.919921875,443.0,443.0,162.0,510.9,23.7,0.64,13,0,0,13,30.070252260181324
2025-07-27 10:00:00,2025-07-27 09:10:00,18332.068359375,637.0,637.0,113.0,758.9,26.2,0.5,17,0,0,17,40.54787028172459
2025-07-27 11:00:00,2025-07-27 10:10:00,21024.947265625,782.0,782.0,97.0,856.6,28.1,0.7,98,0,3,98,50.43107548405111
2025-07-27 12:00:00,2025-07-27 11:10:00,19770.830078125,828.0,828.0,205.0,715.9,29.2,0.39,93,0,14,93,58.77598254994744
2025-07-27 13:00:00,2025-07-27 12:10:00,18846.39453125,685.0,685.0,342.0,382.3,29.5,0.51,21,0,19,3,63.79136508631666
2025-07-27 14:00:00,2025-07-27 13:10:00,19902.0078125,809.0,809.0,149.0,751.1,30.6,1.93,25,0,24,1,63.39505522186212
2025-07-27 15:00:00,2025-07-27 14:10:00,16248.3798828125,724.0,724.0,157.0,694.7,30.8,2.47,34,0,34,0,57.79164445142716
2025-07-27 16:00:00,2025-07-27 15:10:00,12331.4208984375,556.0,556.0,131.0,595.4,30.4,2.97,43,0,25,24,49.15224061890428
2025-07-27 17:00:00,2025-07-27 16:10:00,6086.021484375,393.0,393.0,152.0,416.6,29.1,2.87,78,0,15,74,39.14006235597364
2025-07-27 18:00:00,2025-07-27 17:10:00,2414.282958984375,294.0,294.0,97.0,469.7,28.5,1.95,100,0,21,100,28.616400350805947
2025-07-27 19:00:00,2025-07-27 18:10:00,741.7803344726562,132.0,132.0,78.0,218.2,26.9,1.13,100,0,6,100,18.058748944990946
2025-07-27 20:00:00,2025-07-27 19:10:00,222.95248413085938,28.0,28.0,25.0,25.8,24.9,1.17,100,0,0,100,7.808919423578803
2025-07-27 21:00:00,2025-07-27 20:10:00,0.0,0.0,0.0,0.0,0.0,23.5,1.3,100,0,1,100,-1.8088287375408467
2025-07-27 22:00:00,2025-07-27 21:10:00,0.0,0.0,0.0,0.0,0.0,22.7,0.82,99,0,2,99,-10.422619866686762
2025-07-27 23:00:00,2025-07-27 22:10:00,0.0,0.0,0.0,0.0,0.0,22.2,0.36,90,0,17,89,-17.57690075820927
2025-07-28 00:00:00,2025-07-27 23:10:00,0.0,0.0,0.0,0.0,0.0,21.4,0.6,94,0,80,87,-22.740105457639828
2025-07-28 01:00:00,2025-07-28 00:10:00,0.0,0.0,0.0,0.0,0.0,21.1,0.85,95,0,77,92,-25.394327339115584
2025-07-28 02:00:00,2025-07-28 01:10:00,0.0,0.0,0.0,0.0,0.0,20.6,1.25,40,0,33,11,-25.213199375638432
2025-07-28 03:00:00,2025-07-28 02:10:00,0.0,0.0,0.0,0.0,0.0,20.0,1.41,21,0,21,0,-22.220672164034045
2025-07-28 04:00:00,2025-07-28 03:10:00,0.0,0.0,0.0,0.0,0.0,19.0,1.97,21,0,21,0,-16.77821370735921
2025-07-28 05:00:00,2025-07-28 04:10:00,0.0,0.0,0.0,0.0,0.0,18.2,1.97,14,0,13,1,-9.41413231801962
2025-07-28 06:00:00,2025-07-28 05:10:00,972.7024536132812,18.0,18.0,13.0,50.5,18.0,0.51,42,2,37,9,-0.6536727662095544
2025-07-28 07:00:00,2025-07-28 06:10:00,3322.3447265625,119.0,119.0,59.0,282.3,18.5,2.55,35,0,34,1,9.05834968386949
2025-07-28 08:00:00,2025-07-28 07:10:00,9213.916015625,278.0,278.0,92.0,482.5,20.8,0.85,14,0,13,1,19.357655749028815
2025-07-28 09:00:00,2025-07-28 08:10:00,14647.7900390625,470.0,470.0,102.0,671.7,22.5,1.64,0,0,0,0,29.920354368583983
2025-07-28 10:00:00,2025-07-28 09:10:00,18559.833984375,615.0,615.0,124.0,713.1,23.8,1.94,2,0,2,1,40.39271728503801
2025-07-28 11:00:00,2025-07-28 10:10:00,21156.3515625,758.0,758.0,118.0,802.2,25.5,1.12,9,0,4,5,50.261166771120386
2025-07-28 12:00:00,2025-07-28 11:10:00,21581.40625,824.0,824.0,130.0,799.2,27.2,1.15,59,0,10,55,58.58038076492755
2025-07-28 13:00:00,2025-07-28 12:10:00,20378.595703125,760.0,760.0,182.0,645.5,28.4,1.21,36,0,26,15,63.56971023125209
2025-07-28 14:00:00,2025-07-28 13:10:00,19062.482421875,767.0,767.0,177.0,672.8,28.4,0.47,17,0,5,12,63.176039509695315
2025-07-28 15:00:00,2025-07-28 14:10:00,16034.9140625,686.0,686.0,164.0,641.0,28.7,0.89,14,0,10,7,57.60035535710976
2025-07-28 16:00:00,2025-07-28 15:10:00,12371.7578125,588.0,588.0,140.0,629.5,28.6,2.88,31,0,20,16,48.985347546451905
2025-07-28 17:00:00,2025-07-28 16:10:00,6932.60791015625,437.0,437.0,126.0,539.8,27.4,2.38,32,0,17,20,38.98638708854536
2025-07-28 18:00:00,2025-07-28 17:10:00,2378.668212890625,297.0,297.0,94.0,486.9,26.9,1.58,2,0,2,0,28.46671308587686
2025-07-28 19:00:00,2025-07-28 18:10:00,942.0274658203125,164.0,164.0,60.0,424.9,26.2,2.24,4,0,4,0,17.90626169923654
2025-07-28 20:00:00,2025-07-28 19:10:00,241.59918212890625,36.0,36.0,20.0,139.4,24.6,1.44,11,0,11,0,7.648433587978274
2025-07-28 21:00:00,2025-07-28 20:10:00,0.0,0.0,0.0,0.0,0.0,23.4,0.85,0,0,0,0,-1.9814354032844652
2025-07-28 22:00:00,2025-07-28 21:10:00,0.0,0.0,0.0,0.0,0.0,22.1,0.11,0,0,0,0,-10.61034577864171
2025-07-28 23:00:00,2025-07-28 22:10:00,0.0,0.0,0.0,0.0,0.0,21.3,0.61,1,0,1,0,-17.78092360622362
2025-07-29 00:00:00,2025-07-28 23:10:00,0.0,0.0,0.0,0.0,0.0,20.5,1.03,0,0,0,0,-22.958535371128246
2025-07-29 01:00:00,2025-07-29 00:10:00,0.0,0.0,0.0,0.0,0.0,19.5,0.96,0,0,0,0,-25.62125811968511
2025-07-29 02:00:00,2025-07-29 01:10:00,0.0,0.0,0.0,0.0,0.0,20.3,1.58,0,0,0,0,-25.439684986769347
2025-07-29 03:00:00,2025-07-29 02:10:00,0.0,0.0,0.0,0.0,0.0,19.5,1.35,1,1,0,0,-22.437988492647424
2025-07-29 04:00:00,2025-07-29 03:10:00,0.0,0.0,0.0,0.0,0.0,18.9,1.45,6,0,0,6,-16.98093211588316
2025-07-29 05:00:00,2025-07-29 04:10:00,0.0,0.0,0.0,0.0,0.0,18.6,1.48,11,0,0,11,-9.600796814471869
2025-07-29 06:00:00,2025-07-29 05:10:00,1050.8951416015625,20.0,20.0,14.0,61.5,18.2,1.81,4,1,0,3,-0.825744129438184
2025-07-29 07:00:00,2025-07-29 06:10:00,3716.127197265625,131.0,131.0,61.0,333.5,19.0,0.92,0,0,0,0,8.897688803697491
2025-07-29 08:00:00,2025-07-29 07:10:00,9519.8740234375,307.0,307.0,81.0,589.9,21.1,0.68,0,0,0,0,19.204106416706775
2025-07-29 09:00:00,2025-07-29 08:10:00,14744.4697265625,483.0,483.0,96.0,709.2,23.6,0.21,0,0,0,0,29.76846233003408
2025-07-29 10:00:00,2025-07-29 09:10:00,18790.55859375,642.0,642.0,108.0,777.9,25.6,0.38,0,0,0,0,40.23528233725844
2025-07-29 11:00:00,2025-07-29 10:10:00,21452.01171875,769.0,769.0,115.0,821.7,26.9,0.61,0,0,0,0,50.088400029252185
2025-07-29 12:00:00,2025-07-29 11:10:00,22226.65234375,855.0,855.0,118.0,850.5,28.0,1.27,20,0,0,20,58.38103465123058
2025-07-29 13:00:00,2025-07-29 12:10:00,22240.12109375,881.0,881.0,124.0,847.2,28.5,2.03,13,0,0,13,63.343240946288006
2025-07-29 14:00:00,2025-07-29 13:10:00,20786.619140625,865.0,865.0,117.0,854.8,30.0,2.2,0,0,0,0,62.95123692717349
2025-07-29 15:00:00,2025-07-29 14:10:00,17537.3203125,785.0,785.0,112.0,828.5,30.4,2.16,2,0,2,0,57.402912958497204
2025-07-29 16:00:00,2025-07-29 15:10:00,13431.6181640625,668.0,668.0,106.0,792.0,30.3,2.51,12,0,12,0,48.81244918505338
2025-07-29 17:00:00,2025-07-29 16:10:00,7274.98876953125,514.0,514.0,98.0,725.0,29.5,3.32,43,0,43,0,38.82694978652714
2025-07-29 18:00:00,2025-07-29 17:10:00,2398.831298828125,249.0,249.0,102.0,354.8,28.1,3.23,9,0,9,0,28.311439053555347
2025-07-29 19:00:00,2025-07-29 18:10:00,855.6454467773438,144.0,144.0,65.0,326.6,27.0,2.91,10,0,10,0,17.748270424626245
2025-07-29 20:00:00,2025-07-29 19:10:00,241.59918212890625,34.0,34.0,20.0,123.6,25.5,1.84,9,0,9,0,7.482444874379544
2025-07-29 21:00:00,2025-07-29 20:10:00,0.0,0.0,0.0,0.0,0.0,24.4,1.64,11,0,4,7,-2.1596055112725834
2025-07-29 22:00:00,2025-07-29 21:10:00,0.0,0.0,0.0,0.0,0.0,23.6,1.57,98,0,27,97,-10.803727115745023
2025-07-29 23:00:00,2025-07-29 22:10:00,0.0,0.0,0.0,0.0,0.0,22.9,1.28,52,0,52,0,-17.99067209690482
2025-07-30 00:00:00,2025-07-29 23:10:00,0.0,0.0,0.0,0.0,0.0,22.4,1.55,100,0,100,0,-23.182651378671608
2025-07-30 01:00:00,2025-07-30 00:10:00,0.0,0.0,0.0,0.0,0.0,21.7,2.34,100,0,100,0,-25.85362007693783
2025-07-30 02:00:00,2025-07-30 01:10:00,0.0,0.0,0.0,0.0,0.0,21.9,3.06,49,0,49,0,-25.671081728720093
2025-07-30 03:00:00,2025-07-30 02:10:00,0.0,0.0,0.0,0.0,0.0,18.4,3.48,42,0,20,27,-22.659505899380196
2025-07-30 04:00:00,2025-07-30 03:10:00,0.0,0.0,0.0,0.0,0.0,17.8,1.75,33,0,29,6,-17.1871073770123
2025-07-30 05:00:00,2025-07-30 04:10:00,0.0,0.0,0.0,0.0,0.0,17.6,1.45,76,0,36,63,-9.790270127304565
2025-07-30 06:00:00,2025-07-30 05:10:00,827.1585083007812,15.0,15.0,12.0,31.2,17.9,1.75,100,1,56,100,-1.0001351896106
2025-07-30 07:00:00,2025-07-30 06:10:00,2665.802734375,106.0,106.0,74.0,154.5,19.2,1.24,99,0,38,98,8.735020736008195
2025-07-30 08:00:00,2025-07-30 07:10:00,8551.0625,246.0,246.0,114.0,346.8,20.9,0.85,28,0,28,0,19.048680421971333
2025-07-30 09:00:00,2025-07-30 08:10:00,13746.6171875,407.0,407.0,126.0,517.1,22.5,1.31,8,0,8,0,29.614627695341735
2025-07-30 10:00:00,2025-07-30 09:10:00,18171.515625,561.0,561.0,158.0,588.9,24.0,1.74,10,2,8,0,40.07560747509885
2025-07-30 11:00:00,2025-07-30 10:10:00,20504.390625,683.0,683.0,165.0,652.4,25.1,2.09,7,2,5,0,49.91281276524768
2025-07-30 12:00:00,2025-07-30 11:10:00,20755.8671875,732.0,732.0,189.0,628.0,25.9,1.91,11,2,10,0,58.177990070404235
2025-07-30 13:00:00,2025-07-30 12:10:00,21049.560546875,780.0,780.0,171.0,683.0,26.6,1.84,15,1,15,0,63.11202749310295
2025-07-30 14:00:00,2025-07-30 13:10:00,16541.576171875,590.0,590.0,199.0,447.8,25.8,1.23,20,2,16,5,62.72072518009945
2025-07-30 15:00:00,2025-07-30 14:10:00,14231.521484375,625.0,625.0,200.0,524.5,26.6,1.05,25,5,23,2,57.19936790761341
2025-07-30 16:00:00,2025-07-30 15:10:00,10481.4248046875,518.0,518.0,176.0,483.5,26.9,1.2,13,0,13,0,48.63357290244203
2025-07-30 17:00:00,2025-07-30 16:10:00,6685.30908203125,416.0,416.0,147.0,470.8,27.1,0.87,5,0,4,0,38.66176942678751
2025-07-30 18:00:00,2025-07-30 17:10:00,2477.0224609375,269.0,269.0,102.0,405.7,26.0,2.43,21,1,20,1,28.15059795729476
2025-07-30 19:00:00,2025-07-30 18:10:00,786.756591796875,128.0,128.0,59.0,288.8,24.8,2.41,14,1,14,0,17.584800106478507
2025-07-30 20:00:00,2025-07-30 19:10:00,238.8899383544922,28.0,28.0,18.0,89.5,24.0,2.14,10,1,10,0,7.310985778673949
2025-07-30 21:00:00,2025-07-30 20:10:00,0.0,0.0,0.0,0.0,0.0,23.6,1.49,22,16,13,0,-2.343298080696659
2025-07-30 22:00:00,2025-07-30 21:10:00,0.0,0.0,0.0,0.0,0.0,23.2,1.11,12,4,9,0,-11.002714247399378
2025-07-30 23:00:00,2025-07-30 22:10:00,0.0,0.0,0.0,0.0,0.0,22.6,1.67,11,1,11,0,-18.206088228848124
2025-07-31 00:00:00,2025-07-30 23:10:00,0.0,0.0,0.0,0.0,0.0,22.1,0.99,10,0,10,0,-23.412387156209526
2025-07-31 01:00:00,2025-07-31 00:10:00,0.0,0.0,0.0,0.0,0.0,21.4,0.91,1,0,1,0,-26.091337797169746
2025-07-31 02:00:00,2025-07-31 01:10:00,0.0,0.0,0.0,0.0,0.0,20.3,0.72,3,0,3,0,-25.90730461323236
2025-07-31 03:00:00,2025-07-31 02:10:00,0.0,0.0,0.0,0.0,0.0,19.8,0.1,2,0,2,0,-22.88513212031971
2025-07-31 04:00:00,2025-07-31 03:10:00,0.0,0.0,0.0,0.0,0.0,19.1,0.95,3,0,3,0,-17.396645237948597
2025-07-31 05:00:00,2025-07-31 04:10:00,0.0,0.0,0.0,0.0,0.0,18.4,0.27,8,0,8,0,-9.982461736538694
2025-07-31 06:00:00,2025-07-31 05:10:00,1001.03076171875,17.0,17.0,11.0,63.3,18.8,0.0,3,0,2,0,-1.17676332742597
2025-07-31 07:00:00,2025-07-31 06:10:00,3679.689697265625,129.0,129.0,54.0,366.9,19.8,0.68,3,0,3,0,8.570417862221081
2025-07-31 08:00:00,2025-07-31 07:10:00,9234.5009765625,293.0,293.0,81.0,560.7,21.9,1.12,3,0,3,0,18.891438937803386
2025-07-31 09:00:00,2025-07-31 08:10:00,14612.28125,462.0,462.0,102.0,665.3,24.2,1.07,2,0,2,0,29.45890051981454
2025-07-31 10:00:00,2025-07-31 09:10:00,18475.779296875,622.0,622.0,113.0,746.0,26.1,0.56,0,0,0,0,39.91373322889459
2025-07-31 11:00:00,2025-07-31 10:10:00,21239.771484375,745.0,745.0,118.0,791.7,27.6,0.0,0,0,0,0,49.73444119513374
2025-07-31 12:00:00,2025-07-31 11:10:00,21318.80078125,781.0,781.0,135.0,748.8,28.3,0.43,2,0,1,0,57.97129207698515
2025-07-31 13:00:00,2025-07-31 12:10:00,21714.796875,823.0,823.0,136.0,772.1,29.2,0.71,3,0,3,0,62.876140021114225
2025-07-31 14:00:00,2025-07-31 13:10:00,19524.28515625,782.0,782.0,148.0,727.8,29.6,1.62,10,0,8,2,62.48458368918513
2025-07-31 15:00:00,2025-07-31 14:10:00,16781.978515625,723.0,723.0,131.0,732.6,30.3,0.57,6,1,5,0,56.98977447004277
2025-07-31 16:00:00,2025-07-31 15:10:00,12993.08984375,612.0,612.0,127.0,688.0,30.4,0.93,3,0,2,0,48.448750031655884
2025-07-31 17:00:00,2025-07-31 16:10:00,7532.81005859375,459.0,459.0,112.0,610.1,30.0,1.52,8,6,5,0,38.4908687077146
2025-07-31 18:00:00,2025-07-31 17:10:00,2518.48193359375,317.0,317.0,88.0,560.2,29.4,1.53,11,5,8,0,27.98421292443733
2025-07-31 19:00:00,2025-07-31 18:10:00,849.0956420898438,145.0,145.0,61.0,356.1,28.6,1.6,10,3,7,0,17.415878894216355
2025-07-31 20:00:00,2025-07-31 19:10:00,235.72276306152344,27.0,27.0,17.0,90.8,27.4,2.24,17,4,14,0,7.134091724503482
2025-07-31 21:00:00,2025-07-31 20:10:00,0.0,0.0,0.0,0.0,0.0,25.4,2.6,5,0,5,0,-2.532469445256282
2025-07-31 22:00:00,2025-07-31 21:10:00,0.0,0.0,0.0,0.0,0.0,24.1,1.39,5,3,2,0,-11.207255133156428
2025-07-31 23:00:00,2025-07-31 22:10:00,0.0,0.0,0.0,0.0,0.0,23.6,0.86,7,1,7,0,-18.427111915547435
2025-08-01 00:00:00,2025-07-31 23:10:00,0.0,0.0,0.0,0.0,0.0,23.1,0.55,9,0,9,0,-23.647674652943035
2025-08-01 01:00:00,2025-08-01 00:10:00,0.0,0.0,0.0,0.0,0.0,22.5,1.12,12,7,10,0,-26.334334483452942
2025-08-01 02:00:00,2025-08-01 01:10:00,0.0,0.0,0.0,0.0,0.0,21.5,1.84,18,8,17,0,-26.14826758815486
2025-08-01 03:00:00,2025-08-01 02:10:00,0.0,0.0,0.0,0.0,0.0,20.8,2.33,49,17,32,11,-23.114774200714535
2025-08-01 04:00:00,2025-08-01 03:10:00,0.0,0.0,0.0,0.0,0.0,19.4,2.42,14,0,10,4,-17.609451227911567
2025-08-01 05:00:00,2025-08-01 04:10:00,0.0,0.0,0.0,0.0,0.0,18.5,2.19,34,8,30,4,-10.17728141707797
2025-08-01 06:00:00,2025-08-01 05:10:00,899.705078125,14.0,14.0,10.0,42.9,18.0,2.2,50,4,42,13,-1.3555466859828615
2025-08-01 07:00:00,2025-08-01 06:10:00,2863.464111328125,81.0,81.0,51.0,148.8,17.4,2.02,45,2,38,12,8.40395142733865
2025-08-01 08:00:00,2025-08-01 07:10:00,7235.556640625,223.0,223.0,110.0,300.9,18.6,1.19,40,2,40,0,18.732441736727402
2025-08-01 09:00:00,2025-08-01 08:10:00,13133.03515625,397.0,397.0,152.0,454.8,20.8,1.56,38,29,12,0,29.30132931623432
2025-08-01 10:00:00,2025-08-01 09:10:00,16068.98828125,488.0,488.0,192.0,435.2,22.9,1.75,72,68,12,1,39.74969860072847
2025-08-01 11:00:00,2025-08-01 10:10:00,16525.341796875,512.0,512.0,300.0,268.4,23.9,1.46,66,59,16,4,49.553320250039974
2025-08-01 12:00:00,2025-08-01 11:10:00,15530.953125,617.0,617.0,207.0,476.3,25.4,1.15,93,91,26,2,57.760984938027754
2025-08-01 13:00:00,2025-08-01 12:10:00,17281.857421875,732.0,732.0,241.0,553.1,26.7,1.2,64,58,13,1,62.63564854709148
2025-08-01 14:00:00,2025-08-01 13:10:00,7895.341796875,524.0,524.0,275.0,286.5,24.4,2.38,95,16,42,90,62.242893484909416
2025-08-01 15:00:00,2025-08-01 14:10:00,10829.708984375,351.0,351.0,203.0,183.7,24.6,0.65,13,0,10,4,56.774190444505614
2025-08-01 16:00:00,2025-08-01 15:10:00,9987.5234375,506.0,506.0,182.0,461.2,24.9,1.62,26,1,10,17,48.258015857433996
2025-08-01 17:00:00,2025-08-01 16:10:00,6118.453125,376.0,376.0,155.0,390.4,24.7,0.81,34,0,17,21,38.314274065278376
2025-08-01 18:00:00,2025-08-01 17:10:00,2341.353515625,254.0,254.0,102.0,374.5,24.6,2.17,36,4,13,24,27.812310527920374
2025-08-01 19:00:00,2025-08-01 18:10:00,737.26171875,120.0,120.0,60.0,257.9,23.7,2.37,11,4,4,4,17.24153811900989
2025-08-01 20:00:00,2025-08-01 19:10:00,236.3122100830078,23.0,23.0,16.0,64.5,23.0,2.26,20,14,7,0,6.951801073205628
2025-08-01 21:00:00,2025-08-01 20:10:00,0.0,0.0,0.0,0.0,0.0,22.4,2.17,23,16,9,0,-2.727073252381581
2025-08-01 22:00:00,2025-08-01 21:10:00,0.0,0.0,0.0,0.0,0.0,21.6,2.83,29,28,2,0,-11.417295332151514
2025-08-01 23:00:00,2025-08-01 22:10:00,0.0,0.0,0.0,0.0,0.0,20.8,1.75,26,25,1,0,-18.65368100652296
2025-08-02 00:00:00,2025-08-01 23:10:00,0.0,0.0,0.0,0.0,0.0,20.5,1.27,4,4,0,0,-23.888444125865
2025-08-02 01:00:00,2025-08-02 00:10:00,0.0,0.0,0.0,0.0,0.0,19.9,2.73,29,29,0,0,-26.582532004236793
2025-08-02 02:00:00,2025-08-02 01:10:00,0.0,0.0,0.0,0.0,0.0,19.5,2.44,96,90,1,63,-26.39388360009301
2025-08-02 03:00:00,2025-08-02 02:10:00,0.0,0.0,0.0,0.0,0.0,18.6,2.86,100,100,18,98,-23.348338572125915
2025-08-02 04:00:00,2025-08-02 03:10:00,0.0,0.0,0.0,0.0,0.0,17.9,2.69,100,100,17,70,-17.82543074752659
2025-08-02 05:00:00,2025-08-02 04:10:00,0.0,0.0,0.0,0.0,0.0,17.8,2.71,85,73,21,36,-10.374639333428044
2025-08-02 06:00:00,2025-08-02 05:10:00,740.73291015625,8.0,8.0,8.0,0.0,17.5,2.72,82,79,24,0,-1.5364042623597174
2025-08-02 07:00:00,2025-08-02 06:10:00,2530.64306640625,56.0,56.0,46.0,50.3,18.0,2.15,51,50,1,0,8.235691458680442
2025-08-02 08:00:00,2025-08-02 07:10:00,7079.208984375,149.0,149.0,106.0,115.3,19.4,2.12,58,57,6,0,18.571747125372276
2025-08-02 09:00:00,2025-08-02 08:10:00,11299.951171875,320.0,320.0,181.0,259.1,21.1,1.77,37,36,2,1,29.141961010021546
2025-08-02 10:00:00,2025-08-02 09:10:00,13830.45703125,378.0,378.0,230.0,218.3,22.5,1.87,44,37,9,2,39.58354104497633
2025-08-02 11:00:00,2025-08-02 10:10:00,16944.365234375,501.0,501.0,231.0,342.7,23.8,2.06,53,40,21,1,49.36948358444774
2025-08-02 12:00:00,2025-08-02 11:10:00,17653.423828125,670.0,670.0,219.0,525.2,25.3,2.11,61,44,16,19,57.547112154781175
2025-08-02 13:00:00,2025-08-02 12:10:00,19578.30859375,716.0,716.0,209.0,572.5,26.6,2.05,30,10,22,4,62.390622938693596
2025-08-02 14:00:00,2025-08-02 13:10:00,12697.41796875,522.0,522.0,259.0,303.4,24.8,2.11,72,21,11,61,61.995737105484395
2025-08-02 15:00:00,2025-08-02 14:10:00,13962.1904296875,603.0,603.0,166.0,543.8,26.6,1.95,59,52,11,6,56.552677076871134
2025-08-02 16:00:00,2025-08-02 15:10:00,8302.4853515625,417.0,417.0,173.0,348.5,24.8,2.02,75,40,36,53,48.061409594802385
2025-08-02 17:00:00,2025-08-02 16:10:00,5132.94970703125,325.0,325.0,152.0,307.1,24.9,1.1,21,3,9,13,38.132015682707255
2025-08-02 18:00:00,2025-08-02 17:10:00,2368.927734375,285.0,285.0,90.0,484.0,24.8,1.52,10,1,5,5,27.63492080325108
2025-08-02 19:00:00,2025-08-02 18:10:00,747.6260375976562,131.0,131.0,58.0,318.2,24.0,1.43,18,1,9,9,17.061812308010104
2025-08-02 20:00:00,2025-08-02 19:10:00,228.52647399902344,26.0,26.0,16.0,93.6,23.1,2.02,1,0,1,0,6.7641551313978265
2025-08-02 21:00:00,2025-08-02 20:10:00,0.0,0.0,0.0,0.0,0.0,22.2,1.35,2,0,2,0,-2.927060463958019
2025-08-02 22:00:00,2025-08-02 21:10:00,0.0,0.0,0.0,0.0,0.0,21.5,0.65,26,0,12,16,-11.632778013353018
2025-08-02 23:00:00,2025-08-02 22:10:00,0.0,0.0,0.0,0.0,0.0,20.8,0.64,22,0,21,1,-18.88573130878612
2025-08-03 00:00:00,2025-08-02 23:10:00,0.0,0.0,0.0,0.0,0.0,20.1,0.68,42,4,40,2,-24.134624174410387
2025-08-03 01:00:00,2025-08-03 00:10:00,0.0,0.0,0.0,0.0,0.0,19.2,0.6,15,2,13,1,-26.835850942068962
2025-08-03 02:00:00,2025-08-03 01:10:00,0.0,0.0,0.0,0.0,0.0,18.8,2.33,30,2,11,21,-26.644064657279166
2025-08-03 03:00:00,2025-08-03 02:10:00,0.0,0.0,0.0,0.0,0.0,18.5,1.86,14,0,10,8,-23.585731129874667
2025-08-03 04:00:00,2025-08-03 03:10:00,0.0,0.0,0.0,0.0,0.0,18.0,0.81,12,0,4,8,-18.04448915834492
2025-08-03 05:00:00,2025-08-03 04:10:00,0.0,0.0,0.0,0.0,0.0,17.6,1.28,12,0,2,10,-10.574446134073472
2025-08-03 06:00:00,2025-08-03 05:10:00,921.9949340820312,14.0,14.0,10.0,44.3,17.2,1.7,1,0,1,0,-1.7192559982301403
2025-08-03 07:00:00,2025-08-03 06:10:00,3539.146728515625,121.0,121.0,52.0,352.2,18.3,0.64,1,1,0,0,8.065706686175792
2025-08-03 08:00:00,2025-08-03 07:10:00,8959.95703125,290.0,290.0,79.0,569.8,20.2,0.45,1,1,0,0,18.409411881072486
2025-08-03 09:00:00,2025-08-03 08:10:00,14688.1728515625,467.0,467.0,96.0,694.8,22.8,0.79,5,1,0,4,28.980840896792866
2025-08-03 10:00:00,2025-08-03 09:10:00,18736.462890625,625.0,625.0,109.0,763.7,24.9,0.75,12,0,0,12,39.41529645143689
2025-08-03 11:00:00,2025-08-03 10:10:00,21327.50390625,738.0,738.0,119.0,787.8,26.5,1.06,2,0,1,1,49.18296358689733
2025-08-03 12:00:00,2025-08-03 11:10:00,22016.171875,830.0,830.0,125.0,823.0,27.6,1.59,31,0,5,28,57.32971648648343
2025-08-03 13:00:00,2025-08-03 12:10:00,21788.638671875,817.0,817.0,133.0,774.2,28.4,2.16,33,0,8,27,62.1411329018025
2025-08-03 14:00:00,2025-08-03 13:10:00,20151.14453125,825.0,825.0,133.0,800.3,29.5,2.34,15,0,11,6,61.74319849828374
2025-08-03 15:00:00,2025-08-03 14:10:00,15874.0078125,707.0,707.0,134.0,715.2,29.6,2.62,42,0,14,32,56.32529896926669
2025-08-03 16:00:00,2025-08-03 15:10:00,13109.0244140625,607.0,607.0,129.0,685.3,29.5,2.91,14,0,14,0,47.85897436012199
2025-08-03 17:00:00,2025-08-03 16:10:00,7735.18505859375,459.0,459.0,111.0,620.8,29.0,3.12,12,0,12,0,37.94412749381583
2025-08-03 18:00:00,2025-08-03 17:10:00,2416.634765625,300.0,300.0,89.0,527.8,28.3,3.1,18,0,18,0,27.452077260705835
2025-08-03 19:00:00,2025-08-03 18:10:00,743.8245849609375,132.0,132.0,57.0,331.8,27.2,3.18,55,0,10,50,16.87673919511114
2025-08-03 20:00:00,2025-08-03 19:10:00,230.15231323242188,25.0,25.0,15.0,95.1,25.5,2.55,3,0,1,2,6.571198156144653
2025-08-03 21:00:00,2025-08-03 20:10:00,0.0,0.0,0.0,0.0,0.0,24.1,1.23,17,0,0,17,-3.1323793585942976
2025-08-03 22:00:00,2025-08-03 21:10:00,0.0,0.0,0.0,0.0,0.0,23.1,1.08,100,0,0,100,-11.853643966642935
2025-08-03 23:00:00,2025-08-03 22:10:00,0.0,0.0,0.0,0.0,0.0,22.8,1.13,1,0,0,1,-19.12319660863094
2025-08-04 00:00:00,2025-08-03 23:10:00,0.0,0.0,0.0,0.0,0.0,21.8,1.81,3,0,0,3,-24.38614177519132
2025-08-04 01:00:00,2025-08-04 00:10:00,0.0,0.0,0.0,0.0,0.0,20.6,1.67,15,0,0,15,-27.094210642377316
2025-08-04 02:00:00,2025-08-04 01:10:00,0.0,0.0,0.0,0.0,0.0,19.9,1.0,96,0,0,96,-26.898721892579353
2025-08-04 03:00:00,2025-08-04 02:10:00,0.0,0.0,0.0,0.0,0.0,19.2,0.21,1,0,0,1,-23.826857310664238
2025-08-04 04:00:00,2025-08-04 03:10:00,0.0,0.0,0.0,0.0,0.0,18.5,0.32,94,0,0,94,-18.266531872330855
2025-08-04 05:00:00,2025-08-04 04:10:00,0.0,0.0,0.0,0.0,0.0,17.8,0.5,100,0,0,100,-10.776613045305355
2025-08-04 06:00:00,2025-08-04 05:10:00,774.3204345703125,12.0,12.0,12.0,0.0,17.9,0.35,53,0,0,53,-1.9040228692792285
2025-08-04 07:00:00,2025-08-04 06:10:00,3165.488525390625,118.0,118.0,58.0,310.9,19.6,0.93,78,0,0,78,7.8940644644565845
2025-08-04 08:00:00,2025-08-04 07:10:00,9117.1328125,266.0,266.0,108.0,429.7,21.8,0.87,27,0,1,27,18.24549119074208
2025-08-04 09:00:00,2025-08-04 08:10:00,13283.19140625,458.0,458.0,100.0,673.6,24.0,1.1,97,0,0,97,28.818012602521357
2025-08-04 10:00:00,2025-08-04 09:10:00,16676.767578125,593.0,593.0,155.0,650.5,25.9,1.5,100,0,1,100,39.244999131212666
2025-08-04 11:00:00,2025-08-04 10:10:00,19455.4609375,707.0,707.0,185.0,666.2,27.2,0.95,100,0,0,100,48.99379139324309
2025-08-04 12:00:00,2025-08-04 11:10:00,16842.8671875,713.0,713.0,318.0,462.3,28.1,1.14,100,0,5,100,57.1088399762507
2025-08-04 13:00:00,2025-08-04 12:10:00,16813.4375,719.0,719.0,323.0,449.3,28.9,1.16,100,0,1,100,61.88724797152681
2025-08-04 14:00:00,2025-08-04 13:10:00,15391.392578125,681.0,681.0,345.0,389.6,29.7,1.5,100,0,2,100,61.485362925040306
2025-08-04 15:00:00,2025-08-04 14:10:00,12638.2099609375,660.0,660.0,273.0,484.5,30.3,1.56,100,0,5,100,56.09212398494454
2025-08-04 16:00:00,2025-08-04 15:10:00,10854.419921875,581.0,581.0,194.0,557.0,30.7,1.55,50,0,5,47,47.650757134906826
2025-08-04 17:00:00,2025-08-04 16:10:00,7428.1376953125,464.0,464.0,119.0,618.7,30.7,1.88,15,0,1,15,37.75064718005041
2025-08-04 18:00:00,2025-08-04 17:10:00,2359.70068359375,312.0,312.0,83.0,577.4,30.3,2.09,1,0,0,1,27.263816892730464
2025-08-04 19:00:00,2025-08-04 18:10:00,763.5850830078125,145.0,145.0,56.0,399.8,29.4,2.06,2,0,0,2,16.68635972819167
2025-08-04 20:00:00,2025-08-04 19:10:00,229.3175506591797,24.0,24.0,15.0,87.1,28.0,2.11,0,0,0,0,6.3729773576584385
2025-08-04 21:00:00,2025-08-04 20:10:00,0.0,0.0,0.0,0.0,0.0,26.5,2.11,1,0,0,1,-3.3429755354698187
2025-08-04 22:00:00,2025-08-04 21:10:00,0.0,0.0,0.0,0.0,0.0,25.4,1.13,0,0,0,0,-12.079831614744332
2025-08-04 23:00:00,2025-08-04 22:10:00,0.0,0.0,0.0,0.0,0.0,24.4,1.06,0,0,0,0,-19.366008693742874
2025-08-05 00:00:00,2025-08-04 23:10:00,0.0,0.0,0.0,0.0,0.0,23.5,1.24,19,0,0,19,-24.64292231678164
2025-08-05 01:00:00,2025-08-05 00:10:00,0.0,0.0,0.0,0.0,0.0,22.7,1.53,16,0,0,16,-27.357529262253937
2025-08-05 02:00:00,2025-08-05 01:10:00,0.0,0.0,0.0,0.0,0.0,21.4,1.12,0,0,0,0,-27.157765626550805
2025-08-05 03:00:00,2025-08-05 02:10:00,0.0,0.0,0.0,0.0,0.0,20.5,0.36,0,0,0,0,-24.0716221702594
2025-08-05 04:00:00,2025-08-05 03:10:00,0.0,0.0,0.0,0.0,0.0,19.9,0.53,0,0,0,0,-18.491464441148782
2025-08-05 05:00:00,2025-08-05 04:10:00,0.0,0.0,0.0,0.0,0.0,19.4,0.92,0,0,0,0,-10.98105196428801
2025-08-05 06:00:00,2025-08-05 05:10:00,914.125244140625,13.0,13.0,9.0,45.8,19.5,1.42,0,0,0,0,-2.090626973183085
2025-08-05 07:00:00,2025-08-05 06:10:00,3357.482421875,117.0,117.0,50.0,352.5,20.6,1.5,0,0,0,0,7.720830696993435
2025-08-05 08:00:00,2025-08-05 07:10:00,9220.080078125,279.0,279.0,78.0,550.7,22.4,1.75,0,0,0,0,18.08003859225481
2025-08-05 09:00:00,2025-08-05 08:10:00,14652.0283203125,450.0,450.0,95.0,671.0,24.6,1.9,1,0,1,0,28.653518046509255
2025-08-05 10:00:00,2025-08-05 09:10:00,18631.462890625,606.0,606.0,108.0,742.2,26.6,1.84,2,0,2,0,39.07268180550958
2025-08-05 11:00:00,2025-08-05 10:10:00,21424.685546875,730.0,730.0,115.0,787.2,28.2,1.73,1,0,1,0,48.80199690254871
2025-08-05 12:00:00,2025-08-05 11:10:00,22102.08203125,811.0,811.0,120.0,810.8,29.5,1.59,1,0,1,0,56.884523979044424
2025-08-05 13:00:00,2025-08-05 12:10:00,21879.51953125,839.0,839.0,126.0,811.0,30.5,1.65,1,0,0,1,61.629037506749256
2025-08-05 14:00:00,2025-08-05 13:10:00,20232.798828125,819.0,819.0,127.0,804.7,30.9,1.39,4,0,4,0,61.222316871074575
2025-08-05 15:00:00,2025-08-05 14:10:00,16423.2421875,717.0,717.0,126.0,742.3,31.3,1.25,18,0,18,0,55.85322314956113
2025-08-05 16:00:00,2025-08-05 15:10:00,12926.2119140625,590.0,590.0,120.0,679.1,31.6,1.61,12,0,12,0,47.436808722751984
2025-08-05 17:00:00,2025-08-05 16:10:00,7489.6904296875,450.0,450.0,101.0,629.2,31.6,2.04,2,0,2,0,37.55161616134805
2025-08-05 18:00:00,2025-08-05 17:10:00,2321.711181640625,298.0,298.0,83.0,546.6,31.4,2.25,2,0,2,0,27.070180176537622
2025-08-05 19:00:00,2025-08-05 18:10:00,775.9708862304688,137.0,137.0,55.0,374.3,30.7,2.42,2,0,2,0,16.490718072798742
2025-08-05 20:00:00,2025-08-05 19:10:00,229.3175506591797,22.0,22.0,14.0,78.8,29.1,2.27,0,0,0,0,6.169542899491366
2025-08-05 21:00:00,2025-08-05 20:10:00,0.0,0.0,0.0,0.0,0.0,27.7,1.77,0,0,0,0,-3.558791919794008
2025-08-05 22:00:00,2025-08-05 21:10:00,0.0,0.0,0.0,0.0,0.0,26.5,1.72,0,0,0,0,-12.311277026009734
2025-08-05 23:00:00,2025-08-05 22:10:00,0.0,0.0,0.0,0.0,0.0,25.5,1.59,0,0,0,0,-19.614097375613525
2025-08-06 00:00:00,2025-08-05 23:10:00,0.0,0.0,0.0,0.0,0.0,24.8,1.69,0,0,0,0,-24.90488963451549
2025-08-06 01:00:00,2025-08-06 00:10:00,0.0,0.0,0.0,0.0,0.0,24.2,1.55,0,0,0,0,-27.62572381918277
2025-08-06 02:00:00,2025-08-06 01:10:00,0.0,0.0,0.0,0.0,0.0,23.4,1.28,0,0,0,0,-27.421105430465243
2025-08-06 03:00:00,2025-08-06 02:10:00,0.0,0.0,0.0,0.0,0.0,22.6,0.94,0,0,0,0,-24.319930461097954
2025-08-06 04:00:00,2025-08-06 03:10:00,0.0,0.0,0.0,0.0,0.0,21.9,0.8,1,0,0,1,-18.719192645079442
2025-08-06 05:00:00,2025-08-06 04:10:00,0.0,0.0,0.0,0.0,0.0,21.6,1.2,2,0,2,0,-11.187675551150251
2025-08-06 06:00:00,2025-08-06 05:10:00,891.1253051757812,12.0,12.0,9.0,35.0,21.5,1.85,31,1,10,22,-2.2789916159114276
2025-08-06 07:00:00,2025-08-06 06:10:00,3001.886962890625,111.0,111.0,52.0,315.3,22.5,1.91,66,9,24,53,7.546069762520763
2025-08-06 08:00:00,2025-08-06 07:10:00,6680.72607421875,250.0,250.0,99.0,416.8,24.2,2.14,99,8,20,99,17.91310591856519
2025-08-06 09:00:00,2025-08-06 08:10:00,10618.7783203125,394.0,394.0,142.0,478.6,26.2,2.0,98,1,25,98,28.487397407383913
2025-08-06 10:00:00,2025-08-06 09:10:00,15400.513671875,541.0,541.0,201.0,508.5,28.1,2.1,98,21,35,97,38.89837559752272
2025-08-06 11:00:00,2025-08-06 10:10:00,18576.513671875,630.0,630.0,203.0,548.1,29.1,2.05,76,18,23,68,48.60760879571507
2025-08-06 12:00:00,2025-08-06 11:10:00,18858.529296875,737.0,737.0,141.0,701.2,30.2,2.07,100,8,40,99,56.65680919170545
2025-08-06 13:00:00,2025-08-06 12:10:00,17720.8203125,745.0,745.0,224.0,594.2,30.8,1.97,100,22,21,100,61.36657068809257
2025-08-06 14:00:00,2025-08-06 13:10:00,11397.2529296875,585.0,585.0,362.0,260.0,30.0,2.25,100,24,32,100,60.95414795877097
2025-08-06 15:00:00,2025-08-06 14:10:00,9935.9755859375,499.0,499.0,328.0,215.5,30.4,2.13,100,3,44,100,55.60867054951453
2025-08-06 16:00:00,2025-08-06 15:10:00,6142.11865234375,299.0,299.0,253.0,66.7,30.0,1.61,100,8,68,99,47.21718369973812
2025-08-06 17:00:00,2025-08-06 16:10:00,2597.77685546875,142.0,142.0,132.0,18.1,26.9,3.37,100,6,100,100,37.34707958093142
2025-08-06 18:00:00,2025-08-06 17:10:00,1943.4171142578125,98.0,98.0,95.0,7.7,23.3,0.79,93,7,84,90,26.871211071916452
2025-08-06 19:00:00,2025-08-06 18:10:00,495.2515869140625,68.0,68.0,51.0,78.9,21.8,2.71,100,16,100,53,16.289861612249563
2025-08-06 20:00:00,2025-08-06 19:10:00,225.43853759765625,7.0,7.0,7.0,0.0,21.5,0.63,83,6,68,46,5.9609478961855435
2025-08-06 21:00:00,2025-08-06 20:10:00,0.0,0.0,0.0,0.0,0.0,21.2,2.1,23,7,17,5,-3.7797687699057576
2025-08-06 22:00:00,2025-08-06 21:10:00,0.0,0.0,0.0,0.0,0.0,20.4,2.39,32,27,17,0,-12.547913928081085
2025-08-06 23:00:00,2025-08-06 22:10:00,0.0,0.0,0.0,0.0,0.0,20.1,1.23,42,20,27,1,-19.867390512250488
2025-08-07 00:00:00,2025-08-06 23:10:00,0.0,0.0,0.0,0.0,0.0,20.0,0.46,60,21,50,0,-25.171966045264764
2025-08-07 01:00:00,2025-08-07 00:10:00,0.0,0.0,0.0,0.0,0.0,20.0,0.45,100,100,62,7,-27.898710239652665
2025-08-07 02:00:00,2025-08-07 01:10:00,0.0,0.0,0.0,0.0,0.0,20.8,1.41,60,50,33,2,-27.688650189211973
2025-08-07 03:00:00,2025-08-07 02:10:00,0.0,0.0,0.0,0.0,0.0,20.4,2.67,96,95,36,2,-24.57168670971145
2025-08-07 04:00:00,2025-08-07 03:10:00,0.0,0.0,0.0,0.0,0.0,19.8,2.09,95,94,43,0,-18.949622581392404
2025-08-07 05:00:00,2025-08-07 04:10:00,0.0,0.0,0.0,0.0,0.0,19.5,1.73,100,100,63,0,-11.396397319883478
2025-08-07 06:00:00,2025-08-07 05:10:00,622.9339599609375,3.0,3.0,3.0,0.0,19.5,1.66,100,100,97,0,-2.469041396111609
2025-08-07 07:00:00,2025-08-07 06:10:00,1968.8978271484375,38.0,38.0,36.0,10.9,19.8,1.23,100,100,100,0,7.369844443995885
2025-08-07 08:00:00,2025-08-07 07:10:00,3704.2490234375,56.0,56.0,56.0,0.0,20.1,0.92,100,100,100,0,17.744743244803953
2025-08-07 09:00:00,2025-08-07 08:10:00,4030.6904296875,74.0,74.0,74.0,0.0,20.5,0.79,100,99,100,0,28.319689092325625
2025-08-07 10:00:00,2025-08-07 09:10:00,10183.892578125,188.0,188.0,182.0,9.0,21.4,0.5,71,64,38,0,38.722110027574644
2025-08-07 11:00:00,2025-08-07 10:10:00,15978.50390625,508.0,508.0,252.0,329.6,23.8,1.36,59,52,28,0,48.41065455693214
2025-08-07 12:00:00,2025-08-07 11:10:00,16218.2236328125,568.0,568.0,290.0,327.9,25.2,1.41,52,46,15,0,56.42573568504597
2025-08-07 13:00:00,2025-08-07 12:10:00,17448.02734375,505.0,505.0,345.0,183.0,25.6,1.33,2,0,1,0,61.099916519178926
2025-08-07 14:00:00,2025-08-07 13:10:00,17539.353515625,593.0,593.0,222.0,433.9,27.4,0.5,5,0,5,0,60.68094486547829
2025-08-07 15:00:00,2025-08-07 14:10:00,12280.1728515625,556.0,556.0,231.0,410.9,27.9,0.98,26,24,3,0,55.358543227968276
2025-08-07 16:00:00,2025-08-07 15:10:00,10626.9345703125,510.0,510.0,167.0,499.7,28.2,0.85,51,50,6,0,46.99194035870321
2025-08-07 17:00:00,2025-08-07 16:10:00,7174.9990234375,444.0,444.0,124.0,583.5,28.6,0.56,29,26,13,0,37.137086284187625
2025-08-07 18:00:00,2025-08-07 17:10:00,2248.83984375,294.0,294.0,83.0,545.8,28.4,0.15,17,16,4,0,26.66695701428957
2025-08-07 19:00:00,2025-08-07 18:10:00,770.3646240234375,131.0,131.0,55.0,358.9,27.2,0.7,15,15,2,0,16.083840944140555
2025-08-07 20:00:00,2025-08-07 19:10:00,231.2711944580078,19.0,19.0,12.0,71.6,25.3,1.33,15,15,1,0,5.747248408354985
2025-08-07 21:00:00,2025-08-07 20:10:00,0.0,0.0,0.0,0.0,0.0,24.4,1.1,2,2,0,0,-4.0058436860355995
2025-08-07 22:00:00,2025-08-07 21:10:00,0.0,0.0,0.0,0.0,0.0,23.9,0.46,3,3,0,0,-12.78967372243115
2025-08-07 23:00:00,2025-08-07 22:10:00,0.0,0.0,0.0,0.0,0.0,23.8,0.11,1,1,0,0,-20.125814031168666
2025-08-08 00:00:00,2025-08-07 23:10:00,0.0,0.0,0.0,0.0,0.0,23.7,0.07,0,0,0,0,-25.44407238215956
2025-08-08 01:00:00,2025-08-08 00:10:00,0.0,0.0,0.0,0.0,0.0,23.5,0.16,1,1,0,0,-28.176403407597245
2025-08-08 02:00:00,2025-08-08 01:10:00,0.0,0.0,0.0,0.0,0.0,22.2,0.6,0,0,0,0,-27.96030816399501
2025-08-08 03:00:00,2025-08-08 02:10:00,0.0,0.0,0.0,0.0,0.0,21.6,0.64,0,0,0,0,-24.826795293829623
2025-08-08 04:00:00,2025-08-08 03:10:00,0.0,0.0,0.0,0.0,0.0,21.4,0.2,2,2,0,0,-19.182660751998643
2025-08-08 05:00:00,2025-08-08 04:10:00,0.0,0.0,0.0,0.0,0.0,20.9,0.32,0,0,0,0,-11.607131727827033
2025-08-08 06:00:00,2025-08-08 05:10:00,898.221923828125,10.0,10.0,7.0,36.3,20.9,0.25,2,2,0,0,-2.6607022873309303
2025-08-08 07:00:00,2025-08-08 06:10:00,3307.03515625,109.0,109.0,49.0,331.4,21.7,0.45,2,2,0,0,7.1922158603372965
2025-08-08 08:00:00,2025-08-08 07:10:00,9137.986328125,268.0,268.0,77.0,535.4,23.5,0.4,0,0,0,0,17.57499883858
2025-08-08 09:00:00,2025-08-08 08:10:00,14575.8994140625,439.0,439.0,96.0,657.9,25.9,0.25,0,0,0,0,28.150429709733956
2025-08-08 10:00:00,2025-08-08 09:10:00,18637.158203125,595.0,595.0,108.0,733.6,27.5,0.79,0,0,0,0,38.543913011667854
2025-08-08 11:00:00,2025-08-08 10:10:00,21427.9140625,720.0,720.0,116.0,780.0,28.7,1.15,0,0,0,0,48.21116049804331
2025-08-08 12:00:00,2025-08-08 11:10:00,22063.59765625,802.0,802.0,119.0,807.9,29.6,1.19,0,0,0,0,56.19134293799322
2025-08-08 13:00:00,2025-08-08 12:10:00,21985.68359375,834.0,834.0,121.0,817.6,30.6,1.1,0,0,0,0,60.829143831059554
2025-08-08 14:00:00,2025-08-08 13:10:00,19603.541015625,761.0,761.0,191.0,668.6,30.6,1.46,2,1,0,0,60.40279724596839
2025-08-08 15:00:00,2025-08-08 14:10:00,17370.89453125,742.0,742.0,113.0,798.0,31.5,1.2,9,3,6,0,55.10292107917085
2025-08-08 16:00:00,2025-08-08 15:10:00,12724.2607421875,588.0,588.0,117.0,689.2,31.7,1.14,25,0,10,16,46.7611406477911
2025-08-08 17:00:00,2025-08-08 16:10:00,7386.20068359375,443.0,443.0,106.0,618.1,31.8,0.95,8,0,8,1,36.92168879180339
2025-08-08 18:00:00,2025-08-08 17:10:00,2230.991943359375,280.0,280.0,82.0,516.9,31.3,1.0,10,0,9,2,26.45746890306968
2025-08-08 19:00:00,2025-08-08 18:10:00,713.4669189453125,125.0,125.0,51.0,355.8,30.0,0.45,8,0,8,0,15.872709873264624
2025-08-08 20:00:00,2025-08-08 19:10:00,224.7118377685547,17.0,17.0,11.0,62.6,28.4,0.3,5,0,5,0,5.528503435181948
2025-08-08 21:00:00,2025-08-08 20:10:00,0.0,0.0,0.0,0.0,0.0,27.1,1.41,4,0,4,0,-4.236951620749578
2025-08-08 22:00:00,2025-08-08 21:10:00,0.0,0.0,0.0,0.0,0.0,26.4,1.15,3,0,3,0,-13.03648549979236
2025-08-08 23:00:00,2025-08-08 22:10:00,0.0,0.0,0.0,0.0,0.0,25.4,0.76,0,0,0,0,-20.38929195265041
2025-08-09 00:00:00,2025-08-08 23:10:00,0.0,0.0,0.0,0.0,0.0,24.8,0.76,0,0,0,0,-25.721128029215517
2025-08-09 01:00:00,2025-08-09 00:10:00,0.0,0.0,0.0,0.0,0.0,24.4,0.88,0,0,0,0,-28.45871721260296
2025-08-09 02:00:00,2025-08-09 01:10:00,0.0,0.0,0.0,0.0,0.0,23.8,0.92,0,0,0,0,-28.235987054737407
2025-08-09 03:00:00,2025-08-09 02:10:00,0.0,0.0,0.0,0.0,0.0,23.0,0.79,0,0,0,0,-25.08516051904155
2025-08-09 04:00:00,2025-08-09 03:10:00,0.0,0.0,0.0,0.0,0.0,22.6,0.11,0,0,0,0,-19.418214150205728
2025-08-09 05:00:00,2025-08-09 04:10:00,0.0,0.0,0.0,0.0,0.0,22.3,0.3,0,0,0,0,-11.8197942635199
2025-08-09 06:00:00,2025-08-09 05:10:00,854.2562866210938,9.0,9.0,7.0,24.7,22.1,0.65,0,0,0,0,-2.853901717835015
2025-08-09 07:00:00,2025-08-09 06:10:00,3307.03515625,107.0,107.0,47.0,337.0,23.4,0.54,0,0,0,0,7.013243401185456
2025-08-09 08:00:00,2025-08-09 07:10:00,9147.5048828125,267.0,267.0,75.0,542.5,25.5,0.47,0,0,0,0,17.40391911371787
2025-08-09 09:00:00,2025-08-09 08:10:00,14522.5947265625,439.0,439.0,94.0,665.0,28.0,0.72,0,0,0,0,27.979654045534904
2025-08-09 10:00:00,2025-08-09 09:10:00,18619.2578125,595.0,595.0,105.0,740.9,29.8,1.08,0,0,0,0,38.36381086360997
2025-08-09 11:00:00,2025-08-09 10:10:00,21411.583984375,721.0,721.0,113.0,787.6,31.2,1.56,0,0,0,0,48.00915178590679
2025-08-09 12:00:00,2025-08-09 11:10:00,21969.13671875,803.0,803.0,117.0,813.8,32.2,1.7,0,0,0,0,55.95366987377753
2025-08-09 13:00:00,2025-08-09 12:10:00,21917.416015625,836.0,836.0,117.0,826.8,33.2,1.59,0,0,0,0,60.55432128969101
2025-08-09 14:00:00,2025-08-09 13:10:00,20285.248046875,813.0,813.0,117.0,818.8,33.2,1.81,1,0,1,0,60.11979565954992
2025-08-09 15:00:00,2025-08-09 14:10:00,17351.84375,737.0,737.0,112.0,795.7,33.7,1.73,2,0,2,0,54.84188674165339
2025-08-09 16:00:00,2025-08-09 15:10:00,13053.0771484375,613.0,613.0,105.0,746.7,34.0,1.46,2,0,2,0,46.52485010370181
2025-08-09 17:00:00,2025-08-09 16:10:00,7546.27783203125,459.0,459.0,96.0,669.9,33.8,1.54,3,0,3,0,36.70094326735015
2025-08-09 18:00:00,2025-08-09 17:10:00,2217.168701171875,289.0,289.0,78.0,556.0,33.2,1.38,1,0,1,0,26.24280108538647
2025-08-09 19:00:00,2025-08-09 18:10:00,734.2398071289062,128.0,128.0,51.0,377.1,31.8,0.96,1,0,1,0,15.656525400949965
2025-08-09 20:00:00,2025-08-09 19:10:00,227.8070526123047,17.0,17.0,11.0,63.9,29.6,0.82,2,0,2,0,5.3047749043180525
2025-08-09 21:00:00,2025-08-09 20:10:00,0.0,0.0,0.0,0.0,0.0,28.1,0.81,1,0,1,0,-4.473024891088778
2025-08-09 22:00:00,2025-08-09 21:10:00,0.0,0.0,0.0,0.0,0.0,27.2,0.76,0,0,0,0,-13.288276056477544
2025-08-09 23:00:00,2025-08-09 22:10:00,0.0,0.0,0.0,0.0,0.0,26.6,1.0,0,0,0,0,-20.657746413258877
2025-08-10 00:00:00,2025-08-09 23:10:00,0.0,0.0,0.0,0.0,0.0,25.9,0.93,0,0,0,0,-26.00305095583122
2025-08-10 01:00:00,2025-08-10 00:10:00,0.0,0.0,0.0,0.0,0.0,25.4,0.92,0,0,0,0,-28.74556459782737
2025-08-10 02:00:00,2025-08-10 01:10:00,0.0,0.0,0.0,0.0,0.0,24.5,0.61,0,0,0,0,-28.51559406210635
2025-08-10 03:00:00,2025-08-10 02:10:00,0.0,0.0,0.0,0.0,0.0,24.0,0.36,0,0,0,0,-25.346686694886266
2025-08-10 04:00:00,2025-08-10 03:10:00,0.0,0.0,0.0,0.0,0.0,23.5,0.29,0,0,0,0,-19.65619034639619
2025-08-10 05:00:00,2025-08-10 04:10:00,0.0,0.0,0.0,0.0,0.0,22.9,0.5,0,0,0,0,-12.034301532696192
2025-08-10 06:00:00,2025-08-10 05:10:00,849.2787475585938,9.0,9.0,7.0,25.2,22.9,0.25,0,0,0,0,-3.0485686477800735
2025-08-10 07:00:00,2025-08-10 06:10:00,3320.34619140625,105.0,105.0,46.0,337.2,24.2,0.05,0,0,0,0,6.832984664925833
2025-08-10 08:00:00,2025-08-10 07:10:00,9103.4326171875,265.0,265.0,74.0,544.0,27.0,0.36,0,0,0,0,17.231548587654714
2025-08-10 09:00:00,2025-08-10 08:10:00,14495.8798828125,436.0,436.0,92.0,666.5,29.5,0.27,0,0,0,0,27.807395043325343
2025-08-10 10:00:00,2025-08-10 09:10:00,18621.359375,593.0,593.0,104.0,742.2,31.6,0.52,0,0,0,0,38.18182830086194
2025-08-10 11:00:00,2025-08-10 10:10:00,21371.529296875,718.0,718.0,111.0,788.8,33.2,1.07,0,0,0,0,47.804652472831435
2025-08-10 12:00:00,2025-08-10 11:10:00,21954.544921875,805.0,805.0,112.0,824.5,34.3,1.2,0,0,0,0,55.71275489815699
2025-08-10 13:00:00,2025-08-10 12:10:00,22212.724609375,845.0,845.0,110.0,847.7,35.5,0.81,1,0,0,1,60.27551740633578
2025-08-10 14:00:00,2025-08-10 13:10:00,20813.7734375,823.0,823.0,111.0,840.3,36.2,0.69,0,0,0,0,59.83203150189799
2025-08-10 15:00:00,2025-08-10 14:10:00,17052.126953125,744.0,744.0,107.0,814.0,36.7,0.92,17,0,7,11,54.575525490860606
2025-08-10 16:00:00,2025-08-10 15:10:00,12468.2841796875,610.0,610.0,120.0,723.5,37.2,1.2,55,0,20,45,46.2831377800794
2025-08-10 17:00:00,2025-08-10 16:10:00,7164.23291015625,437.0,437.0,110.0,607.2,37.0,1.01,13,0,4,9,36.474909479532364
2025-08-10 18:00:00,2025-08-10 17:10:00,2214.754638671875,282.0,282.0,86.0,521.5,36.3,1.44,18,0,1,17,26.02301133527057
2025-08-10 19:00:00,2025-08-10 18:10:00,690.6398315429688,126.0,126.0,50.0,379.5,34.7,1.48,4,0,0,4,15.435347710846674
2025-08-10 20:00:00,2025-08-10 19:10:00,230.56057739257812,16.0,16.0,11.0,54.5,32.0,1.35,2,0,0,2,5.076127659187774
2025-08-10 21:00:00,2025-08-10 20:10:00,0.0,0.0,0.0,0.0,0.0,30.5,1.25,0,0,0,0,-4.713993192412947
2025-08-10 22:00:00,2025-08-10 21:10:00,0.0,0.0,0.0,0.0,0.0,29.2,0.73,2,0,2,0,-13.544969911593867
2025-08-10 23:00:00,2025-08-10 22:10:00,0.0,0.0,0.0,0.0,0.0,28.8,0.95,2,0,2,0,-20.93109768958818
2025-08-11 00:00:00,2025-08-10 23:10:00,0.0,0.0,0.0,0.0,0.0,28.4,1.2,0,0,0,0,-26.289757751118444
2025-08-11 01:00:00,2025-08-11 00:10:00,0.0,0.0,0.0,0.0,0.0,27.7,1.15,0,0,0,0,-29.036857607568223
2025-08-11 02:00:00,2025-08-11 01:10:00,0.0,0.0,0.0,0.0,0.0,26.2,0.93,0,0,0,0,-28.799035949072344
2025-08-11 03:00:00,2025-08-11 02:10:00,0.0,0.0,0.0,0.0,0.0,25.6,0.93,0,0,0,0,-25.61127821024301
2025-08-11 04:00:00,2025-08-11 03:10:00,0.0,0.0,0.0,0.0,0.0,25.0,0.87,0,0,0,0,-19.8964975724481
2025-08-11 05:00:00,2025-08-11 04:10:00,0.0,0.0,0.0,0.0,0.0,24.8,0.36,0,0,0,0,-12.250571342202743
2025-08-11 06:00:00,2025-08-11 05:10:00,868.17431640625,8.0,8.0,6.0,25.7,24.6,0.25,0,0,0,0,-3.244633643499786
2025-08-11 07:00:00,2025-08-11 06:10:00,3330.84326171875,103.0,103.0,45.0,337.4,26.1,0.82,0,0,0,0,6.65149540021108
2025-08-11 08:00:00,2025-08-11 07:10:00,8962.2822265625,264.0,264.0,75.0,542.7,28.5,0.65,0,0,0,0,17.05792984271656
2025-08-11 09:00:00,2025-08-11 08:10:00,14525.6953125,435.0,435.0,92.0,668.0,31.0,1.23,0,0,0,0,27.6336837885452
2025-08-11 10:00:00,2025-08-11 09:10:00,18632.416015625,592.0,592.0,104.0,743.5,32.8,2.23,0,0,0,0,37.997988454253196
2025-08-11 11:00:00,2025-08-11 10:10:00,21603.369140625,721.0,721.0,109.0,797.9,34.0,2.58,0,0,0,0,47.59768553015859
2025-08-11 12:00:00,2025-08-11 11:10:00,22098.8828125,800.0,800.0,112.0,820.9,34.8,2.47,0,0,0,0,55.468635939668005
2025-08-11 13:00:00,2025-08-11 12:10:00,21709.3359375,815.0,815.0,127.0,795.8,35.7,2.72,4,0,0,4,59.99280055076417
2025-08-11 14:00:00,2025-08-11 13:10:00,19541.6640625,756.0,756.0,143.0,725.8,35.8,2.54,8,0,2,6,59.539596941626776
2025-08-11 15:00:00,2025-08-11 14:10:00,16217.494140625,701.0,701.0,125.0,738.8,36.0,2.28,16,0,7,10,54.30392513173799
2025-08-11 16:00:00,2025-08-11 15:10:00,12579.65234375,556.0,556.0,128.0,634.9,36.0,2.38,19,0,4,16,46.0360761714806
2025-08-11 17:00:00,2025-08-11 16:10:00,7156.10595703125,439.0,439.0,102.0,629.8,35.2,2.05,46,0,3,44,36.24365075933048
2025-08-11 18:00:00,2025-08-11 17:10:00,2097.380859375,248.0,248.0,99.0,400.4,34.5,1.91,47,0,2,46,25.7981608283967
2025-08-11 19:00:00,2025-08-11 18:10:00,622.2734375,121.0,121.0,51.0,356.7,33.1,2.58,27,0,4,24,15.209240151197443
2025-08-11 20:00:00,2025-08-11 19:10:00,225.94906616210938,14.0,14.0,11.0,33.4,31.2,1.84,37,0,3,35,4.842629443701339
2025-08-11 21:00:00,2025-08-11 20:10:00,0.0,0.0,0.0,0.0,0.0,30.1,1.57,34,0,2,32,-4.959783613952995
2025-08-11 22:00:00,2025-08-11 21:10:00,0.0,0.0,0.0,0.0,0.0,29.5,1.47,38,0,1,37,-13.806489325148846
2025-08-11 23:00:00,2025-08-11 22:10:00,0.0,0.0,0.0,0.0,0.0,29.0,1.37,2,0,1,1,-21.209264222232985
2025-08-12 00:00:00,2025-08-11 23:10:00,0.0,0.0,0.0,0.0,0.0,28.5,1.14,1,0,1,0,-26.581163658027037
2025-08-12 01:00:00,2025-08-12 00:10:00,0.0,0.0,0.0,0.0,0.0,27.8,0.94,0,0,0,0,-29.332507434424606
2025-08-12 02:00:00,2025-08-12 01:10:00,0.0,0.0,0.0,0.0,0.0,26.6,1.03,0,0,0,0,-29.086219101914395
2025-08-12 03:00:00,2025-08-12 02:10:00,0.0,0.0,0.0,0.0,0.0,25.8,0.81,0,0,0,0,-25.878839607892377
2025-08-12 04:00:00,2025-08-12 03:10:00,0.0,0.0,0.0,0.0,0.0,25.1,0.74,0,0,0,0,-20.139044804716242
2025-08-12 05:00:00,2025-08-12 04:10:00,0.0,0.0,0.0,0.0,0.0,24.8,0.96,0,0,0,0,-12.4685227816166
2025-08-12 06:00:00,2025-08-12 05:10:00,879.001220703125,7.0,7.0,5.0,26.2,24.5,0.6,0,0,0,0,-3.4420289486692925
2025-08-12 07:00:00,2025-08-12 06:10:00,3323.84521484375,98.0,98.0,45.0,314.0,25.7,0.4,0,0,0,0,6.468829451213377
2025-08-12 08:00:00,2025-08-12 07:10:00,8687.4375,255.0,255.0,76.0,518.3,27.5,0.36,0,0,0,0,16.883103491485567
2025-08-12 09:00:00,2025-08-12 08:10:00,14489.095703125,425.0,425.0,95.0,646.1,29.4,1.14,0,0,0,0,27.458549496859035
2025-08-12 10:00:00,2025-08-12 09:10:00,18577.76953125,580.0,580.0,107.0,723.5,31.1,1.51,0,0,0,0,37.81231288169808
2025-08-12 11:00:00,2025-08-12 10:10:00,21245.7578125,705.0,705.0,114.0,773.0,32.6,1.5,0,0,0,0,47.388272885051116
2025-08-12 12:00:00,2025-08-12 11:10:00,21969.13671875,791.0,791.0,116.0,807.9,34.0,1.24,0,0,0,0,55.22135049188648
2025-08-12 13:00:00,2025-08-12 12:10:00,22330.001953125,834.0,834.0,109.0,841.2,34.8,0.9,0,0,0,0,59.70623896713524
2025-08-12 14:00:00,2025-08-12 13:10:00,20109.830078125,804.0,804.0,111.0,823.2,35.8,1.35,22,0,9,14,59.24258486160124
2025-08-12 15:00:00,2025-08-12 14:10:00,16906.404296875,730.0,730.0,129.0,773.8,36.0,1.07,11,0,6,6,54.02717589176419
2025-08-12 16:00:00,2025-08-12 15:10:00,9579.4609375,449.0,449.0,122.0,487.4,35.3,1.71,62,6,20,51,45.78374113336994
2025-08-12 17:00:00,2025-08-12 16:10:00,5931.40234375,366.0,366.0,145.0,415.7,35.5,0.61,35,2,1,34,36.00723395228481
2025-08-12 18:00:00,2025-08-12 17:10:00,2125.479248046875,253.0,253.0,97.0,423.5,35.1,1.38,67,0,3,66,25.56831411250333
2025-08-12 19:00:00,2025-08-12 18:10:00,535.317138671875,102.0,102.0,65.0,192.5,34.0,1.6,64,0,1,64,14.978269213640361
2025-08-12 20:00:00,2025-08-12 19:10:00,221.99935913085938,10.0,10.0,9.0,11.4,32.3,1.58,96,0,0,96,4.604350884388934
2025-08-12 21:00:00,2025-08-12 20:10:00,0.0,0.0,0.0,0.0,0.0,31.0,1.53,14,0,0,13,-5.2103206560717155
2025-08-12 22:00:00,2025-08-12 21:10:00,0.0,0.0,0.0,0.0,0.0,29.9,0.8,39,0,0,39,-14.072754317044295
2025-08-12 23:00:00,2025-08-12 22:10:00,0.0,0.0,0.0,0.0,0.0,28.9,0.73,16,0,0,15,-21.492162639957535
2025-08-13 00:00:00,2025-08-12 23:10:00,0.0,0.0,0.0,0.0,0.0,28.1,0.92,6,0,0,6,-26.87718260722571
2025-08-13 01:00:00,2025-08-13 00:10:00,0.0,0.0,0.0,0.0,0.0,27.3,0.6,1,0,0,1,-29.632424465990756
2025-08-13 02:00:00,2025-08-13 01:10:00,0.0,0.0,0.0,0.0,0.0,26.6,1.57,70,0,0,70,-29.377049590584466
2025-08-13 03:00:00,2025-08-13 02:10:00,0.0,0.0,0.0,0.0,0.0,25.9,1.11,2,0,0,2,-26.149275658117002
2025-08-13 04:00:00,2025-08-13 03:10:00,0.0,0.0,0.0,0.0,0.0,25.6,1.01,0,0,0,0,-20.3837418453917
2025-08-13 05:00:00,2025-08-13 04:10:00,0.0,0.0,0.0,0.0,0.0,25.2,0.57,0,0,0,0,-12.688076302342395
2025-08-13 06:00:00,2025-08-13 05:10:00,802.9283447265625,7.0,7.0,6.0,13.4,25.1,0.68,0,0,0,0,-3.640688552113531
2025-08-13 07:00:00,2025-08-13 06:10:00,3310.301513671875,96.0,96.0,44.0,313.9,26.2,0.46,0,0,0,0,6.285038706832187
2025-08-13 08:00:00,2025-08-13 07:10:00,8615.5595703125,254.0,254.0,75.0,522.7,28.1,0.45,0,0,0,0,16.707108146462705
2025-08-13 09:00:00,2025-08-13 08:10:00,14501.1142578125,425.0,425.0,93.0,653.4,30.4,0.58,0,0,0,0,27.28201950691968
2025-08-13 10:00:00,2025-08-13 09:10:00,18577.4296875,581.0,581.0,104.0,732.5,32.2,0.7,0,0,0,0,37.624821586036425
2025-08-13 11:00:00,2025-08-13 10:10:00,21341.646484375,707.0,707.0,111.0,782.2,33.8,1.05,0,0,0,0,47.17643546054135
2025-08-13 12:00:00,2025-08-13 11:10:00,21954.544921875,791.0,791.0,114.0,812.8,34.8,1.34,0,0,0,0,54.970935657680236
2025-08-13 13:00:00,2025-08-13 12:10:00,21913.08203125,825.0,825.0,114.0,827.5,35.8,1.77,0,0,0,0,59.41590079243308
2025-08-13 14:00:00,2025-08-13 13:10:00,20400.265625,808.0,808.0,110.0,831.9,37.2,2.1,16,0,16,0,58.941088804955186
2025-08-13 15:00:00,2025-08-13 14:10:00,16011.201171875,717.0,717.0,116.0,776.8,36.8,3.19,71,0,31,60,53.74537031488112
2025-08-13 16:00:00,2025-08-13 15:10:00,12193.38671875,548.0,548.0,130.0,626.1,35.6,4.03,40,0,6,36,45.52621179858716
2025-08-13 17:00:00,2025-08-13 16:10:00,6415.99658203125,379.0,379.0,122.0,486.7,34.2,1.63,44,1,4,42,35.765729366178704
2025-08-13 18:00:00,2025-08-13 17:10:00,2029.1063232421875,244.0,244.0,92.0,417.0,35.1,0.36,8,0,2,7,25.33353907361829
2025-08-13 19:00:00,2025-08-13 18:10:00,471.09930419921875,114.0,114.0,49.0,345.6,34.1,2.11,2,0,0,2,14.742504508601941
2025-08-13 20:00:00,2025-08-13 19:10:00,230.56057739257812,12.0,12.0,8.0,46.7,31.8,1.39,4,0,0,4,4.3613654699781215
2025-08-13 21:00:00,2025-08-13 20:10:00,0.0,0.0,0.0,0.0,0.0,30.3,0.25,0,0,0,0,-5.465526249227664
2025-08-13 22:00:00,2025-08-13 21:10:00,0.0,0.0,0.0,0.0,0.0,29.1,0.47,0,0,0,0,-14.343682686952132
2025-08-13 23:00:00,2025-08-13 22:10:00,0.0,0.0,0.0,0.0,0.0,28.1,0.25,0,0,0,0,-21.779707784044213
2025-08-14 00:00:00,2025-08-13 23:10:00,0.0,0.0,0.0,0.0,0.0,27.5,0.21,2,0,0,2,-27.17772725069863
2025-08-14 01:00:00,2025-08-14 00:10:00,0.0,0.0,0.0,0.0,0.0,27.1,1.21,1,0,0,1,-29.93651833102289
2025-08-14 02:00:00,2025-08-14 01:10:00,0.0,0.0,0.0,0.0,0.0,26.5,1.93,77,0,1,77,-29.671433228342583
2025-08-14 03:00:00,2025-08-14 02:10:00,0.0,0.0,0.0,0.0,0.0,25.1,1.45,85,11,30,81,-26.42249143121122
2025-08-14 04:00:00,2025-08-14 03:10:00,0.0,0.0,0.0,0.0,0.0,24.2,1.64,40,0,16,29,-20.630499402057037
2025-08-14 05:00:00,2025-08-14 04:10:00,0.0,0.0,0.0,0.0,0.0,24.0,0.92,14,0,0,13,-12.90915379397027
2025-08-14 06:00:00,2025-08-14 05:10:00,690.6788940429688,6.0,6.0,5.0,13.7,23.6,1.3,11,0,0,11,-3.8405482520312435
2025-08-14 07:00:00,2025-08-14 06:10:00,3243.82763671875,94.0,94.0,44.0,307.6,24.3,1.82,2,0,0,2,6.100173054075307
2025-08-14 08:00:00,2025-08-14 07:10:00,8419.60546875,254.0,254.0,76.0,524.2,26.2,1.14,5,0,0,5,16.529980394221305
2025-08-14 09:00:00,2025-08-14 08:10:00,14249.017578125,425.0,425.0,94.0,655.0,29.1,0.71,18,0,0,18,27.104119277675778
2025-08-14 10:00:00,2025-08-14 09:10:00,18577.4296875,583.0,583.0,104.0,738.6,31.5,0.14,0,0,0,0,37.435533037110616
2025-08-14 11:00:00,2025-08-14 10:10:00,21264.73046875,710.0,710.0,110.0,790.1,33.5,0.79,6,0,0,6,46.96219321887828
2025-08-14 12:00:00,2025-08-14 11:10:00,21774.01953125,798.0,798.0,114.0,823.7,34.9,1.31,46,0,5,44,54.71742819542559
2025-08-14 13:00:00,2025-08-14 12:10:00,21098.689453125,769.0,769.0,133.0,742.5,34.0,1.97,52,0,11,47,59.12185407733472
2025-08-14 14:00:00,2025-08-14 13:10:00,10110.1376953125,425.0,425.0,311.0,136.3,28.1,5.14,100,0,6,100,58.63520292575708
2025-08-14 15:00:00,2025-08-14 14:10:00,9253.0205078125,265.0,265.0,230.0,45.4,30.6,3.15,98,0,2,98,53.458603156737276
2025-08-14 16:00:00,2025-08-14 15:10:00,5252.19287109375,246.0,246.0,225.0,31.6,28.5,1.61,99,0,0,99,45.26357049072813
2025-08-14 17:00:00,2025-08-14 16:10:00,4262.56103515625,240.0,240.0,184.0,106.8,29.3,0.65,100,0,1,100,35.5192107143916
2025-08-14 18:00:00,2025-08-14 17:10:00,1720.269287109375,165.0,165.0,143.0,61.0,29.8,1.99,100,0,0,100,25.093906898232373
2025-08-14 19:00:00,2025-08-14 18:10:00,577.4732055664062,74.0,74.0,71.0,16.3,28.8,2.04,100,0,0,100,14.502018737348518
2025-08-14 20:00:00,2025-08-14 19:10:00,217.77603149414062,9.0,9.0,9.0,0.0,27.2,1.7,100,0,0,100,4.113749528440688
2025-08-14 21:00:00,2025-08-14 20:10:00,0.0,0.0,0.0,0.0,0.0,26.1,0.38,0,0,0,0,-5.725319774633433
2025-08-14 22:00:00,2025-08-14 21:10:00,0.0,0.0,0.0,0.0,0.0,25.5,0.63,0,0,0,0,-14.619190035062928
2025-08-14 23:00:00,2025-08-14 22:10:00,0.0,0.0,0.0,0.0,0.0,25.4,0.36,0,0,0,0,-22.071812732798683
2025-08-15 00:00:00,2025-08-14 23:10:00,0.0,0.0,0.0,0.0,0.0,25.5,0.2,0,0,0,0,-27.482708995017543
2025-08-15 01:00:00,2025-08-15 00:10:00,0.0,0.0,0.0,0.0,0.0,25.2,0.35,0,0,0,0,-30.244697945018746
2025-08-15 02:00:00,2025-08-15 01:10:00,0.0,0.0,0.0,0.0,0.0,24.5,1.75,1,0,0,1,-29.969275630575247
2025-08-15 03:00:00,2025-08-15 02:10:00,0.0,0.0,0.0,0.0,0.0,24.0,1.1,0,0,0,0,-26.698392368767934
2025-08-15 04:00:00,2025-08-15 03:10:00,0.0,0.0,0.0,0.0,0.0,23.8,0.1,0,0,0,0,-20.87922916525549
2025-08-15 05:00:00,2025-08-15 04:10:00,0.0,0.0,0.0,0.0,0.0,23.4,0.53,0,0,0,0,-13.131678657679185
2025-08-15 06:00:00,2025-08-15 05:10:00,704.8804321289062,5.0,5.0,4.0,14.0,23.4,0.89,5,0,0,5,-4.041545716411945
2025-08-15 07:00:00,2025-08-15 06:10:00,3295.7265625,93.0,93.0,43.0,311.0,24.7,0.95,0,0,0,0,5.91428033582317
2025-08-15 08:00:00,2025-08-15 07:10:00,8518.78515625,251.0,251.0,74.0,525.7,27.3,0.6,0,0,0,0,16.35175477423627
2025-08-15 09:00:00,2025-08-15 08:10:00,14501.1142578125,422.0,422.0,93.0,654.6,30.8,0.55,0,0,0,0,26.92487239037325
2025-08-15 10:00:00,2025-08-15 09:10:00,18577.4296875,578.0,578.0,104.0,733.8,33.2,0.45,0,0,0,0,37.24446419817703
2025-08-15 11:00:00,2025-08-15 10:10:00,21237.5,705.0,705.0,112.0,783.5,34.5,1.03,9,0,1,9,46.745565208201505
2025-08-15 12:00:00,2025-08-15 11:10:00,21666.916015625,777.0,777.0,123.0,790.1,35.4,1.66,19,0,3,17,54.46086456715527
2025-08-15 13:00:00,2025-08-15 12:10:00,20997.408203125,760.0,760.0,148.0,716.8,35.5,2.46,26,0,4,25,58.82416680938408
2025-08-15 14:00:00,2025-08-15 13:10:00,18825.45703125,730.0,730.0,162.0,681.7,36.1,1.52,57,0,5,56,58.325021944241236
2025-08-15 15:00:00,2025-08-15 14:10:00,13724.7080078125,543.0,543.0,187.0,463.9,34.2,2.28,28,0,4,25,53.16697128162088
2025-08-15 16:00:00,2025-08-15 15:10:00,11487.9951171875,537.0,537.0,162.0,567.5,35.3,1.65,65,0,6,63,44.995902634873225
2025-08-15 17:00:00,2025-08-15 16:10:00,5526.7080078125,289.0,289.0,168.0,232.4,34.8,1.92,20,0,6,15,35.267755055198926
2025-08-15 18:00:00,2025-08-15 17:10:00,2163.325439453125,268.0,268.0,74.0,544.0,34.4,2.41,5,0,4,1,24.849492031572915
2025-08-15 19:00:00,2025-08-15 18:10:00,440.9012451171875,104.0,104.0,48.0,311.6,33.0,2.27,17,0,1,17,14.256887660771504
2025-08-15 20:00:00,2025-08-15 19:10:00,230.41232299804688,9.0,9.0,7.0,24.6,31.8,1.45,1,0,1,1,3.861582201543071
2025-08-15 21:00:00,2025-08-15 20:10:00,0.0,0.0,0.0,0.0,0.0,30.1,0.87,8,0,5,3,-5.989618086594799
2025-08-15 22:00:00,2025-08-15 21:10:00,0.0,0.0,0.0,0.0,0.0,29.5,0.29,27,0,27,0,-14.899189783696029
2025-08-15 23:00:00,2025-08-15 22:10:00,0.0,0.0,0.0,0.0,0.0,28.8,0.25,17,0,17,0,-22.36838882618822
2025-08-16 00:00:00,2025-08-15 23:10:00,0.0,0.0,0.0,0.0,0.0,27.7,0.68,16,0,14,2,-27.79203803424762
2025-08-16 01:00:00,2025-08-16 00:10:00,0.0,0.0,0.0,0.0,0.0,27.2,0.1,5,0,5,0,-30.556871555149485
2025-08-16 02:00:00,2025-08-16 01:10:00,0.0,0.0,0.0,0.0,0.0,26.4,0.6,0,0,0,0,-30.27048227270844
2025-08-16 03:00:00,2025-08-16 02:10:00,0.0,0.0,0.0,0.0,0.0,25.6,0.72,0,0,0,0,-26.976884353611343
2025-08-16 04:00:00,2025-08-16 03:10:00,0.0,0.0,0.0,0.0,0.0,25.1,0.16,0,0,0,0,-21.129843883892594
2025-08-16 05:00:00,2025-08-16 04:10:00,0.0,0.0,0.0,0.0,0.0,24.2,0.87,0,0,0,0,-13.35557587647262
2025-08-16 06:00:00,2025-08-16 05:10:00,740.7353515625,5.0,5.0,4.0,14.3,24.0,0.96,0,0,0,0,-4.243620539429534
2025-08-16 07:00:00,2025-08-16 06:10:00,3295.7265625,92.0,92.0,42.0,313.9,24.9,0.98,0,0,0,0,5.727406313176253
2025-08-16 08:00:00,2025-08-16 07:10:00,8763.501953125,250.0,250.0,72.0,533.4,27.2,0.74,0,0,0,0,16.17246376256262
2025-08-16 09:00:00,2025-08-16 08:10:00,14468.609375,423.0,423.0,91.0,664.2,30.0,0.72,0,0,0,0,26.744300555387845
2025-08-16 10:00:00,2025-08-16 09:10:00,18577.4296875,578.0,578.0,103.0,738.4,32.2,0.25,0,0,0,0,37.0516305567366
2025-08-16 11:00:00,2025-08-16 10:10:00,21368.876953125,710.0,710.0,110.0,795.6,34.0,0.47,0,0,0,0,46.52656961255585
2025-08-16 12:00:00,2025-08-16 11:10:00,21552.61328125,777.0,777.0,119.0,797.5,35.3,1.16,18,0,17,1,54.201280988595585
2025-08-16 13:00:00,2025-08-16 12:10:00,21065.623046875,776.0,776.0,146.0,740.3,36.0,1.74,27,0,15,16,58.52290693834532
2025-08-16 14:00:00,2025-08-16 13:10:00,19477.19140625,750.0,750.0,158.0,713.1,37.0,1.04,24,0,2,22,58.01064110650026
2025-08-16 15:00:00,2025-08-16 14:10:00,15466.193359375,624.0,624.0,147.0,624.2,36.7,2.29,57,0,10,54,52.87057356142068
2025-08-16 16:00:00,2025-08-16 15:10:00,11329.1484375,504.0,504.0,160.0,523.3,36.2,2.75,68,0,18,62,44.723296666087066
2025-08-16 17:00:00,2025-08-16 16:10:00,5202.6181640625,293.0,293.0,139.0,297.9,35.0,3.33,51,0,6,48,35.01144272730298
2025-08-16 18:00:00,2025-08-16 17:10:00,2007.89453125,236.0,236.0,95.0,400.0,33.8,3.61,25,0,9,18,24.60037213213914
2025-08-16 19:00:00,2025-08-16 18:10:00,447.16351318359375,100.0,100.0,47.0,302.3,32.4,2.83,27,0,2,25,14.007190064991812
2025-08-16 20:00:00,2025-08-16 19:10:00,228.73809814453125,8.0,8.0,6.0,25.3,30.8,2.2,28,0,10,20,3.604945416940011
2025-08-16 21:00:00,2025-08-16 20:10:00,0.0,0.0,0.0,0.0,0.0,29.5,2.06,17,0,17,0,-6.258335536513812
2025-08-16 22:00:00,2025-08-16 21:10:00,0.0,0.0,0.0,0.0,0.0,28.4,1.98,16,0,16,0,-15.183593199757656
2025-08-16 23:00:00,2025-08-16 22:10:00,0.0,0.0,0.0,0.0,0.0,27.5,1.49,20,0,20,0,-22.669345690588464
2025-08-17 00:00:00,2025-08-16 23:10:00,0.0,0.0,0.0,0.0,0.0,27.0,0.72,13,0,13,0,-28.105623382444527
2025-08-17 01:00:00,2025-08-17 00:10:00,0.0,0.0,0.0,0.0,0.0,26.5,1.07,35,0,35,0,-30.87294678448311
2025-08-17 02:00:00,2025-08-17 01:10:00,0.0,0.0,0.0,0.0,0.0,25.5,0.76,6,0,6,0,-30.574958547126823
2025-08-17 03:00:00,2025-08-17 02:10:00,0.0,0.0,0.0,0.0,0.0,25.1,0.3,1,0,1,1,-27.257873778243408
2025-08-17 04:00:00,2025-08-17 03:10:00,0.0,0.0,0.0,0.0,0.0,24.6,0.21,0,0,0,0,-21.382257438289873
2025-08-17 05:00:00,2025-08-17 04:10:00,0.0,0.0,0.0,0.0,0.0,23.9,0.49,0,0,0,0,-13.580772082038179
2025-08-17 06:00:00,2025-08-17 05:10:00,695.5560913085938,4.0,4.0,3.0,14.7,23.5,0.76,0,0,0,0,-4.446714293604025
2025-08-17 07:00:00,2025-08-17 06:10:00,3248.024658203125,88.0,88.0,42.0,291.6,24.8,0.81,0,0,0,0,5.539594632576357
2025-08-17 08:00:00,2025-08-17 07:10:00,8827.2802734375,242.0,242.0,76.0,501.9,26.4,1.41,0,0,0,0,15.992137760524821
2025-08-17 09:00:00,2025-08-17 08:10:00,14554.6904296875,412.0,412.0,92.0,643.8,28.0,1.41,1,0,1,0,26.562423624011764
2025-08-17 10:00:00,2025-08-17 09:10:00,18577.76953125,568.0,568.0,106.0,721.3,30.0,0.74,1,0,1,0,36.85704615985283
2025-08-17 11:00:00,2025-08-17 10:10:00,21115.9375,690.0,690.0,117.0,762.5,31.5,0.86,47,0,6,43,46.30522380524628
2025-08-17 12:00:00,2025-08-17 11:10:00,20983.517578125,727.0,727.0,135.0,720.0,32.6,0.82,18,0,9,10,53.938713481042385
2025-08-17 13:00:00,2025-08-17 12:10:00,18582.515625,650.0,650.0,194.0,537.7,32.7,1.12,71,0,19,65,58.218142403607295
2025-08-17 14:00:00,2025-08-17 13:10:00,16769.408203125,625.0,625.0,195.0,519.9,33.9,1.04,58,0,7,55,57.692156148516176
2025-08-17 15:00:00,2025-08-17 14:10:00,14787.9345703125,585.0,585.0,178.0,534.9,33.9,1.93,42,0,14,35,52.569510776913766
2025-08-17 16:00:00,2025-08-17 15:10:00,10433.72265625,482.0,482.0,169.0,478.8,33.7,1.85,19,0,12,8,44.44584393609987
2025-08-17 17:00:00,2025-08-17 16:10:00,6646.54736328125,383.0,383.0,115.0,522.4,33.3,1.8,15,0,13,4,34.75035728188158
2025-08-17 18:00:00,2025-08-17 17:10:00,1981.99658203125,239.0,239.0,83.0,447.8,32.7,1.93,23,0,15,12,24.34662802266785
2025-08-17 19:00:00,2025-08-17 18:10:00,337.1336669921875,95.0,95.0,45.0,292.6,31.5,1.99,14,0,12,2,13.753007723875026
2025-08-17 20:00:00,2025-08-17 19:10:00,230.98074340820312,7.0,7.0,5.0,26.1,30.1,1.44,56,0,32,36,3.3439238578552763
2025-08-17 21:00:00,2025-08-17 20:10:00,0.0,0.0,0.0,0.0,0.0,29.0,2.75,60,0,29,45,-6.531383998535243
2025-08-17 22:00:00,2025-08-17 21:10:00,0.0,0.0,0.0,0.0,0.0,27.9,2.68,39,0,33,9,-15.472309418031713
2025-08-17 23:00:00,2025-08-17 22:10:00,0.0,0.0,0.0,0.0,0.0,27.2,1.99,54,0,47,14,-22.974591263612215
2025-08-18 00:00:00,2025-08-17 23:10:00,0.0,0.0,0.0,0.0,0.0,26.6,1.45,44,0,44,0,-28.423372905699573
2025-08-18 01:00:00,2025-08-18 00:10:00,0.0,0.0,0.0,0.0,0.0,26.1,1.47,33,0,33,0,-31.192830675438
2025-08-18 02:00:00,2025-08-18 01:10:00,0.0,0.0,0.0,0.0,0.0,23.5,2.32,49,0,17,38,-30.882609819011023
2025-08-18 03:00:00,2025-08-18 02:10:00,0.0,0.0,0.0,0.0,0.0,24.1,2.05,11,0,7,4,-27.541267611672968
2025-08-18 04:00:00,2025-08-18 03:10:00,0.0,0.0,0.0,0.0,0.0,23.6,0.59,14,0,13,1,-21.636384910712984
2025-08-18 05:00:00,2025-08-18 04:10:00,0.0,0.0,0.0,0.0,0.0,23.4,0.27,11,0,5,7,-13.807195618028143
2025-08-18 06:00:00,2025-08-18 05:10:00,690.5785522460938,4.0,4.0,3.0,15.1,23.1,0.27,1,0,1,0,-4.650770577531259
2025-08-18 07:00:00,2025-08-18 06:10:00,3207.10595703125,83.0,83.0,42.0,262.5,23.7,1.19,4,0,4,0,5.350886797879879
2025-08-18 08:00:00,2025-08-18 07:10:00,8776.31640625,240.0,240.0,74.0,506.5,25.0,1.87,5,2,5,0,15.810805088564566
2025-08-18 09:00:00,2025-08-18 08:10:00,14565.21484375,404.0,404.0,96.0,623.2,26.2,1.93,1,0,1,0,26.37925960530226
2025-08-18 10:00:00,2025-08-18 09:10:00,18568.14453125,562.0,562.0,112.0,705.6,27.9,2.28,2,1,1,0,36.66072365401022
2025-08-18 11:00:00,2025-08-18 10:10:00,21166.017578125,693.0,693.0,114.0,773.3,29.3,2.26,8,3,5,2,46.08154440551776
2025-08-18 12:00:00,2025-08-18 11:10:00,21609.1796875,762.0,762.0,125.0,777.4,30.2,2.05,19,5,8,11,53.67319792501664
2025-08-18 13:00:00,2025-08-18 12:10:00,21005.58203125,763.0,763.0,150.0,725.3,31.2,1.54,19,2,8,10,57.90994116350871
2025-08-18 14:00:00,2025-08-18 13:10:00,18142.17578125,695.0,695.0,142.0,671.1,31.9,1.77,39,12,10,25,57.36966326438988
2025-08-18 15:00:00,2025-08-18 14:10:00,14950.328125,609.0,609.0,176.0,571.7,32.0,1.71,55,6,23,41,52.26388552164008
2025-08-18 16:00:00,2025-08-18 15:10:00,8813.5810546875,446.0,446.0,191.0,392.3,31.6,1.25,47,1,8,43,44.16363861856546
2025-08-18 17:00:00,2025-08-18 16:10:00,6159.412109375,350.0,350.0,123.0,446.0,31.3,1.34,29,2,9,21,34.48458541144329
2025-08-18 18:00:00,2025-08-18 17:10:00,1928.567138671875,233.0,233.0,82.0,438.9,30.5,1.97,10,1,7,3,24.088343637704956
2025-08-18 19:00:00,2025-08-18 18:10:00,317.3099365234375,91.0,91.0,45.0,276.5,29.5,2.07,15,0,4,12,13.49442535855448
2025-08-18 20:00:00,2025-08-18 19:10:00,229.50942993164062,6.0,6.0,5.0,13.4,28.2,2.05,13,9,10,1,3.0786049304005756
2025-08-18 21:00:00,2025-08-18 20:10:00,0.0,0.0,0.0,0.0,0.0,27.3,1.92,24,22,17,0,-6.808672896813153
2025-08-18 22:00:00,2025-08-18 21:10:00,0.0,0.0,0.0,0.0,0.0,26.9,1.48,27,25,21,0,-15.765245465286004
2025-08-18 23:00:00,2025-08-18 22:10:00,0.0,0.0,0.0,0.0,0.0,26.4,1.59,35,34,16,0,-23.28403181899273
2025-08-19 00:00:00,2025-08-18 23:10:00,0.0,0.0,0.0,0.0,0.0,25.9,1.7,25,24,3,0,-28.745193353688666
2025-08-19 01:00:00,2025-08-19 00:10:00,0.0,0.0,0.0,0.0,0.0,25.4,1.63,47,7,23,26,-31.51642973240462
2025-08-19 02:00:00,2025-08-19 01:10:00,0.0,0.0,0.0,0.0,0.0,21.4,2.45,8,1,2,6,-31.193341481004342
2025-08-19 03:00:00,2025-08-19 02:10:00,0.0,0.0,0.0,0.0,0.0,21.5,0.65,96,5,5,95,-27.826973464496515
2025-08-19 04:00:00,2025-08-19 03:10:00,0.0,0.0,0.0,0.0,0.0,21.5,1.36,96,48,8,92,-21.89214265319756
2025-08-19 05:00:00,2025-08-19 04:10:00,0.0,0.0,0.0,0.0,0.0,21.4,1.76,55,53,1,3,-14.03477659956267
2025-08-19 06:00:00,2025-08-19 05:10:00,546.4002685546875,2.0,2.0,2.0,0.0,21.4,0.9,100,100,7,1,-4.855735058989579
2025-08-19 07:00:00,2025-08-19 06:10:00,2148.813232421875,34.0,34.0,26.0,51.7,21.8,1.12,100,100,4,0,5.161322147550062
2025-08-19 08:00:00,2025-08-19 07:10:00,5708.2275390625,111.0,111.0,84.0,83.1,22.5,0.7,100,100,2,0,15.628491985380833
2025-08-19 09:00:00,2025-08-19 08:10:00,10299.9921875,223.0,223.0,137.0,175.0,23.6,0.61,33,32,0,0,26.194824688083912
2025-08-19 10:00:00,2025-08-19 09:10:00,15565.1259765625,352.0,352.0,196.0,245.7,25.0,0.45,23,23,0,0,36.46267432954809
2025-08-19 11:00:00,2025-08-19 10:10:00,18772.64453125,596.0,596.0,198.0,533.6,27.2,0.54,17,8,1,10,45.85554733852812
2025-08-19 12:00:00,2025-08-19 11:10:00,16829.9765625,581.0,581.0,206.0,459.2,28.5,0.6,95,17,11,94,53.40477011562955
2025-08-19 13:00:00,2025-08-19 12:10:00,14500.658203125,557.0,557.0,321.0,280.3,30.1,0.07,92,39,14,87,57.59837122645079
2025-08-19 14:00:00,2025-08-19 13:10:00,11128.4033203125,541.0,541.0,284.0,313.1,30.0,1.66,100,100,98,91,57.04325907861489
2025-08-19 15:00:00,2025-08-19 14:10:00,4529.22998046875,241.0,241.0,166.0,99.5,24.1,2.28,100,6,53,100,51.95380210858711
2025-08-19 16:00:00,2025-08-19 15:10:00,3844.02294921875,114.0,114.0,114.0,0.0,23.5,0.4,100,0,98,100,43.87677761327359
2025-08-19 17:00:00,2025-08-19 16:10:00,2173.681884765625,96.0,96.0,96.0,0.0,23.6,1.08,100,0,77,100,34.21421687577692
2025-08-19 18:00:00,2025-08-19 17:10:00,1342.372802734375,84.0,84.0,73.0,32.4,23.2,1.72,100,0,46,100,23.825605967962947
2025-08-19 19:00:00,2025-08-19 18:10:00,220.104248046875,36.0,36.0,34.0,12.3,21.0,1.32,100,1,100,100,13.2315305940667
2025-08-19 20:00:00,2025-08-19 19:10:00,201.60736083984375,1.0,1.0,1.0,0.0,20.8,0.73,100,0,8,100,2.80907872858528
2025-08-19 21:00:00,2025-08-19 20:10:00,0.0,0.0,0.0,0.0,0.0,20.6,1.32,94,0,21,93,-7.090109234371044
2025-08-19 22:00:00,2025-08-19 21:10:00,0.0,0.0,0.0,0.0,0.0,20.3,1.13,99,0,37,99,-16.06230628517562
2025-08-19 23:00:00,2025-08-19 22:10:00,0.0,0.0,0.0,0.0,0.0,20.1,0.56,49,10,9,38,-23.597571991493847
2025-08-20 00:00:00,2025-08-19 23:10:00,0.0,0.0,0.0,0.0,0.0,19.9,1.63,86,42,18,73,-29.070990390680173
2025-08-20 01:00:00,2025-08-20 00:10:00,0.0,0.0,0.0,0.0,0.0,19.5,1.01,31,19,2,13,-31.843649963474164
2025-08-20 02:00:00,2025-08-20 01:10:00,0.0,0.0,0.0,0.0,0.0,20.9,1.14,8,7,0,0,-31.507059006620565
2025-08-20 03:00:00,2025-08-20 02:10:00,0.0,0.0,0.0,0.0,0.0,20.2,0.4,40,24,4,21,-28.11489965210016
2025-08-20 04:00:00,2025-08-20 03:10:00,0.0,0.0,0.0,0.0,0.0,20.2,0.18,57,19,9,45,-22.149448352499682
2025-08-20 05:00:00,2025-08-20 04:10:00,0.0,0.0,0.0,0.0,0.0,20.2,0.78,41,20,2,26,-14.263446968764862
2025-08-20 06:00:00,2025-08-20 05:10:00,546.4403076171875,2.0,2.0,2.0,0.0,20.0,0.5,29,9,2,20,-5.061555513243292
2025-08-20 07:00:00,2025-08-20 06:10:00,2602.240966796875,67.0,67.0,48.0,124.1,20.5,0.36,52,8,7,45,4.970937837121278
2025-08-20 08:00:00,2025-08-20 07:10:00,5704.169921875,182.0,182.0,99.0,258.0,21.7,0.47,97,3,41,97,15.445222612480249
2025-08-20 09:00:00,2025-08-20 08:10:00,7551.50146484375,282.0,282.0,186.0,196.6,23.0,0.43,100,36,100,100,26.00913326818015
2025-08-20 10:00:00,2025-08-20 09:10:00,9610.568359375,264.0,264.0,168.0,151.9,23.0,0.96,99,40,2,99,36.2629081696876
2025-08-20 11:00:00,2025-08-20 10:10:00,11769.181640625,505.0,505.0,270.0,316.3,23.9,0.7,100,100,23,100,45.627247898566715
2025-08-20 12:00:00,2025-08-20 11:10:00,9947.515625,314.0,314.0,268.0,56.5,22.6,0.74,99,78,12,96,53.13346581957831
2025-08-20 13:00:00,2025-08-20 12:10:00,8437.359375,410.0,410.0,264.0,174.0,21.9,2.69,99,52,50,97,57.28350068366388
2025-08-20 14:00:00,2025-08-20 13:10:00,6307.61083984375,363.0,363.0,271.0,112.6,23.8,0.9,100,37,74,100,56.713040622227304
2025-08-20 15:00:00,2025-08-20 14:10:00,4542.3798828125,175.0,175.0,174.0,1.3,22.4,1.25,100,1,73,100,51.63936647987
2025-08-20 16:00:00,2025-08-20 15:10:00,5178.88623046875,253.0,253.0,197.0,87.2,22.4,1.24,96,16,48,95,43.585360449673715
2025-08-20 17:00:00,2025-08-20 16:10:00,2840.193115234375,166.0,166.0,134.0,63.9,21.0,1.33,94,31,85,65,33.93934442528063
2025-08-20 18:00:00,2025-08-20 17:10:00,1328.157958984375,95.0,95.0,77.0,53.7,19.5,2.3,91,48,38,79,23.558505001647823
2025-08-20 19:00:00,2025-08-20 18:10:00,231.32919311523438,36.0,36.0,34.0,12.5,18.3,1.9,98,97,28,23,12.964413913205467
2025-08-20 20:00:00,2025-08-20 19:10:00,225.13461303710938,3.0,3.0,3.0,0.0,18.0,1.81,43,30,0,19,2.535437997074815
2025-08-20 21:00:00,2025-08-20 20:10:00,0.0,0.0,0.0,0.0,0.0,17.6,0.99,70,69,0,1,-7.3755976235271925
2025-08-20 22:00:00,2025-08-20 21:10:00,0.0,0.0,0.0,0.0,0.0,18.1,1.01,100,100,6,9,-16.36339476392276
2025-08-20 23:00:00,2025-08-20 22:10:00,0.0,0.0,0.0,0.0,0.0,18.4,0.97,95,94,17,0,-23.91511480181774
2025-08-21 00:00:00,2025-08-20 23:10:00,0.0,0.0,0.0,0.0,0.0,18.4,0.72,99,99,15,4,-29.400668625956087
2025-08-21 01:00:00,2025-08-21 00:10:00,0.0,0.0,0.0,0.0,0.0,18.5,1.3,100,100,8,2,-32.174396921210835
2025-08-21 02:00:00,2025-08-21 01:10:00,0.0,0.0,0.0,0.0,0.0,18.5,1.52,70,46,35,18,-31.823668002305144
2025-08-21 03:00:00,2025-08-21 02:10:00,0.0,0.0,0.0,0.0,0.0,18.5,1.62,87,86,7,5,-28.404955255853782
2025-08-21 04:00:00,2025-08-21 03:10:00,0.0,0.0,0.0,0.0,0.0,17.6,0.65,37,18,19,12,-22.40822109200133
2025-08-21 05:00:00,2025-08-21 04:10:00,0.0,0.0,0.0,0.0,0.0,17.5,0.84,60,6,20,48,-14.493140546143465
2025-08-21 06:00:00,2025-08-21 05:10:00,549.143310546875,2.0,2.0,2.0,0.0,17.5,0.54,57,0,16,49,-5.268181856373138
2025-08-21 07:00:00,2025-08-21 06:10:00,2703.42919921875,67.0,67.0,45.0,145.2,18.2,1.07,78,2,10,76,4.779768827074754
2025-08-21 08:00:00,2025-08-21 07:10:00,6829.2216796875,202.0,202.0,106.0,301.3,19.0,1.03,100,0,2,100,15.261019064240273
2025-08-21 09:00:00,2025-08-21 08:10:00,12891.6123046875,364.0,364.0,150.0,440.8,20.3,0.88,88,0,3,87,25.82219798093064
2025-08-21 10:00:00,2025-08-21 09:10:00,17606.958984375,502.0,502.0,192.0,492.7,21.7,1.0,20,0,1,19,36.061433904150306
2025-08-21 11:00:00,2025-08-21 10:10:00,19966.060546875,623.0,623.0,164.0,620.1,23.1,1.48,24,0,1,23,45.39666081545397
2025-08-21 12:00:00,2025-08-21 11:10:00,20382.5234375,713.0,713.0,192.0,642.7,23.5,1.65,55,0,1,55,52.85932083368238
2025-08-21 13:00:00,2025-08-21 12:10:00,20407.916015625,710.0,710.0,190.0,622.1,23.4,0.55,73,1,5,72,56.96539774348961
2025-08-21 14:00:00,2025-08-21 13:10:00,11002.720703125,413.0,413.0,279.0,164.6,22.6,1.89,89,2,3,88,56.379105312654154
2025-08-21 15:00:00,2025-08-21 14:10:00,11003.158203125,516.0,516.0,247.0,360.3,24.3,1.21,74,1,1,73,51.320686119557344
2025-08-21 16:00:00,2025-08-21 15:10:00,7901.1044921875,458.0,458.0,200.0,404.2,24.1,1.86,76,0,2,76,43.28948919004778
2025-08-21 17:00:00,2025-08-21 16:10:00,6150.79248046875,401.0,401.0,129.0,547.9,23.7,0.43,93,0,13,92,33.6600637219509
2025-08-21 18:00:00,2025-08-21 17:10:00,1404.87451171875,154.0,154.0,96.0,175.4,21.0,2.86,100,4,57,100,23.287133662940978
2025-08-21 19:00:00,2025-08-21 18:10:00,231.42575073242188,28.0,28.0,28.0,0.0,20.2,2.4,100,1,15,99,12.693168607707177
2025-08-21 20:00:00,2025-08-21 19:10:00,215.03155517578125,3.0,3.0,3.0,0.0,19.7,1.45,99,0,1,99,2.2577780917585493
2025-08-21 21:00:00,2025-08-21 20:10:00,0.0,0.0,0.0,0.0,0.0,19.4,0.81,40,0,3,38,-7.6650403178548
2025-08-21 22:00:00,2025-08-21 21:10:00,0.0,0.0,0.0,0.0,0.0,18.9,0.27,94,0,0,94,-16.66841175675375
2025-08-21 23:00:00,2025-08-21 22:10:00,0.0,0.0,0.0,0.0,0.0,18.6,0.38,1,0,0,0,-24.236561681480833
2025-08-22 00:00:00,2025-08-21 23:10:00,0.0,0.0,0.0,0.0,0.0,18.3,0.66,0,0,0,0,-29.734131643600616
2025-08-22 01:00:00,2025-08-22 00:10:00,0.0,0.0,0.0,0.0,0.0,18.0,1.05,4,0,0,4,-32.50857574240637
2025-08-22 02:00:00,2025-08-22 01:10:00,0.0,0.0,0.0,0.0,0.0,18.4,1.94,0,0,0,0,-32.14307425806166
2025-08-22 03:00:00,2025-08-22 02:10:00,0.0,0.0,0.0,0.0,0.0,17.6,1.6,0,0,0,0,-28.697050182169257
2025-08-22 04:00:00,2025-08-22 03:10:00,0.0,0.0,0.0,0.0,0.0,16.9,1.12,0,0,0,0,-22.6683814104044
2025-08-22 05:00:00,2025-08-22 04:10:00,0.0,0.0,0.0,0.0,0.0,16.2,0.62,2,2,0,0,-14.723793077647427
2025-08-22 06:00:00,2025-08-22 05:10:00,544.1065673828125,2.0,2.0,2.0,0.0,16.2,0.78,11,11,0,0,-5.475566173476703
2025-08-22 07:00:00,2025-08-22 06:10:00,3099.471923828125,74.0,74.0,39.0,233.4,17.2,0.97,16,16,0,0,4.587847876250174
2025-08-22 08:00:00,2025-08-22 07:10:00,8789.2412109375,228.0,228.0,82.0,462.8,19.4,0.71,9,9,0,0,15.075901383570407
2025-08-22 09:00:00,2025-08-22 08:10:00,14711.7216796875,410.0,410.0,97.0,648.8,22.2,0.83,0,0,0,0,25.634029739033952
2025-08-22 10:00:00,2025-08-22 09:10:00,18877.205078125,575.0,575.0,101.0,756.8,25.0,0.95,0,0,0,0,35.85825906734831
2025-08-22 11:00:00,2025-08-22 10:10:00,21643.27734375,702.0,702.0,108.0,805.8,27.0,1.05,0,0,0,0,45.16380032404092
2025-08-22 12:00:00,2025-08-22 11:10:00,22155.01953125,784.0,784.0,113.0,830.9,28.0,1.6,0,0,0,0,52.58237104486065
2025-08-22 13:00:00,2025-08-22 12:10:00,21929.0625,809.0,809.0,119.0,828.8,28.5,1.14,15,0,2,13,56.64413076704033
2025-08-22 14:00:00,2025-08-22 13:10:00,19509.541015625,732.0,732.0,155.0,711.9,29.3,1.95,16,0,11,5,56.04155093707189
2025-08-22 15:00:00,2025-08-22 14:10:00,16165.7724609375,641.0,641.0,148.0,663.6,29.3,1.57,10,0,0,10,50.9978699697597
2025-08-22 16:00:00,2025-08-22 15:10:00,11133.587890625,472.0,472.0,141.0,521.8,28.8,2.4,46,0,7,42,42.98926833264584
2025-08-22 17:00:00,2025-08-22 16:10:00,6530.43310546875,394.0,394.0,113.0,571.0,28.5,1.96,32,0,10,24,33.37647325830615
2025-08-22 18:00:00,2025-08-22 17:10:00,1593.62255859375,202.0,202.0,82.0,368.1,27.5,1.41,32,0,13,23,23.01158774782251
2025-08-22 19:00:00,2025-08-22 18:10:00,260.00628662109375,76.0,76.0,42.0,219.0,25.5,0.96,32,0,25,9,12.41789072688017
2025-08-22 20:00:00,2025-08-22 19:10:00,221.30477905273438,3.0,3.0,3.0,0.0,23.8,1.91,32,1,17,18,1.9761969381895885
2025-08-22 21:00:00,2025-08-22 20:10:00,0.0,0.0,0.0,0.0,0.0,22.6,1.53,38,9,25,16,-7.958337245645029
2025-08-22 22:00:00,2025-08-22 21:10:00,0.0,0.0,0.0,0.0,0.0,22.0,1.77,19,13,9,3,-16.977256115070613
2025-08-22 23:00:00,2025-08-22 22:10:00,0.0,0.0,0.0,0.0,0.0,20.2,5.14,61,26,23,36,-24.56181249762825
2025-08-23 00:00:00,2025-08-22 23:10:00,0.0,0.0,0.0,0.0,0.0,18.5,2.9,53,6,25,34,-30.07128203160967
2025-08-23 01:00:00,2025-08-23 00:10:00,0.0,0.0,0.0,0.0,0.0,18.5,0.1,28,7,10,16,-32.846091186753554
2025-08-23 02:00:00,2025-08-23 01:10:00,0.0,0.0,0.0,0.0,0.0,18.5,2.4,57,11,9,48,-32.465183796556765
2025-08-23 03:00:00,2025-08-23 02:10:00,0.0,0.0,0.0,0.0,0.0,18.5,0.85,17,14,3,1,-28.99109521929676
2025-08-23 04:00:00,2025-08-23 03:10:00,0.0,0.0,0.0,0.0,0.0,18.2,1.35,73,30,17,57,-22.929851357052154
2025-08-23 05:00:00,2025-08-23 04:10:00,0.0,0.0,0.0,0.0,0.0,18.1,0.8,9,5,5,0,-14.95534227722524
2025-08-23 06:00:00,2025-08-23 05:10:00,546.5150756835938,2.0,2.0,2.0,0.0,17.8,0.85,84,83,2,0,-5.6836627415942536
2025-08-23 07:00:00,2025-08-23 06:10:00,2642.877685546875,60.0,60.0,38.0,148.3,18.4,1.1,85,85,4,0,4.39520554090218
2025-08-23 08:00:00,2025-08-23 07:10:00,7769.1328125,168.0,168.0,89.0,252.9,19.6,0.81,3,1,1,0,14.889887583239343
2025-08-23 09:00:00,2025-08-23 08:10:00,14226.75,373.0,373.0,105.0,559.0,21.4,0.51,1,0,0,0,25.444637775735135
2025-08-23 10:00:00,2025-08-23 09:10:00,18327.6328125,508.0,508.0,154.0,567.9,23.1,0.56,9,8,1,0,35.653390061106
2025-08-23 11:00:00,2025-08-23 10:10:00,18707.43359375,558.0,558.0,189.0,502.6,24.1,0.56,16,10,5,1,44.928680236710285
2025-08-23 12:00:00,2025-08-23 11:10:00,20727.12109375,683.0,683.0,153.0,658.8,25.1,1.2,16,4,12,1,52.30265249143946
2025-08-23 13:00:00,2025-08-23 12:10:00,20618.302734375,699.0,699.0,154.0,657.2,25.9,1.55,25,1,15,11,56.31976830509338
2025-08-23 14:00:00,2025-08-23 13:10:00,19709.474609375,743.0,743.0,133.0,755.9,28.4,1.85,53,1,15,44,55.70047563908014
2025-08-23 15:00:00,2025-08-23 14:10:00,15487.9013671875,605.0,605.0,155.0,608.8,28.4,2.0,64,3,12,58,50.67102835006389
2025-08-23 16:00:00,2025-08-23 15:10:00,11293.8623046875,481.0,481.0,138.0,544.3,28.0,2.22,21,1,17,5,42.68480471507626
2025-08-23 17:00:00,2025-08-23 16:10:00,6316.33056640625,364.0,364.0,113.0,514.7,27.1,2.6,29,0,15,16,33.08867427451131
2025-08-23 18:00:00,2025-08-23 17:10:00,1503.8948974609375,197.0,197.0,81.0,361.0,26.2,2.45,26,1,7,20,22.731965857421788
2025-08-23 19:00:00,2025-08-23 18:10:00,250.21507263183594,66.0,66.0,36.0,196.3,25.0,2.55,11,3,5,4,12.138679023794202
2025-08-23 20:00:00,2025-08-23 19:10:00,224.08969116210938,3.0,3.0,3.0,0.0,23.8,2.74,11,8,3,0,1.6907949879612165
2025-08-23 21:00:00,2025-08-23 20:10:00,0.0,0.0,0.0,0.0,0.0,23.0,2.32,4,2,2,0,-8.25538604484065
2025-08-23 22:00:00,2025-08-23 21:10:00,0.0,0.0,0.0,0.0,0.0,21.9,3.26,9,1,8,0,-17.28982471433707
2025-08-23 23:00:00,2025-08-23 22:10:00,0.0,0.0,0.0,0.0,0.0,20.8,2.49,47,12,40,0,-24.890765577757453
2025-08-24 00:00:00,2025-08-23 23:10:00,0.0,0.0,0.0,0.0,0.0,20.4,2.21,32,24,6,7,-30.412021410274193
2025-08-24 01:00:00,2025-08-24 00:10:00,0.0,0.0,0.0,0.0,0.0,20.2,1.99,54,24,7,36,-33.18684767437629
2025-08-24 02:00:00,2025-08-24 01:10:00,0.0,0.0,0.0,0.0,0.0,20.3,1.63,76,13,13,69,-32.78990292061701
2025-08-24 03:00:00,2025-08-24 02:10:00,0.0,0.0,0.0,0.0,0.0,19.9,1.9,74,17,17,62,-29.287002091734692
2025-08-24 04:00:00,2025-08-24 03:10:00,0.0,0.0,0.0,0.0,0.0,19.5,0.96,27,1,18,10,-23.1925545437214
2025-08-24 05:00:00,2025-08-24 04:10:00,0.0,0.0,0.0,0.0,0.0,19.0,1.42,58,48,19,0,-15.187727864731563
2025-08-24 06:00:00,2025-08-24 05:10:00,535.3302612304688,1.0,1.0,1.0,0.0,18.6,1.7,62,44,32,0,-5.89242804722869
2025-08-24 07:00:00,2025-08-24 06:10:00,1998.4093017578125,31.0,31.0,26.0,34.1,18.8,2.9,100,100,86,0,4.20187017949367
2025-08-24 08:00:00,2025-08-24 07:10:00,4076.724365234375,69.0,69.0,59.0,32.3,19.0,3.26,100,96,100,0,14.702993672917604
2025-08-24 09:00:00,2025-08-24 08:10:00,3786.356201171875,71.0,71.0,71.0,0.0,18.8,3.55,99,60,97,0,25.254029693358817
2025-08-24 10:00:00,2025-08-24 09:10:00,7377.08203125,195.0,195.0,162.0,53.2,20.0,3.48,100,82,100,0,35.44683222185346
2025-08-24 11:00:00,2025-08-24 10:10:00,11682.6416015625,317.0,317.0,194.0,168.2,21.3,3.27,98,56,96,0,44.69131401876407
2025-08-24 12:00:00,2025-08-24 11:10:00,14388.2880859375,437.0,437.0,265.0,214.7,22.3,2.85,73,38,68,0,52.02020142567147
2025-08-24 13:00:00,2025-08-24 12:10:00,14978.185546875,524.0,524.0,245.0,337.8,23.4,2.82,68,66,26,0,55.99237913607674
2025-08-24 14:00:00,2025-08-24 13:10:00,13535.5634765625,606.0,606.0,239.0,456.8,23.5,3.43,99,98,90,0,55.35597790848978
2025-08-24 15:00:00,2025-08-24 14:10:00,7846.11669921875,438.0,438.0,205.0,316.9,23.7,3.48,84,71,70,0,50.34027288036747
2025-08-24 16:00:00,2025-08-24 15:10:00,7590.69189453125,312.0,312.0,208.0,166.1,23.5,3.15,71,54,61,0,42.376207418218
2025-08-24 17:00:00,2025-08-24 16:10:00,3943.80322265625,208.0,208.0,170.0,78.6,23.1,2.8,93,80,89,0,32.796770673960445
2025-08-24 18:00:00,2025-08-24 17:10:00,1337.453857421875,95.0,95.0,73.0,69.5,22.4,2.44,100,100,100,0,22.44836932907907
2025-08-24 19:00:00,2025-08-24 18:10:00,224.38926696777344,27.0,27.0,26.0,6.7,21.8,2.5,100,100,100,0,11.855634899146244
2025-08-24 20:00:00,2025-08-24 19:10:00,212.38023376464844,1.0,1.0,1.0,0.0,21.2,2.3,100,100,75,0,1.401675173085477
2025-08-24 21:00:00,2025-08-24 20:10:00,0.0,0.0,0.0,0.0,0.0,20.9,2.29,100,100,58,0,-8.556082099406474
2025-08-24 22:00:00,2025-08-24 21:10:00,0.0,0.0,0.0,0.0,0.0,20.7,2.17,100,100,68,0,-17.60601248265755
2025-08-24 23:00:00,2025-08-24 22:10:00,0.0,0.0,0.0,0.0,0.0,20.4,2.11,100,100,95,0,-25.223317734320965
2025-08-25 00:00:00,2025-08-24 23:10:00,0.0,0.0,0.0,0.0,0.0,19.9,2.07,100,100,89,0,-30.756250459791342
2025-08-25 01:00:00,2025-08-25 00:10:00,0.0,0.0,0.0,0.0,0.0,19.5,1.98,100,100,82,0,-33.53074932215453
2025-08-25 02:00:00,2025-08-25 01:10:00,0.0,0.0,0.0,0.0,0.0,19.4,1.52,75,72,56,0,-33.11713825903237
2025-08-25 03:00:00,2025-08-25 02:10:00,0.0,0.0,0.0,0.0,0.0,19.0,1.35,99,99,63,0,-29.58468351213127
2025-08-25 04:00:00,2025-08-25 03:10:00,0.0,0.0,0.0,0.0,0.0,18.9,0.99,100,100,62,0,-23.456416192735233
2025-08-25 05:00:00,2025-08-25 04:10:00,0.0,0.0,0.0,0.0,0.0,18.8,0.89,100,100,52,0,-15.420891599034212
2025-08-25 06:00:00,2025-08-25 05:10:00,0.0,0.0,0.0,0.0,0.0,18.8,0.99,100,100,14,1,-6.101820798343421
2025-08-25 07:00:00,2025-08-25 06:10:00,1876.70458984375,26.0,26.0,24.0,13.8,19.0,0.99,100,100,27,0,4.007867963302312
2025-08-25 08:00:00,2025-08-25 07:10:00,4513.00244140625,84.0,84.0,74.0,32.7,19.8,0.96,100,100,18,10,14.5152336919668
2025-08-25 09:00:00,2025-08-25 08:10:00,5257.76806640625,143.0,143.0,136.0,14.8,20.5,0.85,100,100,10,38,25.062211517167867
2025-08-25 10:00:00,2025-08-25 09:10:00,10064.5390625,293.0,293.0,232.0,98.8,21.6,1.06,100,100,4,78,35.238589892211785
2025-08-25 11:00:00,2025-08-25 10:10:00,14984.5771484375,398.0,398.0,228.0,233.5,22.8,1.01,84,45,1,71,44.451714866565744
2025-08-25 12:00:00,2025-08-25 11:10:00,17392.46484375,436.0,436.0,307.0,161.6,23.5,1.16,16,15,5,0,51.73505437733619
2025-08-25 13:00:00,2025-08-25 12:10:00,15367.59765625,440.0,440.0,247.0,234.6,24.1,1.12,36,19,12,20,55.66203230500049
2025-08-25 14:00:00,2025-08-25 13:10:00,13544.3349609375,537.0,537.0,246.0,363.9,25.5,0.8,100,29,7,100,55.008156574018734
2025-08-25 15:00:00,2025-08-25 14:10:00,8715.6826171875,406.0,406.0,278.0,175.0,25.5,0.83,100,32,3,100,50.00571640713785
2025-08-25 16:00:00,2025-08-25 15:10:00,5147.95263671875,325.0,325.0,244.0,130.3,25.6,0.73,100,9,1,100,42.06358767089761
2025-08-25 17:00:00,2025-08-25 16:10:00,3453.170166015625,236.0,236.0,176.0,125.4,25.2,0.67,100,1,4,100,32.50086893756476
2025-08-25 18:00:00,2025-08-25 17:10:00,1201.9505615234375,141.0,141.0,116.0,80.2,25.0,0.43,100,6,17,100,22.160902165300055
2025-08-25 19:00:00,2025-08-25 18:10:00,256.1781311035156,54.0,54.0,45.0,60.9,24.3,0.7,100,5,7,100,11.56886234291935
2025-08-25 20:00:00,2025-08-25 19:10:00,220.74493408203125,2.0,2.0,2.0,0.0,23.4,1.41,80,3,4,79,1.1089428584407126
2025-08-25 21:00:00,2025-08-25 20:10:00,0.0,0.0,0.0,0.0,0.0,22.8,1.43,78,12,6,74,-8.860318577104147
2025-08-25 22:00:00,2025-08-25 21:10:00,0.0,0.0,0.0,0.0,0.0,21.9,1.51,95,1,88,82,-17.925712430028394
2025-08-25 23:00:00,2025-08-25 22:10:00,0.0,0.0,0.0,0.0,0.0,21.0,1.36,55,3,51,7,-25.55936428918063
2025-08-26 00:00:00,2025-08-25 23:10:00,0.0,0.0,0.0,0.0,0.0,20.2,1.3,18,0,18,0,-31.103868947056036
2025-08-26 01:00:00,2025-08-26 00:10:00,0.0,0.0,0.0,0.0,0.0,19.5,1.28,10,0,10,0,-33.87769997878139
2025-08-26 02:00:00,2025-08-26 01:10:00,0.0,0.0,0.0,0.0,0.0,19.2,0.64,5,3,2,0,-33.446796810581134
2025-08-26 03:00:00,2025-08-26 02:10:00,0.0,0.0,0.0,0.0,0.0,18.8,0.53,3,3,0,0,-29.884053230558735
2025-08-26 04:00:00,2025-08-26 03:10:00,0.0,0.0,0.0,0.0,0.0,18.4,0.49,3,3,0,0,-23.72136318125159
2025-08-26 05:00:00,2025-08-26 04:10:00,0.0,0.0,0.0,0.0,0.0,18.0,0.61,3,3,0,0,-15.654777306185691
2025-08-26 06:00:00,2025-08-26 05:10:00,513.848876953125,1.0,1.0,1.0,0.0,17.6,0.25,12,12,0,0,-6.311801930736605
2025-08-26 07:00:00,2025-08-26 06:10:00,2956.453857421875,66.0,66.0,35.0,216.1,18.6,0.38,2,2,0,0,3.8132228928969467
2025-08-26 08:00:00,2025-08-26 07:10:00,9074.025390625,215.0,215.0,76.0,459.1,20.7,0.75,0,0,0,0,14.326619747986708
2025-08-26 09:00:00,2025-08-26 08:10:00,14506.873046875,390.0,390.0,97.0,623.1,22.9,0.89,0,0,0,0,24.869187754508314
2025-08-26 10:00:00,2025-08-26 09:10:00,18719.421875,552.0,552.0,106.0,726.2,24.8,0.92,0,0,0,0,35.028666496870606
2025-08-26 11:00:00,2025-08-26 10:10:00,21399.869140625,677.0,677.0,115.0,775.3,26.4,1.14,0,0,0,0,44.209895788289124
2025-08-26 12:00:00,2025-08-26 11:10:00,21572.87890625,739.0,739.0,141.0,752.4,28.0,0.85,6,3,1,2,51.44724821828297
2025-08-26 13:00:00,2025-08-26 12:10:00,21009.630859375,727.0,727.0,161.0,691.1,28.9,0.92,85,2,19,81,55.32879716318611
2025-08-26 14:00:00,2025-08-26 13:10:00,19012.951171875,695.0,695.0,155.0,678.4,29.5,1.24,74,1,17,68,54.657110798687114
2025-08-26 15:00:00,2025-08-26 14:10:00,14857.005859375,592.0,592.0,188.0,555.5,29.9,1.45,67,0,12,63,49.66747293309511
2025-08-26 16:00:00,2025-08-26 15:10:00,11860.1474609375,507.0,507.0,134.0,604.1,29.8,2.02,100,0,10,100,41.74705875555062
2025-08-26 17:00:00,2025-08-26 16:10:00,6036.458984375,364.0,364.0,125.0,504.2,29.5,1.82,100,1,6,100,32.20107803698079
2025-08-26 18:00:00,2025-08-26 17:10:00,1357.4476318359375,174.0,174.0,104.0,228.2,28.5,1.94,100,0,3,100,21.869670960779903
2025-08-26 19:00:00,2025-08-26 18:10:00,267.9639892578125,58.0,58.0,47.0,75.7,27.1,2.08,100,0,6,100,11.278467873949461
2025-08-26 20:00:00,2025-08-26 19:10:00,212.78521728515625,1.0,1.0,1.0,0.0,25.4,1.7,100,0,10,100,0.81270579235315
2025-08-26 21:00:00,2025-08-26 20:10:00,0.0,0.0,0.0,0.0,0.0,24.4,1.05,100,0,4,100,-9.167986468638437
2025-08-26 22:00:00,2025-08-26 21:10:00,0.0,0.0,0.0,0.0,0.0,23.8,0.97,100,6,5,100,-18.248815678242785
2025-08-26 23:00:00,2025-08-26 22:10:00,0.0,0.0,0.0,0.0,0.0,23.0,1.84,98,8,31,97,-25.89879909788437
2025-08-27 00:00:00,2025-08-26 23:10:00,0.0,0.0,0.0,0.0,0.0,22.1,1.94,97,4,40,95,-31.454775751587466
2025-08-27 01:00:00,2025-08-27 00:10:00,0.0,0.0,0.0,0.0,0.0,21.4,1.95,97,7,34,96,-34.22760325849098
2025-08-27 02:00:00,2025-08-27 01:10:00,0.0,0.0,0.0,0.0,0.0,21.9,1.87,93,8,54,87,-33.778785986194606
2025-08-27 03:00:00,2025-08-27 02:10:00,0.0,0.0,0.0,0.0,0.0,21.6,1.59,100,9,40,100,-30.185026081044203
2025-08-27 04:00:00,2025-08-27 03:10:00,0.0,0.0,0.0,0.0,0.0,21.1,1.21,40,11,25,19,-23.987324081590934
2025-08-27 05:00:00,2025-08-27 04:10:00,0.0,0.0,0.0,0.0,0.0,20.6,1.38,44,14,22,28,-15.889330902534757
2025-08-27 06:00:00,2025-08-27 05:10:00,512.7967529296875,1.0,1.0,1.0,0.0,20.5,1.41,29,10,23,6,-6.522334608705604
2025-08-27 07:00:00,2025-08-27 06:10:00,2681.275146484375,59.0,59.0,34.0,176.3,21.0,1.42,45,0,41,6,3.6179568205246495
2025-08-27 08:00:00,2025-08-27 07:10:00,6413.4638671875,183.0,183.0,94.0,297.1,22.2,2.06,100,20,7,100,14.137162061112766
2025-08-27 09:00:00,2025-08-27 08:10:00,5665.98486328125,204.0,204.0,174.0,64.2,22.6,2.86,100,51,20,100,24.67496145917933
2025-08-27 10:00:00,2025-08-27 09:10:00,8389.3427734375,250.0,250.0,201.0,80.2,23.2,2.62,100,46,56,100,34.817064622637474
2025-08-27 11:00:00,2025-08-27 10:10:00,8633.1044921875,347.0,347.0,273.0,102.5,24.3,1.91,100,24,83,100,43.965869687109596
2025-08-27 12:00:00,2025-08-27 11:10:00,12114.1591796875,324.0,324.0,273.0,64.4,24.5,1.5,93,17,89,49,51.15682022777003
2025-08-27 13:00:00,2025-08-27 12:10:00,11987.048828125,493.0,493.0,293.0,245.2,26.0,0.87,90,7,51,81,54.99274340864507
2025-08-27 14:00:00,2025-08-27 13:10:00,11124.23046875,511.0,511.0,263.0,313.0,24.3,1.48,100,52,35,99,54.30294007770026
2025-08-27 15:00:00,2025-08-27 14:10:00,6671.3408203125,273.0,273.0,234.0,53.9,23.5,1.93,100,9,24,100,49.32565755029253
2025-08-27 16:00:00,2025-08-27 15:10:00,3964.906982421875,259.0,259.0,219.0,65.2,23.5,1.51,100,12,33,100,41.42673591506115
2025-08-27 17:00:00,2025-08-27 16:10:00,2939.03173828125,158.0,158.0,142.0,34.1,22.9,1.44,100,64,28,100,31.897509347001733
2025-08-27 18:00:00,2025-08-27 17:10:00,980.43115234375,59.0,59.0,58.0,3.3,22.0,1.43,99,55,41,96,21.574784827669937
2025-08-27 19:00:00,2025-08-27 18:10:00,232.050537109375,42.0,42.0,33.0,63.0,20.9,2.59,100,100,100,90,10.98456047751481
2025-08-27 20:00:00,2025-08-27 19:10:00,0.0,0.0,0.0,0.0,0.0,19.8,2.87,100,100,47,75,0.5130740553787863
2025-08-27 21:00:00,2025-08-27 20:10:00,0.0,0.0,0.0,0.0,0.0,19.0,3.22,96,72,31,83,-9.47897462814316
2025-08-27 22:00:00,2025-08-27 21:10:00,0.0,0.0,0.0,0.0,0.0,18.6,2.01,100,100,70,92,-18.575211491431087
2025-08-27 23:00:00,2025-08-27 22:10:00,0.0,0.0,0.0,0.0,0.0,18.5,1.4,100,100,100,99,-26.24151457374006
2025-08-28 00:00:00,2025-08-27 23:10:00,0.0,0.0,0.0,0.0,0.0,18.6,1.08,100,100,64,99,-31.808868890544453
2025-08-28 01:00:00,2025-08-28 00:10:00,0.0,0.0,0.0,0.0,0.0,18.6,0.87,100,100,34,97,-34.5803625733966
2025-08-28 02:00:00,2025-08-28 01:10:00,0.0,0.0,0.0,0.0,0.0,19.1,1.63,100,99,57,11,-34.113013649178356
2025-08-28 03:00:00,2025-08-28 02:10:00,0.0,0.0,0.0,0.0,0.0,19.2,1.95,92,61,30,73,-30.48751802524467
2025-08-28 04:00:00,2025-08-28 03:10:00,0.0,0.0,0.0,0.0,0.0,19.3,2.16,100,100,40,92,-24.254229197473016
2025-08-28 05:00:00,2025-08-28 04:10:00,0.0,0.0,0.0,0.0,0.0,19.0,2.28,100,100,47,100,-16.124500412667476
2025-08-28 06:00:00,2025-08-28 05:10:00,0.0,0.0,0.0,0.0,0.0,18.6,2.3,100,100,92,100,-6.733384219932949
2025-08-28 07:00:00,2025-08-28 06:10:00,1001.9729614257812,11.0,11.0,11.0,0.0,18.5,1.44,100,100,93,100,3.4220894784287745
2025-08-28 08:00:00,2025-08-28 07:10:00,2364.34423828125,34.0,34.0,34.0,0.0,18.6,1.2,100,100,97,100,13.946869014035505
2025-08-28 09:00:00,2025-08-28 08:10:00,3178.26611328125,87.0,87.0,86.0,2.2,19.0,0.69,100,82,58,100,24.479534300947957
2025-08-28 10:00:00,2025-08-28 09:10:00,3732.591796875,119.0,119.0,118.0,1.6,19.1,0.25,100,18,9,100,34.60378610251941
2025-08-28 11:00:00,2025-08-28 10:10:00,9854.7822265625,325.0,325.0,287.0,52.9,21.1,0.45,97,35,16,94,43.71964944665851
2025-08-28 12:00:00,2025-08-28 11:10:00,13406.3154296875,481.0,481.0,342.0,176.4,22.6,1.57,100,35,1,100,50.86380815844361
2025-08-28 13:00:00,2025-08-28 12:10:00,14148.201171875,474.0,474.0,323.0,186.0,23.4,1.55,94,73,17,74,54.65394112695641
2025-08-28 14:00:00,2025-08-28 13:10:00,4381.6640625,109.0,109.0,109.0,0.0,20.0,1.74,100,14,35,100,53.94574423860705
2025-08-28 15:00:00,2025-08-28 14:10:00,5623.77734375,263.0,263.0,245.0,25.0,21.0,1.56,99,39,77,92,48.980386376546726
2025-08-28 16:00:00,2025-08-28 15:10:00,4310.89306640625,364.0,364.0,243.0,198.8,21.8,1.27,100,18,7,100,41.102736260950344
2025-08-28 17:00:00,2025-08-28 16:10:00,3461.039794921875,217.0,217.0,176.0,88.3,21.9,0.87,99,16,14,98,31.590276557321502
2025-08-28 18:00:00,2025-08-28 17:10:00,1286.9759521484375,148.0,148.0,110.0,128.0,21.6,0.74,100,7,82,100,21.276355319253483
2025-08-28 19:00:00,2025-08-28 18:10:00,220.104248046875,23.0,23.0,23.0,0.0,20.5,2.08,100,9,59,100,10.687251541059746
2025-08-28 20:00:00,2025-08-28 19:10:00,0.0,0.0,0.0,0.0,0.0,19.9,0.96,87,3,30,81,0.21016000734918938
2025-08-28 21:00:00,2025-08-28 20:10:00,0.0,0.0,0.0,0.0,0.0,19.4,0.85,69,62,48,6,-9.793169814977164
2025-08-28 22:00:00,2025-08-28 21:10:00,0.0,0.0,0.0,0.0,0.0,19.0,0.69,27,0,15,14,-18.904787307220683
2025-08-28 23:00:00,2025-08-28 22:10:00,0.0,0.0,0.0,0.0,0.0,18.3,0.79,10,10,1,0,-26.587401711661276
2025-08-29 00:00:00,2025-08-28 23:10:00,0.0,0.0,0.0,0.0,0.0,17.8,0.51,2,2,1,0,-32.166045542785085
2025-08-29 01:00:00,2025-08-29 00:10:00,0.0,0.0,0.0,0.0,0.0,17.5,0.4,11,10,1,0,-34.93588116437871
2025-08-29 02:00:00,2025-08-29 01:10:00,0.0,0.0,0.0,0.0,0.0,17.2,0.4,2,1,1,0,-34.44938815341194
2025-08-29 03:00:00,2025-08-29 02:10:00,0.0,0.0,0.0,0.0,0.0,16.8,0.5,100,100,0,0,-30.791446193157693
2025-08-29 04:00:00,2025-08-29 03:10:00,0.0,0.0,0.0,0.0,0.0,16.5,0.43,100,100,0,0,-24.522010596041888
2025-08-29 05:00:00,2025-08-29 04:10:00,0.0,0.0,0.0,0.0,0.0,16.9,1.55,100,100,0,0,-16.360235982078713
2025-08-29 06:00:00,2025-08-29 05:10:00,0.0,0.0,0.0,0.0,0.0,16.7,1.8,98,98,10,0,-6.944918364540516
2025-08-29 07:00:00,2025-08-29 06:10:00,2537.230712890625,52.0,52.0,36.0,115.5,17.1,0.85,70,70,9,0,3.225638513100446
2025-08-29 08:00:00,2025-08-29 07:10:00,7439.8134765625,174.0,174.0,89.0,290.1,18.3,0.25,11,4,2,5,13.755747207694188
2025-08-29 09:00:00,2025-08-29 08:10:00,13440.7783203125,334.0,334.0,140.0,421.1,19.9,0.9,22,3,0,20,24.282906640106408
2025-08-29 10:00:00,2025-08-29 09:10:00,18484.0,507.0,507.0,140.0,606.9,21.5,1.0,4,1,2,1,34.38883210367724
2025-08-29 11:00:00,2025-08-29 10:10:00,20955.955078125,659.0,659.0,123.0,749.4,22.6,1.43,22,15,8,2,43.471248018546795
2025-08-29 12:00:00,2025-08-29 11:10:00,20275.146484375,661.0,661.0,168.0,628.3,22.8,2.59,36,17,17,14,50.568250302795114
2025-08-29 13:00:00,2025-08-29 12:10:00,16184.552734375,583.0,583.0,225.0,442.9,22.5,1.35,66,26,23,47,54.3124608324921
2025-08-29 14:00:00,2025-08-29 13:10:00,14301.880859375,551.0,551.0,225.0,415.6,21.8,2.58,60,8,11,55,53.585623443522266
2025-08-29 15:00:00,2025-08-29 14:10:00,9661.966796875,455.0,455.0,195.0,363.7,21.4,2.55,45,25,11,22,48.631776495149396
2025-08-29 16:00:00,2025-08-29 15:10:00,8390.2080078125,439.0,439.0,169.0,447.0,22.0,3.21,35,22,11,12,40.77517868306089
2025-08-29 17:00:00,2025-08-29 16:10:00,4928.74072265625,297.0,297.0,129.0,365.4,21.2,2.42,74,35,36,56,31.279495583867288
2025-08-29 18:00:00,2025-08-29 17:10:00,1407.330078125,142.0,142.0,91.0,174.8,17.0,4.1,99,83,31,90,20.974496352191228
2025-08-29 19:00:00,2025-08-29 18:10:00,230.65460205078125,23.0,23.0,19.0,29.1,16.3,2.44,82,27,55,47,10.386654788160728
2025-08-29 20:00:00,2025-08-29 19:10:00,0.0,0.0,0.0,0.0,0.0,16.5,3.09,97,36,94,11,-0.09592176725653848
2025-08-29 21:00:00,2025-08-29 20:10:00,0.0,0.0,0.0,0.0,0.0,16.6,0.95,80,36,29,59,-10.11045673680164
2025-08-29 22:00:00,2025-08-29 21:10:00,0.0,0.0,0.0,0.0,0.0,16.0,0.27,6,3,2,1,-19.237428768502028
2025-08-29 23:00:00,2025-08-29 22:10:00,0.0,0.0,0.0,0.0,0.0,15.8,1.23,85,84,6,0,-26.936350111762096
2025-08-30 00:00:00,2025-08-29 23:10:00,0.0,0.0,0.0,0.0,0.0,16.0,0.99,90,88,5,11,-32.52620207192723
2025-08-30 01:00:00,2025-08-30 00:10:00,0.0,0.0,0.0,0.0,0.0,15.4,0.18,93,18,7,91,-35.29406213046432
2025-08-30 02:00:00,2025-08-30 01:10:00,0.0,0.0,0.0,0.0,0.0,15.8,1.12,68,2,12,65,-34.787818379448595
2025-08-30 03:00:00,2025-08-30 02:10:00,0.0,0.0,0.0,0.0,0.0,15.6,1.65,100,13,20,100,-31.09672892076436
2025-08-30 04:00:00,2025-08-30 03:10:00,0.0,0.0,0.0,0.0,0.0,15.3,1.27,70,10,13,63,-24.790602135566612
2025-08-30 05:00:00,2025-08-30 04:10:00,0.0,0.0,0.0,0.0,0.0,14.6,0.99,13,7,8,0,-16.596489884490637
2025-08-30 06:00:00,2025-08-30 05:10:00,0.0,0.0,0.0,0.0,0.0,14.6,1.2,5,1,4,0,-7.156906838277696
2025-08-30 07:00:00,2025-08-30 06:10:00,2915.318359375,58.0,58.0,30.0,204.7,15.6,1.54,0,0,0,0,3.028619525446004
2025-08-30 08:00:00,2025-08-30 07:10:00,9307.0810546875,216.0,216.0,67.0,514.3,17.4,1.3,0,0,0,0,13.563801522576012
2025-08-30 09:00:00,2025-08-30 08:10:00,15279.4619140625,392.0,392.0,88.0,664.5,19.6,1.32,0,0,0,0,24.085077606949426
2025-08-30 10:00:00,2025-08-30 09:10:00,19321.3984375,554.0,554.0,98.0,758.1,21.2,1.04,0,0,0,0,34.17220321907384
2025-08-30 11:00:00,2025-08-30 10:10:00,21716.1640625,681.0,681.0,108.0,804.9,22.5,0.94,0,0,0,0,43.220678511749966
2025-08-30 12:00:00,2025-08-30 11:10:00,22189.833984375,759.0,759.0,114.0,825.7,23.5,1.03,1,0,1,0,50.27018555992724
2025-08-30 13:00:00,2025-08-30 12:10:00,21677.37109375,732.0,732.0,131.0,747.0,24.2,1.53,13,0,13,0,53.968373509839424
2025-08-30 14:00:00,2025-08-30 13:10:00,20092.8671875,710.0,710.0,135.0,736.7,24.8,2.18,9,0,9,0,53.222678193201
2025-08-30 15:00:00,2025-08-30 14:10:00,16114.6259765625,603.0,603.0,122.0,676.9,24.9,2.0,15,0,15,0,48.27994589777378
2025-08-30 16:00:00,2025-08-30 15:10:00,12308.3623046875,482.0,482.0,112.0,617.2,24.8,1.88,19,0,19,0,40.44418376086117
2025-08-30 17:00:00,2025-08-30 16:10:00,6262.3349609375,356.0,356.0,93.0,578.1,24.5,1.44,9,0,9,0,30.965284479881795
2025-08-30 18:00:00,2025-08-30 17:10:00,1402.2059326171875,201.0,201.0,68.0,464.0,23.6,0.92,5,0,5,0,20.669324127489276
2025-08-30 19:00:00,2025-08-30 18:10:00,252.48890686035156,58.0,58.0,29.0,214.7,21.5,1.08,2,0,2,0,10.082886210841256
2025-08-30 20:00:00,2025-08-30 19:10:00,0.0,0.0,0.0,0.0,0.0,20.5,0.55,1,0,1,0,-0.40505451555331895
2025-08-30 21:00:00,2025-08-30 20:10:00,0.0,0.0,0.0,0.0,0.0,19.5,0.65,0,0,0,0,-10.430718093913347
2025-08-30 22:00:00,2025-08-30 21:10:00,0.0,0.0,0.0,0.0,0.0,18.6,0.89,0,0,0,0,-19.573019755789748
2025-08-30 23:00:00,2025-08-30 22:10:00,0.0,0.0,0.0,0.0,0.0,18.4,0.2,0,0,0,0,-27.28824800268126
2025-08-31 00:00:00,2025-08-30 23:10:00,0.0,0.0,0.0,0.0,0.0,17.7,0.71,0,0,0,0,-32.88923404836745
2025-08-31 01:00:00,2025-08-31 00:10:00,0.0,0.0,0.0,0.0,0.0,17.0,0.47,0,0,0,0,-35.65480845663974
2025-08-31 02:00:00,2025-08-31 01:10:00,0.0,0.0,0.0,0.0,0.0,16.9,0.5,0,0,0,0,-35.12821376844029
2025-08-31 03:00:00,2025-08-31 02:10:00,0.0,0.0,0.0,0.0,0.0,16.0,0.81,0,0,0,0,-31.403285784505027
2025-08-31 04:00:00,2025-08-31 03:10:00,0.0,0.0,0.0,0.0,0.0,15.3,0.82,1,0,1,0,-25.059939488715287
2025-08-31 05:00:00,2025-08-31 04:10:00,0.0,0.0,0.0,0.0,0.0,14.8,0.85,0,0,0,0,-16.83321652374806
2025-08-31 06:00:00,2025-08-31 05:10:00,0.0,0.0,0.0,0.0,0.0,14.4,0.91,0,0,0,0,-7.3693216098258905
2025-08-31 07:00:00,2025-08-31 06:10:00,2926.670166015625,58.0,58.0,29.0,214.6,15.3,1.1,0,0,0,0,2.831046116833583
2025-08-31 08:00:00,2025-08-31 07:10:00,9256.9560546875,210.0,210.0,66.0,502.8,17.7,0.5,0,0,0,0,13.371035185532012
2025-08-31 09:00:00,2025-08-31 08:10:00,15118.220703125,383.0,383.0,87.0,651.7,20.1,0.32,2,0,0,2,23.88604518602936
2025-08-31 10:00:00,2025-08-31 09:10:00,18565.5390625,540.0,540.0,101.0,733.9,22.4,0.18,22,0,0,22,33.953899562619505
2025-08-31 11:00:00,2025-08-31 10:10:00,21524.6171875,664.0,664.0,111.0,780.5,23.8,0.4,0,0,0,0,42.96795428363377
2025-08-31 12:00:00,2025-08-31 11:10:00,21952.794921875,742.0,742.0,117.0,803.7,24.6,0.51,1,0,0,1,49.96965350245419
2025-08-31 13:00:00,2025-08-31 12:10:00,21966.791015625,765.0,765.0,123.0,801.7,25.1,0.81,0,0,0,0,53.62175065526836
2025-08-31 14:00:00,2025-08-31 13:10:00,20216.408203125,735.0,735.0,122.0,789.4,25.5,0.96,1,1,1,0,52.85700933275635
2025-08-31 15:00:00,2025-08-31 14:10:00,17017.8984375,660.0,660.0,110.0,778.7,25.5,1.46,14,0,14,0,47.925013430474316
2025-08-31 16:00:00,2025-08-31 15:10:00,12417.5498046875,507.0,507.0,113.0,662.3,25.4,1.6,21,0,21,0,40.10987367647134
2025-08-31 17:00:00,2025-08-31 16:10:00,5754.57763671875,304.0,304.0,108.0,435.5,24.6,2.6,22,10,21,0,30.64776334692269
2025-08-31 18:00:00,2025-08-31 17:10:00,1403.2698974609375,186.0,186.0,75.0,394.3,23.5,1.9,100,19,100,18,20.36095705033552
2025-08-31 19:00:00,2025-08-31 18:10:00,246.58511352539062,45.0,45.0,27.0,135.9,22.1,1.04,87,0,3,87,9.776064000335394
2025-08-31 20:00:00,2025-08-31 19:10:00,0.0,0.0,0.0,0.0,0.0,21.0,0.6,21,1,17,4,-0.7171193740483837
2025-08-31 21:00:00,2025-08-31 20:10:00,0.0,0.0,0.0,0.0,0.0,20.1,0.6,40,0,26,19,-10.753834624810134
2025-08-31 22:00:00,2025-08-31 21:10:00,0.0,0.0,0.0,0.0,0.0,19.0,0.89,58,2,32,38,-19.91144242017187
2025-08-31 23:00:00,2025-08-31 22:10:00,0.0,0.0,0.0,0.0,0.0,18.2,0.96,100,15,100,99,-27.64298226461782
2025-09-01 00:00:00,2025-08-31 23:10:00,0.0,0.0,0.0,0.0,0.0,17.8,0.65,90,0,48,80,-33.2550362702181
2025-09-01 01:00:00,2025-09-01 00:10:00,0.0,0.0,0.0,0.0,0.0,17.4,0.6,100,2,29,100,-36.018023040041065
2025-09-01 02:00:00,2025-09-01 01:10:00,0.0,0.0,0.0,0.0,0.0,18.5,1.06,99,0,33,99,-35.47048435381578
2025-09-01 03:00:00,2025-09-01 02:10:00,0.0,0.0,0.0,0.0,0.0,18.1,1.82,100,3,100,99,-31.711037632494993
2025-09-01 04:00:00,2025-09-01 03:10:00,0.0,0.0,0.0,0.0,0.0,17.9,1.58,99,0,27,98,-25.329960161309817
2025-09-01 05:00:00,2025-09-01 04:10:00,0.0,0.0,0.0,0.0,0.0,17.8,1.37,100,8,81,100,-17.070372430236624
2025-09-01 06:00:00,2025-09-01 05:10:00,0.0,0.0,0.0,0.0,0.0,17.6,1.35,100,19,69,100,-7.582136792220509
2025-09-01 07:00:00,2025-09-01 06:10:00,1237.3038330078125,20.0,20.0,20.0,0.0,17.6,1.72,100,21,58,100,2.6329299409621085
2025-09-01 08:00:00,2025-09-01 07:10:00,3993.724853515625,101.0,101.0,97.0,14.1,18.4,1.63,100,87,78,100,13.177449842000552
2025-09-01 09:00:00,2025-09-01 08:10:00,4382.220703125,148.0,148.0,143.0,11.1,18.8,1.65,100,26,95,99,23.685806305025356
2025-09-01 10:00:00,2025-09-01 09:10:00,4890.8017578125,89.0,89.0,86.0,5.0,18.2,1.55,77,10,71,14,33.73392086759875
2025-09-01 11:00:00,2025-09-01 10:10:00,10932.8447265625,373.0,373.0,236.0,194.3,19.8,1.56,87,48,41,64,42.71308903238802
2025-09-01 12:00:00,2025-09-01 11:10:00,13814.5146484375,563.0,563.0,253.0,400.5,21.1,1.07,95,68,71,53,49.66669444335671
2025-09-01 13:00:00,2025-09-01 12:10:00,11300.9384765625,476.0,476.0,298.0,223.3,21.5,0.78,95,18,76,82,53.27266431809324
2025-09-01 14:00:00,2025-09-01 13:10:00,2558.708984375,49.0,49.0,49.0,0.0,17.5,1.13,100,1,100,100,52.48871805881378
2025-09-01 15:00:00,2025-09-01 14:10:00,3007.5673828125,122.0,122.0,121.0,1.4,18.0,0.96,100,32,100,89,47.56709874266212
2025-09-01 16:00:00,2025-09-01 15:10:00,5661.0400390625,270.0,270.0,169.0,171.1,19.1,1.4,100,96,33,96,39.77237212949204
2025-09-01 17:00:00,2025-09-01 16:10:00,2984.01953125,182.0,182.0,153.0,65.1,18.8,1.49,99,54,57,98,30.327054245930732
2025-09-01 18:00:00,2025-09-01 17:10:00,960.3067626953125,119.0,119.0,83.0,130.3,18.5,1.55,82,29,15,73,20.049515648941373
2025-09-01 19:00:00,2025-09-01 18:10:00,226.39694213867188,30.0,30.0,25.0,38.5,17.8,0.7,99,99,19,20,9.466308476397694
2025-09-01 20:00:00,2025-09-01 19:10:00,0.0,0.0,0.0,0.0,0.0,17.4,0.76,46,37,13,2,-1.0319954279416732
2025-09-01 21:00:00,2025-09-01 20:10:00,0.0,0.0,0.0,0.0,0.0,17.4,1.12,100,100,25,0,-11.079685152969438
2025-09-01 22:00:00,2025-09-01 21:10:00,0.0,0.0,0.0,0.0,0.0,17.2,2.24,100,100,12,0,-20.252577216842162
2025-09-01 23:00:00,2025-09-01 22:10:00,0.0,0.0,0.0,0.0,0.0,17.3,1.88,100,100,9,37,-28.000438452064415
2025-09-02 00:00:00,2025-09-01 23:10:00,0.0,0.0,0.0,0.0,0.0,17.3,1.55,76,53,32,41,-33.6235027831247
2025-09-02 01:00:00,2025-09-02 00:10:00,0.0,0.0,0.0,0.0,0.0,17.0,1.19,82,61,11,50,-36.383608714468195
2025-09-02 02:00:00,2025-09-02 01:10:00,0.0,0.0,0.0,0.0,0.0,16.3,1.6,83,21,17,75,-35.814540790642255
2025-09-02 03:00:00,2025-09-02 02:10:00,0.0,0.0,0.0,0.0,0.0,15.8,0.67,22,2,14,7,-32.0199066123923
2025-09-02 04:00:00,2025-09-02 03:10:00,0.0,0.0,0.0,0.0,0.0,15.5,0.61,28,3,21,8,-25.60060350648018
2025-09-02 05:00:00,2025-09-02 04:10:00,0.0,0.0,0.0,0.0,0.0,15.3,0.99,43,30,16,2,-17.307916251784764
2025-09-02 06:00:00,2025-09-02 05:10:00,0.0,0.0,0.0,0.0,0.0,15.1,1.14,100,100,17,6,-7.795328608410758
2025-09-02 07:00:00,2025-09-02 06:10:00,2493.4365234375,46.0,46.0,30.0,121.5,15.4,0.56,99,99,10,0,2.434280761476269
2025-09-02 08:00:00,2025-09-02 07:10:00,8035.4521484375,182.0,182.0,85.0,346.8,16.6,0.22,14,13,1,0,12.98304563350891
2025-09-02 09:00:00,2025-09-02 08:10:00,14513.642578125,359.0,359.0,105.0,567.4,18.4,0.36,2,2,0,0,23.484356928044598
2025-09-02 10:00:00,2025-09-02 09:10:00,18958.037109375,530.0,530.0,116.0,699.8,20.1,0.11,0,0,0,0,33.51226658814655
2025-09-02 11:00:00,2025-09-02 10:10:00,21282.623046875,652.0,652.0,123.0,753.9,21.5,0.38,1,0,0,1,42.456096890625325
2025-09-02 12:00:00,2025-09-02 11:10:00,21967.703125,724.0,724.0,126.0,776.1,22.4,1.19,15,0,13,2,49.36134950260837
2025-09-02 13:00:00,2025-09-02 12:10:00,21676.6328125,718.0,718.0,132.0,738.7,23.0,1.41,24,1,14,13,52.92118714177907
2025-09-02 14:00:00,2025-09-02 13:10:00,19434.767578125,668.0,668.0,160.0,661.1,23.7,1.57,6,1,3,3,52.11790592789849
2025-09-02 15:00:00,2025-09-02 14:10:00,16344.8984375,629.0,629.0,126.0,721.1,24.0,1.61,10,1,6,3,47.206322238928436
2025-09-02 16:00:00,2025-09-02 15:10:00,11910.84375,481.0,481.0,119.0,618.1,23.7,1.9,12,1,9,3,39.43180425369615
2025-09-02 17:00:00,2025-09-02 16:10:00,6013.66943359375,321.0,321.0,96.0,511.2,23.2,1.67,13,5,11,0,30.003281108504865
2025-09-02 18:00:00,2025-09-02 17:10:00,1187.751708984375,179.0,179.0,68.0,409.4,22.6,1.36,6,1,5,0,19.73512249251764
2025-09-02 19:00:00,2025-09-02 18:10:00,246.72738647460938,45.0,45.0,24.0,165.2,21.0,1.19,9,2,1,6,9.153742015250037
2025-09-02 20:00:00,2025-09-02 19:10:00,0.0,0.0,0.0,0.0,0.0,20.1,1.67,25,7,1,20,-1.349559771878375
2025-09-02 21:00:00,2025-09-02 20:10:00,0.0,0.0,0.0,0.0,0.0,19.1,1.17,8,1,1,7,-11.408146634823092
2025-09-02 22:00:00,2025-09-02 21:10:00,0.0,0.0,0.0,0.0,0.0,18.1,0.58,5,0,0,5,-20.596302939216677
2025-09-02 23:00:00,2025-09-02 22:10:00,0.0,0.0,0.0,0.0,0.0,17.5,0.36,20,0,0,20,-28.36050081622787
2025-09-03 00:00:00,2025-09-02 23:10:00,0.0,0.0,0.0,0.0,0.0,16.9,0.27,93,0,0,93,-33.99452689892651
2025-09-03 01:00:00,2025-09-03 00:10:00,0.0,0.0,0.0,0.0,0.0,16.1,0.25,87,2,0,87,-36.751468273169756
2025-09-03 02:00:00,2025-09-03 01:10:00,0.0,0.0,0.0,0.0,0.0,15.9,0.49,62,0,0,62,-36.160294382605294
2025-09-03 03:00:00,2025-09-03 02:10:00,0.0,0.0,0.0,0.0,0.0,15.6,0.22,100,0,0,100,-32.329816195837374
2025-09-03 04:00:00,2025-09-03 03:10:00,0.0,0.0,0.0,0.0,0.0,15.1,0.62,99,0,0,99,-25.871810734147946
2025-09-03 05:00:00,2025-09-03 04:10:00,0.0,0.0,0.0,0.0,0.0,14.7,0.67,83,0,0,83,-17.545808739027343
2025-09-03 06:00:00,2025-09-03 05:10:00,0.0,0.0,0.0,0.0,0.0,14.3,0.55,93,0,0,93,-8.008875350995064
2025-09-03 07:00:00,2025-09-03 06:10:00,2682.25927734375,50.0,50.0,30.0,153.8,15.2,0.28,68,0,0,68,2.2351065152307754
2025-09-03 08:00:00,2025-09-03 07:10:00,8955.2490234375,198.0,198.0,67.0,474.1,17.2,0.5,1,1,0,0,12.787821280303394
2025-09-03 09:00:00,2025-09-03 08:10:00,15153.837890625,368.0,368.0,91.0,623.4,19.5,0.89,2,2,0,0,23.281692153152857
2025-09-03 10:00:00,2025-09-03 09:10:00,18820.669921875,517.0,517.0,108.0,695.3,21.4,0.75,8,7,3,0,33.28893600352517
2025-09-03 11:00:00,2025-09-03 10:10:00,20915.177734375,632.0,632.0,120.0,733.2,22.8,0.59,6,5,3,0,42.19699251989149
2025-09-03 12:00:00,2025-09-03 11:10:00,21822.521484375,709.0,709.0,131.0,753.7,23.9,0.29,3,3,0,0,49.05366067338677
2025-09-03 13:00:00,2025-09-03 12:10:00,21593.59375,719.0,719.0,135.0,739.8,24.6,0.21,6,6,0,0,52.56739240464316
2025-09-03 14:00:00,2025-09-03 13:10:00,19346.33203125,655.0,655.0,167.0,638.5,24.9,0.38,7,4,3,0,51.744674865856936
2025-09-03 15:00:00,2025-09-03 14:10:00,11957.318359375,543.0,543.0,199.0,496.3,25.2,0.9,20,18,13,0,46.842805033576624
2025-09-03 16:00:00,2025-09-03 15:10:00,8514.7734375,440.0,440.0,167.0,469.9,25.3,1.11,78,77,46,0,39.088296535625844
2025-09-03 17:00:00,2025-09-03 16:10:00,5055.71826171875,297.0,297.0,113.0,422.8,25.0,0.88,82,81,38,0,29.676569648506888
2025-09-03 18:00:00,2025-09-03 17:10:00,1213.4888916015625,179.0,179.0,71.0,406.1,24.5,0.47,51,22,44,0,19.417902108504673
2025-09-03 19:00:00,2025-09-03 18:10:00,246.37307739257812,38.0,38.0,22.0,128.6,23.0,0.28,69,30,67,0,8.838488976252531
2025-09-03 20:00:00,2025-09-03 19:10:00,0.0,0.0,0.0,0.0,0.0,22.2,0.14,52,52,8,0,-1.6696875721068987
2025-09-03 21:00:00,2025-09-03 20:10:00,0.0,0.0,0.0,0.0,0.0,21.1,0.3,54,53,2,0,-11.739094208915587
2025-09-03 22:00:00,2025-09-03 21:10:00,0.0,0.0,0.0,0.0,0.0,20.4,0.65,2,1,1,0,-20.942496753637933
2025-09-03 23:00:00,2025-09-03 22:10:00,0.0,0.0,0.0,0.0,0.0,19.8,0.29,4,4,0,0,-28.723052327130457
2025-09-04 00:00:00,2025-09-03 23:10:00,0.0,0.0,0.0,0.0,0.0,19.2,0.07,3,3,0,0,-34.36800121312872
2025-09-04 01:00:00,2025-09-04 00:10:00,0.0,0.0,0.0,0.0,0.0,18.5,0.25,3,2,0,1,-37.1215044898503
2025-09-04 02:00:00,2025-09-04 01:10:00,0.0,0.0,0.0,0.0,0.0,18.9,0.15,4,2,0,3,-36.50765710654458
2025-09-04 03:00:00,2025-09-04 02:10:00,0.0,0.0,0.0,0.0,0.0,18.4,0.32,26,4,0,23,-32.64069119938955
2025-09-04 04:00:00,2025-09-04 03:10:00,0.0,0.0,0.0,0.0,0.0,17.8,0.43,78,6,0,76,-26.14352491578158
2025-09-04 05:00:00,2025-09-04 04:10:00,0.0,0.0,0.0,0.0,0.0,17.4,0.16,29,6,0,24,-17.784012725224482
2025-09-04 06:00:00,2025-09-04 05:10:00,0.0,0.0,0.0,0.0,0.0,17.0,0.32,79,10,1,76,-8.222757336190554
2025-09-04 07:00:00,2025-09-04 06:10:00,2205.90673828125,46.0,46.0,29.0,132.5,17.5,0.78,100,2,0,100,2.035413381088113
2025-09-04 08:00:00,2025-09-04 07:10:00,7861.89208984375,179.0,179.0,86.0,340.7,18.9,0.6,8,3,0,5,12.59177416893885
2025-09-04 09:00:00,2025-09-04 08:10:00,14274.8916015625,359.0,359.0,94.0,600.9,21.4,0.57,8,3,0,5,23.07780631391397
2025-09-04 10:00:00,2025-09-04 09:10:00,18328.310546875,511.0,511.0,117.0,673.7,23.1,0.65,20,0,0,20,33.063928324937244
2025-09-04 11:00:00,2025-09-04 10:10:00,21193.484375,641.0,641.0,115.0,757.1,24.5,0.65,22,0,1,21,41.935791205826355
2025-09-04 12:00:00,2025-09-04 11:10:00,21951.318359375,720.0,720.0,121.0,784.8,25.5,1.36,37,0,4,36,48.74367088768166
2025-09-04 13:00:00,2025-09-04 12:10:00,18680.478515625,682.0,682.0,192.0,623.8,25.9,1.63,78,2,49,73,52.211354060005796
2025-09-04 14:00:00,2025-09-04 13:10:00,16421.47265625,618.0,618.0,195.0,556.5,26.4,1.8,98,1,20,98,51.36912717811775
2025-09-04 15:00:00,2025-09-04 14:10:00,9469.8623046875,411.0,411.0,243.0,243.9,25.8,1.66,99,0,15,99,46.47666890771553
2025-09-04 16:00:00,2025-09-04 15:10:00,7594.88134765625,401.0,401.0,201.0,347.1,26.2,1.31,95,15,34,92,38.74197673511814
2025-09-04 17:00:00,2025-09-04 16:10:00,3333.573974609375,200.0,200.0,143.0,132.5,24.9,1.82,100,6,25,100,29.347047274104117
2025-09-04 18:00:00,2025-09-04 17:10:00,867.75732421875,110.0,110.0,89.0,80.6,22.0,1.5,100,5,20,100,19.097980899167425
2025-09-04 19:00:00,2025-09-04 18:10:00,221.01904296875,12.0,12.0,12.0,0.0,20.5,1.56,100,5,11,100,8.520675627378699
2025-09-04 20:00:00,2025-09-04 19:10:00,0.0,0.0,0.0,0.0,0.0,19.9,1.54,98,35,22,97,-1.9922521299993607
2025-09-04 21:00:00,2025-09-04 20:10:00,0.0,0.0,0.0,0.0,0.0,19.5,0.99,100,1,4,100,-12.072401246237973
2025-09-04 22:00:00,2025-09-04 21:10:00,0.0,0.0,0.0,0.0,0.0,18.8,2.51,98,20,0,98,-21.29103423467658
2025-09-04 23:00:00,2025-09-04 22:10:00,0.0,0.0,0.0,0.0,0.0,17.8,2.14,32,27,6,2,-29.08797469539088
2025-09-05 00:00:00,2025-09-04 23:10:00,0.0,0.0,0.0,0.0,0.0,17.3,0.81,7,6,3,0,-34.7438176211544
2025-09-05 01:00:00,2025-09-05 00:10:00,0.0,0.0,0.0,0.0,0.0,17.2,0.41,11,10,1,0,-37.49362013785165
2025-09-05 02:00:00,2025-09-05 01:10:00,0.0,0.0,0.0,0.0,0.0,16.4,0.29,11,11,1,0,-36.856541634488025
2025-09-05 03:00:00,2025-09-05 02:10:00,0.0,0.0,0.0,0.0,0.0,16.0,0.7,95,94,5,0,-32.9524578018956
2025-09-05 04:00:00,2025-09-05 03:10:00,0.0,0.0,0.0,0.0,0.0,16.4,1.64,74,74,1,0,-26.41569098437795
2025-09-05 05:00:00,2025-09-05 04:10:00,0.0,0.0,0.0,0.0,0.0,16.2,1.3,45,45,1,0,-18.02249310054752
2025-09-05 06:00:00,2025-09-05 05:10:00,0.0,0.0,0.0,0.0,0.0,15.6,0.76,27,26,1,0,-8.436956852113012
2025-09-05 07:00:00,2025-09-05 06:10:00,2616.471923828125,47.0,47.0,26.0,165.9,16.2,0.35,21,20,1,0,1.8352058541133007
2025-09-05 08:00:00,2025-09-05 07:10:00,8544.5302734375,190.0,190.0,72.0,437.8,18.1,0.5,0,0,0,0,12.394900444638953
2025-09-05 09:00:00,2025-09-05 08:10:00,15186.380859375,370.0,370.0,89.0,642.1,20.4,0.45,0,0,0,0,22.872693084699396
2025-09-05 10:00:00,2025-09-05 09:10:00,18863.158203125,523.0,523.0,107.0,715.5,22.1,0.25,2,1,2,0,32.837242804597146
2025-09-05 11:00:00,2025-09-05 10:10:00,21496.37109375,647.0,647.0,118.0,765.3,23.9,0.32,3,0,2,0,41.67250895370663
2025-09-05 12:00:00,2025-09-05 11:10:00,21907.9296875,708.0,708.0,123.0,770.3,24.9,1.14,18,4,16,0,48.43142408111005
2025-09-05 13:00:00,2025-09-05 12:10:00,21597.30078125,710.0,710.0,136.0,734.5,25.5,2.0,14,4,11,0,51.85314677564538
2025-09-05 14:00:00,2025-09-05 13:10:00,19921.103515625,670.0,670.0,134.0,709.2,27.4,1.55,16,2,14,0,50.99136556060188
2025-09-05 15:00:00,2025-09-05 14:10:00,16659.365234375,636.0,636.0,110.0,768.8,27.6,2.28,19,0,19,0,46.10803626876008
2025-09-05 16:00:00,2025-09-05 15:10:00,11678.7509765625,468.0,468.0,109.0,628.3,26.0,3.91,4,0,4,0,38.39297380776678
2025-09-05 17:00:00,2025-09-05 16:10:00,6239.5947265625,338.0,338.0,91.0,581.0,25.0,3.15,3,0,3,0,29.01484300034553
2025-09-05 18:00:00,2025-09-05 17:10:00,1169.327392578125,177.0,177.0,61.0,454.3,24.1,1.72,4,0,4,0,18.77548705765704
2025-09-05 19:00:00,2025-09-05 18:10:00,241.9224853515625,38.0,38.0,21.0,142.8,22.2,1.27,2,0,2,0,8.200430069569794
2025-09-05 20:00:00,2025-09-05 19:10:00,0.0,0.0,0.0,0.0,0.0,21.2,1.17,3,1,3,0,-2.317124946896799
2025-09-05 21:00:00,2025-09-05 20:10:00,0.0,0.0,0.0,0.0,0.0,20.2,0.8,2,2,0,0,-12.407939401733035
2025-09-05 22:00:00,2025-09-05 21:10:00,0.0,0.0,0.0,0.0,0.0,19.5,0.56,3,3,1,0,-21.641789401044576
2025-09-05 23:00:00,2025-09-05 22:10:00,0.0,0.0,0.0,0.0,0.0,18.6,1.03,0,0,0,0,-29.4551483936871
2025-09-06 00:00:00,2025-09-05 23:10:00,0.0,0.0,0.0,0.0,0.0,18.1,0.98,1,0,1,0,-35.12186733335091
2025-09-06 01:00:00,2025-09-06 00:10:00,0.0,0.0,0.0,0.0,0.0,17.7,0.95,0,0,0,0,-37.8677180074647
2025-09-06 02:00:00,2025-09-06 01:10:00,0.0,0.0,0.0,0.0,0.0,17.9,1.15,0,0,0,0,-37.20686135313048
2025-09-06 03:00:00,2025-09-06 02:10:00,0.0,0.0,0.0,0.0,0.0,17.3,1.06,0,0,0,0,-33.26504355823046
2025-09-06 04:00:00,2025-09-06 03:10:00,0.0,0.0,0.0,0.0,0.0,16.6,0.45,0,0,0,0,-26.68825572963852
2025-09-06 05:00:00,2025-09-06 04:10:00,0.0,0.0,0.0,0.0,0.0,16.1,0.29,0,0,0,0,-18.261216780859986
2025-09-06 06:00:00,2025-09-06 05:10:00,0.0,0.0,0.0,0.0,0.0,15.5,0.29,0,0,0,0,-8.651458101463446
2025-09-06 07:00:00,2025-09-06 06:10:00,2868.137451171875,46.0,46.0,24.0,176.2,16.2,0.45,1,0,0,1,1.6344868250108504
2025-09-06 08:00:00,2025-09-06 07:10:00,8543.521484375,194.0,194.0,64.0,488.5,18.0,0.49,18,0,0,18,12.19719510821983
2025-09-06 09:00:00,2025-09-06 08:10:00,14947.2099609375,367.0,367.0,85.0,649.5,20.3,0.79,9,0,0,9,22.666345589511806
2025-09-06 10:00:00,2025-09-06 09:10:00,18824.033203125,526.0,526.0,101.0,735.3,22.4,0.81,9,0,0,9,32.60887884676869
2025-09-06 11:00:00,2025-09-06 10:10:00,21417.69921875,652.0,652.0,109.0,789.7,24.0,0.49,40,0,0,40,41.407162584095815
2025-09-06 12:00:00,2025-09-06 11:10:00,20803.623046875,731.0,731.0,114.0,816.5,25.0,0.35,94,0,0,94,48.11696525674965
2025-09-06 13:00:00,2025-09-06 12:10:00,20534.69140625,755.0,755.0,122.0,814.2,26.0,0.4,97,0,0,97,51.49284597241622
2025-09-06 14:00:00,2025-09-06 13:10:00,19470.25,728.0,728.0,114.0,817.0,26.2,1.01,97,0,0,97,50.61149311109904
2025-09-06 15:00:00,2025-09-06 14:10:00,16961.115234375,646.0,646.0,106.0,794.7,26.5,1.25,5,0,0,5,45.737030112179205
2025-09-06 16:00:00,2025-09-06 15:10:00,12348.037109375,518.0,518.0,94.0,748.5,26.3,1.48,7,0,0,7,38.04141782931236
2025-09-06 17:00:00,2025-09-06 16:10:00,6472.22216796875,355.0,355.0,82.0,650.1,25.7,1.54,0,0,0,0,28.680087362351266
2025-09-06 18:00:00,2025-09-06 17:10:00,1159.0859375,180.0,180.0,60.0,480.1,24.6,1.33,1,0,1,0,18.450550483632558
2025-09-06 19:00:00,2025-09-06 18:10:00,244.38714599609375,36.0,36.0,19.0,146.1,22.2,0.9,17,0,1,16,7.877882160037626
2025-09-06 20:00:00,2025-09-06 19:10:00,0.0,0.0,0.0,0.0,0.0,20.9,0.79,1,0,1,0,-2.6441757902458534
2025-09-06 21:00:00,2025-09-06 20:10:00,0.0,0.0,0.0,0.0,0.0,20.1,0.79,1,0,0,0,-12.745578666972499
2025-09-06 22:00:00,2025-09-06 21:10:00,0.0,0.0,0.0,0.0,0.0,19.5,0.67,0,0,0,0,-21.99463475213921
2025-09-06 23:00:00,2025-09-06 22:10:00,0.0,0.0,0.0,0.0,0.0,18.9,0.61,0,0,0,0,-29.82445267791047
2025-09-07 00:00:00,2025-09-06 23:10:00,0.0,0.0,0.0,0.0,0.0,18.2,0.35,0,0,0,0,-35.50204088872754
2025-09-07 01:00:00,2025-09-07 00:10:00,0.0,0.0,0.0,0.0,0.0,17.7,0.21,6,0,0,6,-38.24370092133136
2025-09-07 02:00:00,2025-09-07 01:10:00,0.0,0.0,0.0,0.0,0.0,16.9,0.21,19,0,0,19,-37.558530380709435
2025-09-07 03:00:00,2025-09-07 02:10:00,0.0,0.0,0.0,0.0,0.0,16.4,0.14,2,0,0,2,-33.5783774093616
2025-09-07 04:00:00,2025-09-07 03:10:00,0.0,0.0,0.0,0.0,0.0,15.6,0.49,0,0,0,0,-26.961167788321482
2025-09-07 05:00:00,2025-09-07 04:10:00,0.0,0.0,0.0,0.0,0.0,15.1,0.51,0,0,0,0,-18.500152671040283
2025-09-07 06:00:00,2025-09-07 05:10:00,0.0,0.0,0.0,0.0,0.0,14.8,0.28,0,0,0,0,-8.866247138736549
2025-09-07 07:00:00,2025-09-07 06:10:00,2659.904052734375,44.0,44.0,23.0,170.6,15.6,0.51,1,1,0,0,1.4332576646290525
2025-09-07 08:00:00,2025-09-07 07:10:00,8732.4755859375,191.0,191.0,62.0,491.1,17.6,0.22,0,0,0,0,11.99865211735124
2025-09-07 09:00:00,2025-09-07 08:10:00,15192.1708984375,362.0,362.0,85.0,643.0,20.4,0.32,0,0,0,0,22.458756514049995
2025-09-07 10:00:00,2025-09-07 09:10:00,18922.9453125,519.0,519.0,99.0,731.1,22.7,0.3,0,0,0,0,32.37883612046538
2025-09-07 11:00:00,2025-09-07 10:10:00,21509.962890625,645.0,645.0,107.0,786.6,24.2,0.45,0,0,0,0,41.13976982832347
2025-09-07 12:00:00,2025-09-07 11:10:00,22177.43359375,725.0,725.0,111.0,816.7,25.3,0.74,0,0,0,0,47.80034054780189
2025-09-07 13:00:00,2025-09-07 12:10:00,22091.525390625,751.0,751.0,113.0,825.0,26.1,0.92,0,0,0,0,51.13052786189097
2025-09-07 14:00:00,2025-09-07 13:10:00,20227.73046875,711.0,711.0,120.0,791.0,26.8,1.09,0,0,0,0,50.229613340931
2025-09-07 15:00:00,2025-09-07 14:10:00,17004.865234375,634.0,634.0,106.0,782.4,26.9,1.15,0,0,0,0,45.363773985328116
2025-09-07 16:00:00,2025-09-07 15:10:00,11915.517578125,507.0,507.0,96.0,732.0,26.7,1.24,0,0,0,0,37.68743992193894
2025-09-07 17:00:00,2025-09-07 16:10:00,6303.4736328125,345.0,345.0,81.0,636.7,26.2,1.26,0,0,0,0,28.342912329184973
2025-09-07 18:00:00,2025-09-07 17:10:00,1091.527099609375,172.0,172.0,59.0,462.2,25.3,1.25,0,0,0,0,18.123302698525297
2025-09-07 19:00:00,2025-09-07 18:10:00,239.47669982910156,33.0,33.0,18.0,132.1,23.5,0.84,0,0,0,0,7.5531634345784235
2025-09-07 20:00:00,2025-09-07 19:10:00,0.0,0.0,0.0,0.0,0.0,22.1,0.72,0,0,0,0,-2.9732727609970366
2025-09-07 21:00:00,2025-09-07 20:10:00,0.0,0.0,0.0,0.0,0.0,21.2,0.65,0,0,0,0,-13.085187424011668
2025-09-07 22:00:00,2025-09-07 21:10:00,0.0,0.0,0.0,0.0,0.0,20.6,0.54,25,0,0,25,-22.349441305244028
2025-09-07 23:00:00,2025-09-07 22:10:00,0.0,0.0,0.0,0.0,0.0,20.2,0.59,99,0,0,99,-30.19576560802565
2025-09-08 00:00:00,2025-09-07 23:10:00,0.0,0.0,0.0,0.0,0.0,19.6,0.83,88,0,0,88,-35.884228167404714
2025-09-08 01:00:00,2025-09-08 00:10:00,0.0,0.0,0.0,0.0,0.0,18.9,0.65,87,0,0,87,-38.621471747898255
2025-09-08 02:00:00,2025-09-08 01:10:00,0.0,0.0,0.0,0.0,0.0,18.4,0.5,85,0,0,85,-37.91146358123358
2025-09-08 03:00:00,2025-09-08 02:10:00,0.0,0.0,0.0,0.0,0.0,17.7,0.65,83,0,0,83,-33.89238968869549
2025-09-08 04:00:00,2025-09-08 03:10:00,0.0,0.0,0.0,0.0,0.0,17.2,0.21,95,0,2,95,-27.23437762976638
2025-09-08 05:00:00,2025-09-08 04:10:00,0.0,0.0,0.0,0.0,0.0,16.9,0.46,99,0,87,98,-18.739271622909865
2025-09-08 06:00:00,2025-09-08 05:10:00,0.0,0.0,0.0,0.0,0.0,16.8,0.21,100,0,96,100,-9.081311802085079
2025-09-08 07:00:00,2025-09-08 06:10:00,1734.7109375,32.0,32.0,28.0,33.0,17.4,0.49,100,0,96,100,1.2315183133386263
2025-09-08 08:00:00,2025-09-08 07:10:00,3348.37646484375,67.0,67.0,67.0,0.0,18.4,0.29,100,0,100,100,11.799264491911973
2025-09-08 09:00:00,2025-09-08 08:10:00,5973.93115234375,192.0,192.0,165.0,63.2,20.9,0.25,100,0,100,100,22.249918220727565
2025-09-08 10:00:00,2025-09-08 09:10:00,7887.4150390625,303.0,303.0,228.0,131.4,22.8,0.45,100,0,97,100,32.14711467349981
2025-09-08 11:00:00,2025-09-08 10:10:00,8949.9599609375,272.0,272.0,243.0,42.6,23.4,0.57,100,0,99,100,40.870349423510916
2025-09-08 12:00:00,2025-09-08 11:10:00,11915.77734375,281.0,281.0,210.0,94.9,23.9,1.03,99,0,97,50,47.481597278897965
2025-09-08 13:00:00,2025-09-08 12:10:00,15592.2099609375,587.0,587.0,283.0,395.2,25.8,1.39,70,0,56,31,50.7662694828928
2025-09-08 14:00:00,2025-09-08 13:10:00,14473.4619140625,534.0,534.0,269.0,356.8,26.4,1.93,78,1,37,65,49.845830186731554
2025-09-08 15:00:00,2025-09-08 14:10:00,11380.81640625,509.0,509.0,219.0,432.8,26.5,1.76,46,11,35,8,44.98839195319876
2025-09-08 16:00:00,2025-09-08 15:10:00,9153.89453125,425.0,425.0,146.0,501.5,26.6,1.66,64,33,32,22,37.33117218244294
2025-09-08 17:00:00,2025-09-08 16:10:00,3964.095947265625,244.0,244.0,113.0,320.0,26.0,1.65,54,32,18,17,28.00345121846334
2025-09-08 18:00:00,2025-09-08 17:10:00,880.389404296875,140.0,140.0,75.0,272.0,25.0,1.8,91,32,29,81,17.793876760521485
2025-09-08 19:00:00,2025-09-08 18:10:00,223.43768310546875,25.0,25.0,17.0,72.3,23.5,2.17,98,3,21,97,7.226407028955133
2025-09-08 20:00:00,2025-09-08 19:10:00,0.0,0.0,0.0,0.0,0.0,22.5,1.7,100,1,15,100,-3.3042823622415747
2025-09-08 21:00:00,2025-09-08 20:10:00,0.0,0.0,0.0,0.0,0.0,21.8,1.1,48,2,15,37,-13.426632500431852
2025-09-08 22:00:00,2025-09-08 21:10:00,0.0,0.0,0.0,0.0,0.0,21.1,0.75,27,9,2,18,-22.706078633417377
2025-09-08 23:00:00,2025-09-08 22:10:00,0.0,0.0,0.0,0.0,0.0,20.1,0.59,25,9,14,8,-30.568964068655994
2025-09-09 00:00:00,2025-09-08 23:10:00,0.0,0.0,0.0,0.0,0.0,19.5,0.59,14,0,13,2,-36.2683184017625
2025-09-09 01:00:00,2025-09-09 00:10:00,0.0,0.0,0.0,0.0,0.0,18.9,1.0,25,0,24,2,-39.00093341288991
2025-09-09 02:00:00,2025-09-09 01:10:00,0.0,0.0,0.0,0.0,0.0,19.6,0.57,92,0,89,59,-38.265576576027385
2025-09-09 03:00:00,2025-09-09 02:10:00,0.0,0.0,0.0,0.0,0.0,19.2,1.1,68,2,51,43,-34.20701212467548
2025-09-09 04:00:00,2025-09-09 03:10:00,0.0,0.0,0.0,0.0,0.0,18.7,0.3,87,24,80,33,-27.50783753660122
2025-09-09 05:00:00,2025-09-09 04:10:00,0.0,0.0,0.0,0.0,0.0,18.1,1.01,100,38,99,34,-18.978546387848787
2025-09-09 06:00:00,2025-09-09 05:10:00,0.0,0.0,0.0,0.0,0.0,17.9,0.76,63,37,53,6,-9.296641639993357
2025-09-09 07:00:00,2025-09-09 06:10:00,2147.553955078125,28.0,28.0,19.0,75.2,18.0,1.14,80,25,13,70,1.0292673750741772
2025-09-09 08:00:00,2025-09-09 07:10:00,6837.63623046875,142.0,142.0,79.0,246.4,19.0,1.49,79,13,1,76,11.59902442317906
2025-09-09 09:00:00,2025-09-09 08:10:00,11151.3759765625,291.0,291.0,139.0,358.7,20.8,1.03,92,15,2,90,22.039822866342803
2025-09-09 10:00:00,2025-09-09 09:10:00,14825.23828125,404.0,404.0,152.0,444.2,22.2,1.21,93,22,14,90,31.91371504755766
2025-09-09 11:00:00,2025-09-09 10:10:00,16191.677734375,449.0,449.0,219.0,340.0,23.0,1.46,92,21,13,89,40.59892120686083
2025-09-09 12:00:00,2025-09-09 11:10:00,14172.2724609375,551.0,551.0,210.0,458.4,24.3,0.76,99,24,12,99,47.16078402586467
2025-09-09 13:00:00,2025-09-09 12:10:00,17466.03515625,541.0,541.0,254.0,375.2,25.1,0.95,59,10,1,54,50.400148736787024
2025-09-09 14:00:00,2025-09-09 13:10:00,15503.8974609375,501.0,501.0,253.0,336.0,26.3,1.05,33,2,7,28,49.4602480221767
2025-09-09 15:00:00,2025-09-09 14:10:00,9819.263671875,379.0,379.0,243.0,204.4,26.2,1.99,55,17,8,43,44.61100856592185
2025-09-09 16:00:00,2025-09-09 15:10:00,7738.90478515625,313.0,313.0,168.0,263.0,25.0,0.95,55,0,15,47,36.972747612228154
2025-09-09 17:00:00,2025-09-09 16:10:00,4335.873046875,279.0,279.0,101.0,440.7,24.5,0.61,100,34,29,100,27.661838611747545
2025-09-09 18:00:00,2025-09-09 17:10:00,855.9082641601562,129.0,129.0,70.0,252.8,21.5,3.58,100,19,55,100,17.46240717932963
2025-09-09 19:00:00,2025-09-09 18:10:00,218.54611206054688,17.0,17.0,15.0,18.5,20.1,1.06,100,4,29,100,6.897747599399016
2025-09-09 20:00:00,2025-09-09 19:10:00,0.0,0.0,0.0,0.0,0.0,18.9,1.36,100,33,49,100,-3.637069569065801
2025-09-09 21:00:00,2025-09-09 20:10:00,0.0,0.0,0.0,0.0,0.0,18.5,0.71,100,1,24,100,-13.769779225585726
2025-09-09 22:00:00,2025-09-09 21:10:00,0.0,0.0,0.0,0.0,0.0,18.3,0.42,100,13,13,100,-23.064414904106677
2025-09-09 23:00:00,2025-09-09 22:10:00,0.0,0.0,0.0,0.0,0.0,18.1,0.72,100,36,18,100,-30.943923789422833
2025-09-10 00:00:00,2025-09-09 23:10:00,0.0,0.0,0.0,0.0,0.0,17.8,1.44,100,97,54,100,-36.65420018627741
2025-09-10 01:00:00,2025-09-10 00:10:00,0.0,0.0,0.0,0.0,0.0,17.6,0.3,100,35,25,100,-39.38198890877143
2025-09-10 02:00:00,2025-09-10 01:10:00,0.0,0.0,0.0,0.0,0.0,17.5,1.66,100,100,59,96,-38.62078575256002
2025-09-10 03:00:00,2025-09-10 02:10:00,0.0,0.0,0.0,0.0,0.0,16.8,1.56,100,79,37,100,-34.52217783960954
2025-09-10 04:00:00,2025-09-10 03:10:00,0.0,0.0,0.0,0.0,0.0,16.9,1.33,100,100,34,100,-27.78150158065754
2025-09-10 05:00:00,2025-09-10 04:10:00,0.0,0.0,0.0,0.0,0.0,17.2,0.41,88,21,19,81,-19.217951564199094
2025-09-10 06:00:00,2025-09-10 05:10:00,0.0,0.0,0.0,0.0,0.0,17.3,1.22,100,61,12,100,-9.512227832931327
2025-09-10 07:00:00,2025-09-10 06:10:00,1362.850341796875,20.0,20.0,20.0,0.0,17.5,0.43,100,26,6,100,0.8265022158095252
2025-09-10 08:00:00,2025-09-10 07:10:00,4729.23974609375,95.0,95.0,83.0,47.6,18.0,1.05,78,65,1,37,11.397923386574421
2025-09-10 09:00:00,2025-09-10 08:10:00,7829.69482421875,204.0,204.0,120.0,199.9,18.9,1.72,82,70,2,40,21.828462522084124
2025-09-10 10:00:00,2025-09-10 09:10:00,10897.3740234375,343.0,343.0,189.0,273.2,20.2,1.15,99,35,2,99,31.678638393965855
2025-09-10 11:00:00,2025-09-10 10:10:00,13357.849609375,452.0,452.0,237.0,319.6,21.5,0.81,100,41,10,100,40.32550620892633
2025-09-10 12:00:00,2025-09-10 11:10:00,15679.759765625,484.0,484.0,284.0,270.3,22.1,0.9,43,34,6,8,46.837950673769576
2025-09-10 13:00:00,2025-09-10 12:10:00,17420.083984375,524.0,524.0,206.0,418.1,22.4,0.96,32,5,15,20,50.0322444214066
2025-09-10 14:00:00,2025-09-10 13:10:00,14758.443359375,458.0,458.0,196.0,357.2,22.2,0.54,36,7,14,27,49.07297166950814
2025-09-10 15:00:00,2025-09-10 14:10:00,9490.8203125,411.0,411.0,189.0,336.2,22.9,1.17,28,6,6,21,44.23174882785349
2025-09-10 16:00:00,2025-09-10 15:10:00,9771.4091796875,435.0,435.0,126.0,565.9,23.5,1.25,59,5,13,55,36.61230004907198
2025-09-10 17:00:00,2025-09-10 16:10:00,3559.686767578125,184.0,184.0,118.0,165.6,22.3,1.5,29,9,15,12,27.31821027074949
2025-09-10 18:00:00,2025-09-10 17:10:00,744.4501953125,126.0,126.0,66.0,263.5,22.0,0.68,100,14,18,100,17.129029830789907
2025-09-10 19:00:00,2025-09-10 18:10:00,207.3682098388672,18.0,18.0,17.0,9.5,20.7,0.78,100,6,20,100,6.567321242275881
2025-09-10 20:00:00,2025-09-10 19:10:00,0.0,0.0,0.0,0.0,0.0,20.5,0.65,68,19,10,57,-3.971497899609903
2025-09-10 21:00:00,2025-09-10 20:10:00,0.0,0.0,0.0,0.0,0.0,20.0,2.12,19,15,5,0,-14.114491488066456
2025-09-10 22:00:00,2025-09-10 21:10:00,0.0,0.0,0.0,0.0,0.0,18.4,1.42,28,27,1,0,-23.424316918532398
2025-09-10 23:00:00,2025-09-10 22:10:00,0.0,0.0,0.0,0.0,0.0,17.5,1.06,56,45,15,11,-31.32051936507198
2025-09-11 00:00:00,2025-09-10 23:10:00,0.0,0.0,0.0,0.0,0.0,17.1,0.61,2,1,1,0,-37.04176148604476
2025-09-11 01:00:00,2025-09-11 00:10:00,0.0,0.0,0.0,0.0,0.0,16.9,1.01,2,0,2,0,-39.764541302175985
2025-09-11 02:00:00,2025-09-11 01:10:00,0.0,0.0,0.0,0.0,0.0,16.5,0.35,9,8,2,0,-38.9770082705333
2025-09-11 03:00:00,2025-09-11 02:10:00,0.0,0.0,0.0,0.0,0.0,16.4,0.99,53,52,1,0,-34.837821344717504
2025-09-11 04:00:00,2025-09-11 03:10:00,0.0,0.0,0.0,0.0,0.0,15.9,0.68,99,99,1,0,-28.05532559413512
2025-09-11 05:00:00,2025-09-11 04:10:00,0.0,0.0,0.0,0.0,0.0,16.0,0.22,100,100,0,0,-19.45746353957337
2025-09-11 06:00:00,2025-09-11 05:10:00,0.0,0.0,0.0,0.0,0.0,15.9,0.05,100,100,0,0,-9.72806311017872
2025-09-11 07:00:00,2025-09-11 06:10:00,2329.57958984375,30.0,30.0,22.0,68.9,16.8,0.25,100,100,0,1,0.6232190662205914
2025-09-11 08:00:00,2025-09-11 07:10:00,7133.3740234375,144.0,144.0,79.0,261.4,17.3,0.78,100,100,0,4,11.195952257677309
2025-09-11 09:00:00,2025-09-11 08:10:00,12010.4521484375,297.0,297.0,135.0,388.8,18.8,0.63,98,97,0,5,21.615829295543616
2025-09-11 10:00:00,2025-09-11 09:10:00,17199.5546875,477.0,477.0,133.0,614.2,20.8,0.59,62,61,0,0,31.44188658981607
2025-09-11 11:00:00,2025-09-11 10:10:00,20071.47265625,608.0,608.0,141.0,698.2,22.6,0.7,32,27,0,7,40.05012674557746
2025-09-11 12:00:00,2025-09-11 11:10:00,21420.677734375,673.0,673.0,139.0,725.7,23.8,1.06,7,5,2,0,46.513148473070615
2025-09-11 13:00:00,2025-09-11 12:10:00,21317.048828125,671.0,671.0,131.0,714.0,24.5,1.21,11,3,9,0,49.66263626349001
2025-09-11 14:00:00,2025-09-11 13:10:00,19673.39453125,644.0,644.0,120.0,718.9,25.0,1.66,22,1,21,0,48.68410641069862
2025-09-11 15:00:00,2025-09-11 14:10:00,15033.8876953125,512.0,512.0,130.0,582.9,25.1,1.41,7,3,4,0,43.85073816808027
2025-09-11 16:00:00,2025-09-11 15:10:00,9778.1552734375,414.0,414.0,124.0,536.2,24.8,1.03,34,7,32,0,36.2499641005981
2025-09-11 17:00:00,2025-09-11 16:10:00,3886.05126953125,241.0,241.0,96.0,369.0,24.0,1.34,48,10,47,0,26.972703054374843
2025-09-11 18:00:00,2025-09-11 17:10:00,794.0950317382812,116.0,116.0,60.0,252.3,23.1,0.61,100,77,100,0,16.79388187137658
2025-09-11 19:00:00,2025-09-11 18:10:00,222.5684051513672,20.0,20.0,13.0,68.6,22.0,0.25,81,81,19,0,6.235265412956743
2025-09-11 20:00:00,2025-09-11 19:10:00,0.0,0.0,0.0,0.0,0.0,21.1,0.51,4,0,4,0,-4.307429487318671
2025-09-11 21:00:00,2025-09-11 20:10:00,0.0,0.0,0.0,0.0,0.0,20.2,0.6,6,5,1,0,-14.460631794424959
2025-09-11 22:00:00,2025-09-11 21:10:00,0.0,0.0,0.0,0.0,0.0,19.5,0.68,7,7,0,0,-23.785650151891687
2025-09-11 23:00:00,2025-09-11 22:10:00,0.0,0.0,0.0,0.0,0.0,18.6,0.63,5,5,1,0,-31.698624275429513
2025-09-12 00:00:00,2025-09-11 23:10:00,0.0,0.0,0.0,0.0,0.0,18.4,1.06,8,7,4,0,-37.430889643988245
2025-09-12 01:00:00,2025-09-12 00:10:00,0.0,0.0,0.0,0.0,0.0,17.8,1.08,13,12,3,0,-40.148493739277434
2025-09-12 02:00:00,2025-09-12 01:10:00,0.0,0.0,0.0,0.0,0.0,17.7,1.1,3,3,0,0,-39.33416206521052
2025-09-12 03:00:00,2025-09-12 02:10:00,0.0,0.0,0.0,0.0,0.0,17.0,0.73,26,21,5,3,-35.15387853139712
2025-09-12 04:00:00,2025-09-12 03:10:00,0.0,0.0,0.0,0.0,0.0,16.9,1.42,36,27,6,9,-28.329267136070868
2025-09-12 05:00:00,2025-09-12 04:10:00,0.0,0.0,0.0,0.0,0.0,16.3,1.21,31,30,2,0,-19.697060428204857
2025-09-12 06:00:00,2025-09-12 05:10:00,0.0,0.0,0.0,0.0,0.0,15.8,1.57,95,95,2,0,-9.94414166202698
2025-09-12 07:00:00,2025-09-12 06:10:00,2396.48974609375,31.0,31.0,20.0,96.3,16.0,1.53,49,48,2,0,0.4194131282734943
2025-09-12 08:00:00,2025-09-12 07:10:00,7712.07666015625,150.0,150.0,72.0,318.2,17.9,1.39,28,28,1,0,10.993101431196488
2025-09-12 09:00:00,2025-09-12 08:10:00,12950.7509765625,312.0,312.0,115.0,476.9,19.8,1.86,41,41,0,0,21.40191545439957
2025-09-12 10:00:00,2025-09-12 09:10:00,17353.578125,455.0,455.0,143.0,560.8,21.5,1.48,40,40,0,0,31.20346235410182
2025-09-12 11:00:00,2025-09-12 10:10:00,19387.896484375,531.0,531.0,159.0,559.4,22.8,1.23,14,14,0,0,39.772806508384825
2025-09-12 12:00:00,2025-09-12 11:10:00,20797.06640625,648.0,648.0,158.0,669.6,23.9,1.5,15,8,9,0,46.18643009369993
2025-09-12 13:00:00,2025-09-12 12:10:00,21035.3671875,669.0,669.0,152.0,687.6,24.5,1.87,19,10,9,1,49.29140494951693
2025-09-12 14:00:00,2025-09-12 13:10:00,17246.14453125,588.0,588.0,143.0,614.5,25.1,2.39,47,12,34,15,48.29375799811583
2025-09-12 15:00:00,2025-09-12 14:10:00,12341.2353515625,433.0,433.0,149.0,436.7,24.7,1.9,49,3,36,20,43.4681024121799
2025-09-12 16:00:00,2025-09-12 15:10:00,8838.9033203125,390.0,390.0,123.0,498.6,24.5,1.77,75,13,44,53,35.8858750793842
2025-09-12 17:00:00,2025-09-12 16:10:00,4139.51220703125,252.0,252.0,89.0,420.7,23.4,1.57,89,22,32,83,26.625454836617035
2025-09-12 18:00:00,2025-09-12 17:10:00,651.3848266601562,88.0,88.0,57.0,143.3,22.8,0.57,97,25,24,96,16.457101652635426
2025-09-12 19:00:00,2025-09-12 18:10:00,218.42620849609375,14.0,14.0,12.0,20.2,21.5,2.17,95,10,44,91,5.901718843927694
2025-09-12 20:00:00,2025-09-12 19:10:00,0.0,0.0,0.0,0.0,0.0,20.0,2.74,73,18,12,65,-4.644725154379987
2025-09-12 21:00:00,2025-09-12 20:10:00,0.0,0.0,0.0,0.0,0.0,19.1,2.72,80,7,5,78,-14.808061329166774
2025-09-12 22:00:00,2025-09-12 21:10:00,0.0,0.0,0.0,0.0,0.0,18.1,2.65,62,9,3,57,-24.14827879444027
2025-09-12 23:00:00,2025-09-12 22:10:00,0.0,0.0,0.0,0.0,0.0,17.5,1.96,22,19,5,3,-32.078110905236215
2025-09-13 00:00:00,2025-09-12 23:10:00,0.0,0.0,0.0,0.0,0.0,17.2,1.59,34,34,0,0,-37.821471386764
2025-09-13 01:00:00,2025-09-13 00:10:00,0.0,0.0,0.0,0.0,0.0,17.1,1.39,100,100,4,4,-40.5337494490926
2025-09-13 02:00:00,2025-09-13 01:10:00,0.0,0.0,0.0,0.0,0.0,17.7,1.11,42,7,4,34,-39.692165847974564
2025-09-13 03:00:00,2025-09-13 02:10:00,0.0,0.0,0.0,0.0,0.0,17.2,1.24,100,100,10,33,-35.47028665872101
2025-09-13 04:00:00,2025-09-13 03:10:00,0.0,0.0,0.0,0.0,0.0,17.5,1.97,100,100,7,85,-28.603285454185844
2025-09-13 05:00:00,2025-09-13 04:10:00,0.0,0.0,0.0,0.0,0.0,17.5,2.3,99,92,13,92,-19.936722003492346
2025-09-13 06:00:00,2025-09-13 05:10:00,0.0,0.0,0.0,0.0,0.0,17.1,1.96,86,71,4,51,-10.160459047583133
2025-09-13 07:00:00,2025-09-13 06:10:00,1307.4322509765625,7.0,7.0,7.0,0.0,17.2,1.85,98,97,14,26,0.21507868545995443
2025-09-13 08:00:00,2025-09-13 07:10:00,2592.752197265625,25.0,25.0,25.0,0.0,17.4,2.42,100,100,20,74,10.789360942583325
2025-09-13 09:00:00,2025-09-13 08:10:00,2596.2900390625,35.0,35.0,35.0,0.0,17.6,2.66,100,100,38,97,21.18671355142023
2025-09-13 10:00:00,2025-09-13 09:10:00,4156.89453125,99.0,99.0,96.0,5.4,18.1,2.2,100,100,0,100,30.963369363522002
2025-09-13 11:00:00,2025-09-13 10:10:00,3221.749267578125,74.0,74.0,74.0,0.0,18.2,1.66,100,100,42,95,39.493570653144005
2025-09-13 12:00:00,2025-09-13 11:10:00,4679.13232421875,224.0,224.0,224.0,0.0,19.4,1.42,100,67,63,100,45.857849676918
2025-09-13 13:00:00,2025-09-13 12:10:00,4366.00146484375,221.0,221.0,218.0,4.0,20.0,0.8,100,44,98,100,48.91863215483123
2025-09-13 14:00:00,2025-09-13 13:10:00,4557.25830078125,168.0,168.0,166.0,2.8,21.1,0.78,100,21,99,100,47.90203266454916
2025-09-13 15:00:00,2025-09-13 14:10:00,4498.36376953125,200.0,200.0,199.0,1.5,21.2,0.57,100,22,91,100,43.08396775507574
2025-09-13 16:00:00,2025-09-13 15:10:00,4310.34228515625,149.0,149.0,148.0,1.9,21.0,1.14,100,4,56,100,35.52016893962704
2025-09-13 17:00:00,2025-09-13 16:10:00,2107.523681640625,125.0,125.0,118.0,18.3,20.9,0.92,100,13,72,100,26.27660442530581
2025-09-13 18:00:00,2025-09-13 17:10:00,510.2690734863281,64.0,64.0,58.0,28.5,20.6,0.69,100,5,100,100,16.118828635592138
2025-09-13 19:00:00,2025-09-13 18:10:00,228.29916381835938,8.0,8.0,8.0,0.0,19.9,1.19,47,1,26,38,5.566821462167568
2025-09-13 20:00:00,2025-09-13 19:10:00,0.0,0.0,0.0,0.0,0.0,18.6,0.66,18,11,8,0,-4.983244486347711
2025-09-13 21:00:00,2025-09-13 20:10:00,0.0,0.0,0.0,0.0,0.0,18.3,1.4,13,12,1,0,-15.156640016062267
2025-09-13 22:00:00,2025-09-13 21:10:00,0.0,0.0,0.0,0.0,0.0,17.5,1.08,22,22,0,0,-24.512065793515035
2025-09-13 23:00:00,2025-09-13 22:10:00,0.0,0.0,0.0,0.0,0.0,17.0,1.06,93,33,0,89,-32.45885056391754
2025-09-14 00:00:00,2025-09-13 23:10:00,0.0,0.0,0.0,0.0,0.0,16.9,1.31,99,53,0,98,-38.21339282937469
2025-09-14 01:00:00,2025-09-14 00:10:00,0.0,0.0,0.0,0.0,0.0,16.9,1.2,95,43,6,91,-40.92021174470405
2025-09-14 02:00:00,2025-09-14 01:10:00,0.0,0.0,0.0,0.0,0.0,16.5,1.5,100,100,1,100,-40.05093910411116
2025-09-14 03:00:00,2025-09-14 02:10:00,0.0,0.0,0.0,0.0,0.0,16.9,1.81,100,100,8,35,-35.786984337186446
2025-09-14 04:00:00,2025-09-14 03:10:00,0.0,0.0,0.0,0.0,0.0,16.9,0.96,100,100,17,33,-28.877341442196595
2025-09-14 05:00:00,2025-09-14 04:10:00,0.0,0.0,0.0,0.0,0.0,17.0,1.1,89,81,41,0,-20.17642962591079
2025-09-14 06:00:00,2025-09-14 05:10:00,0.0,0.0,0.0,0.0,0.0,17.0,1.04,64,62,3,0,-10.377012098416865
2025-09-14 07:00:00,2025-09-14 06:10:00,1626.874755859375,20.0,20.0,15.0,45.2,16.7,0.22,97,51,0,94,0.010209216387331797
2025-09-14 08:00:00,2025-09-14 07:10:00,4266.22607421875,107.0,107.0,83.0,100.9,17.4,1.03,100,62,1,100,10.584720591954166
2025-09-14 09:00:00,2025-09-14 08:10:00,5649.73681640625,198.0,198.0,149.0,120.7,18.3,1.0,100,57,0,100,20.970216550432042
2025-09-14 10:00:00,2025-09-14 09:10:00,16101.8486328125,366.0,366.0,177.0,344.4,19.6,0.34,39,39,0,0,30.721612367603647
2025-09-14 11:00:00,2025-09-14 10:10:00,18735.42578125,555.0,555.0,150.0,616.3,21.4,0.6,90,10,2,88,39.21244588627023
2025-09-14 12:00:00,2025-09-14 11:10:00,18734.49609375,648.0,648.0,167.0,665.0,22.5,1.13,98,4,4,98,45.52746288478159
2025-09-14 13:00:00,2025-09-14 12:10:00,20567.970703125,677.0,677.0,164.0,690.5,23.5,1.45,87,2,9,85,48.54440057094792
2025-09-14 14:00:00,2025-09-14 13:10:00,16667.31640625,605.0,605.0,165.0,615.8,24.9,1.99,95,17,9,94,47.50903713247095
2025-09-14 15:00:00,2025-09-14 14:10:00,12041.26953125,511.0,511.0,158.0,551.4,25.0,2.11,83,15,5,79,42.69846073482892
2025-09-14 16:00:00,2025-09-14 15:10:00,9359.6865234375,409.0,409.0,147.0,499.3,24.9,1.96,60,2,5,57,35.15298221528182
2025-09-14 17:00:00,2025-09-14 16:10:00,4756.62744140625,254.0,254.0,109.0,385.4,24.7,2.04,28,2,7,21,25.92629148170822
2025-09-14 18:00:00,2025-09-14 17:10:00,747.9511108398438,120.0,120.0,62.0,283.4,24.0,1.28,13,1,12,0,15.779203305161044
2025-09-14 19:00:00,2025-09-14 18:10:00,229.0730743408203,16.0,16.0,11.0,53.6,22.2,0.87,11,6,5,0,5.2307143058190135
2025-09-14 20:00:00,2025-09-14 19:10:00,0.0,0.0,0.0,0.0,0.0,21.1,0.85,4,1,4,0,-5.322845907951433
2025-09-14 21:00:00,2025-09-14 20:10:00,0.0,0.0,0.0,0.0,0.0,20.3,1.2,3,0,3,0,-15.506226580810369
2025-09-14 22:00:00,2025-09-14 21:10:00,0.0,0.0,0.0,0.0,0.0,19.2,0.83,4,0,4,0,-24.876872896569207
2025-09-14 23:00:00,2025-09-14 22:10:00,0.0,0.0,0.0,0.0,0.0,18.4,0.43,29,0,2,27,-32.84071350535557
2025-09-15 00:00:00,2025-09-14 23:10:00,0.0,0.0,0.0,0.0,0.0,17.9,0.05,17,0,1,16,-38.60653947851363
2025-09-15 01:00:00,2025-09-15 00:10:00,0.0,0.0,0.0,0.0,0.0,17.2,0.07,8,0,1,7,-41.307784022398884
2025-09-15 02:00:00,2025-09-15 01:10:00,0.0,0.0,0.0,0.0,0.0,17.5,0.3,2,0,0,2,-40.41040208782119
2025-09-15 03:00:00,2025-09-15 02:10:00,0.0,0.0,0.0,0.0,0.0,16.7,0.47,0,0,0,0,-36.10391150875319
2025-09-15 04:00:00,2025-09-15 03:10:00,0.0,0.0,0.0,0.0,0.0,16.1,0.34,7,0,0,6,-29.151397592695115
2025-09-15 05:00:00,2025-09-15 04:10:00,0.0,0.0,0.0,0.0,0.0,15.9,0.25,4,4,0,0,-20.416166166475634
2025-09-15 06:00:00,2025-09-15 05:10:00,0.0,0.0,0.0,0.0,0.0,15.9,0.16,10,10,0,0,-10.59379881830771
2025-09-15 07:00:00,2025-09-15 06:10:00,2312.4892578125,28.0,28.0,16.0,110.2,16.5,0.57,97,97,0,0,-0.1952024885828517
2025-09-15 08:00:00,2025-09-15 07:10:00,8413.9140625,159.0,159.0,61.0,418.3,18.1,0.21,16,16,0,0,10.379170069980312
2025-09-15 09:00:00,2025-09-15 08:10:00,14169.34765625,322.0,322.0,92.0,571.9,20.3,0.46,9,9,0,0,20.75241795288941
2025-09-15 10:00:00,2025-09-15 09:10:00,18687.158203125,480.0,480.0,104.0,689.9,22.3,1.08,9,9,0,0,30.478197302794857
2025-09-15 11:00:00,2025-09-15 10:10:00,20555.234375,575.0,575.0,134.0,675.2,23.8,1.4,0,0,0,0,38.929460548797806
2025-09-15 12:00:00,2025-09-15 11:10:00,19565.91015625,570.0,570.0,172.0,553.5,24.8,1.46,12,8,0,4,45.19532694707531
2025-09-15 13:00:00,2025-09-15 12:10:00,16995.671875,545.0,545.0,225.0,433.4,25.5,2.42,41,30,12,4,48.16879393094617
2025-09-15 14:00:00,2025-09-15 13:10:00,13915.103515625,489.0,489.0,207.0,397.3,25.5,2.73,81,42,3,67,47.1148786224119
2025-09-15 15:00:00,2025-09-15 14:10:00,8802.0107421875,443.0,443.0,187.0,403.1,25.6,3.22,86,41,9,73,42.31170820721575
2025-09-15 16:00:00,2025-09-15 15:10:00,8014.22705078125,360.0,360.0,135.0,433.2,25.5,3.67,84,37,3,74,34.78445195958955
2025-09-15 17:00:00,2025-09-15 16:10:00,3523.749267578125,219.0,219.0,108.0,299.5,25.0,3.85,71,17,32,48,25.57465644097116
2025-09-15 18:00:00,2025-09-15 17:10:00,599.228271484375,102.0,102.0,57.0,226.3,24.0,3.55,51,20,2,38,15.438367084577271
2025-09-15 19:00:00,2025-09-15 18:10:00,222.84820556640625,12.0,12.0,9.0,33.2,22.6,2.62,52,41,11,8,4.893539440173273
2025-09-15 20:00:00,2025-09-15 19:10:00,0.0,0.0,0.0,0.0,0.0,21.8,1.25,49,48,2,0,-5.663386760098457
2025-09-15 21:00:00,2025-09-15 20:10:00,0.0,0.0,0.0,0.0,0.0,21.1,1.33,18,17,1,0,-15.856678615099595
2025-09-15 22:00:00,2025-09-15 21:10:00,0.0,0.0,0.0,0.0,0.0,20.6,1.17,7,5,2,0,-25.242560695297577
2025-09-15 23:00:00,2025-09-15 22:10:00,0.0,0.0,0.0,0.0,0.0,19.8,0.7,5,3,2,0,-33.22356894773701
2025-09-16 00:00:00,2025-09-15 23:10:00,0.0,0.0,0.0,0.0,0.0,19.2,0.97,4,2,1,0,-39.000796234668506
2025-09-16 01:00:00,2025-09-16 00:10:00,0.0,0.0,0.0,0.0,0.0,18.4,0.81,3,2,1,0,-41.696369758725766
2025-09-16 02:00:00,2025-09-16 01:10:00,0.0,0.0,0.0,0.0,0.0,18.7,0.14,1,0,1,0,-40.77047581447357
2025-09-16 03:00:00,2025-09-16 02:10:00,0.0,0.0,0.0,0.0,0.0,18.2,0.59,1,0,1,0,-36.42100942321569
2025-09-16 04:00:00,2025-09-16 03:10:00,0.0,0.0,0.0,0.0,0.0,17.9,0.82,1,0,1,0,-29.425417945717296
2025-09-16 05:00:00,2025-09-16 04:10:00,0.0,0.0,0.0,0.0,0.0,17.2,0.89,0,0,0,0,-20.655915925965434
2025-09-16 06:00:00,2025-09-16 05:10:00,0.0,0.0,0.0,0.0,0.0,16.5,1.15,87,0,0,87,-10.810818279363936
2025-09-16 07:00:00,2025-09-16 06:10:00,2144.70556640625,23.0,23.0,18.0,46.7,16.9,1.91,30,17,0,15,-0.4011642079670156
2025-09-16 08:00:00,2025-09-16 07:10:00,7154.41064453125,138.0,138.0,72.0,286.2,18.5,1.11,55,12,0,49,10.17269908539315
2025-09-16 09:00:00,2025-09-16 08:10:00,12161.7705078125,291.0,291.0,112.0,449.3,20.6,0.95,80,1,0,80,20.53331192467711
2025-09-16 10:00:00,2025-09-16 09:10:00,18305.7109375,462.0,462.0,135.0,604.3,23.0,0.38,1,0,0,1,30.23313140518112
2025-09-16 11:00:00,2025-09-16 10:10:00,20514.720703125,591.0,591.0,130.0,710.3,25.1,0.73,0,0,0,0,38.64464469772792
2025-09-16 12:00:00,2025-09-16 11:10:00,22060.28515625,692.0,692.0,104.0,822.7,26.6,1.17,21,0,0,21,44.86150070556595
2025-09-16 13:00:00,2025-09-16 12:10:00,21906.416015625,716.0,716.0,106.0,831.3,27.7,1.73,45,0,0,45,47.79189703285765
2025-09-16 14:00:00,2025-09-16 13:10:00,15736.294921875,594.0,594.0,243.0,498.0,28.5,2.06,100,0,3,100,46.71966486033827
2025-09-16 15:00:00,2025-09-16 14:10:00,13115.56640625,535.0,535.0,174.0,573.2,28.9,1.92,100,1,3,100,41.92383732094264
2025-09-16 16:00:00,2025-09-16 15:10:00,9967.47265625,426.0,426.0,127.0,581.8,28.6,1.87,100,0,2,100,34.41471568590279
2025-09-16 17:00:00,2025-09-16 16:10:00,4360.55517578125,255.0,255.0,128.0,348.0,27.8,1.61,99,0,0,99,25.22184043339034
2025-09-16 18:00:00,2025-09-16 17:10:00,552.935302734375,112.0,112.0,70.0,217.6,26.4,1.86,100,0,1,100,15.09646224987059
2025-09-16 19:00:00,2025-09-16 18:10:00,218.14434814453125,12.0,12.0,11.0,11.4,24.2,1.15,100,0,0,100,4.555439872984987
2025-09-16 20:00:00,2025-09-16 19:10:00,0.0,0.0,0.0,0.0,0.0,23.0,1.13,100,0,1,100,-6.004723378075595
2025-09-16 21:00:00,2025-09-16 20:10:00,0.0,0.0,0.0,0.0,0.0,22.1,0.5,100,0,1,100,-16.20785264211361
2025-09-16 22:00:00,2025-09-16 21:10:00,0.0,0.0,0.0,0.0,0.0,21.4,0.18,100,0,0,100,-25.608988670935087
2025-09-16 23:00:00,2025-09-16 22:10:00,0.0,0.0,0.0,0.0,0.0,20.1,0.57,100,0,0,100,-33.60728509356039
2025-09-17 00:00:00,2025-09-16 23:10:00,0.0,0.0,0.0,0.0,0.0,19.2,1.23,99,0,0,99,-39.39604739302013
2025-09-17 01:00:00,2025-09-17 00:10:00,0.0,0.0,0.0,0.0,0.0,18.2,1.05,100,0,2,100,-42.08587250547799
2025-09-17 02:00:00,2025-09-17 01:10:00,0.0,0.0,0.0,0.0,0.0,17.8,0.64,100,0,5,100,-41.131082050118
2025-09-17 03:00:00,2025-09-17 02:10:00,0.0,0.0,0.0,0.0,0.0,16.9,0.67,96,0,0,96,-36.738220610968185
2025-09-17 04:00:00,2025-09-17 03:10:00,0.0,0.0,0.0,0.0,0.0,16.4,0.71,100,0,4,100,-29.69936803313393
2025-09-17 05:00:00,2025-09-17 04:10:00,0.0,0.0,0.0,0.0,0.0,16.1,0.65,99,1,2,99,-20.895664550123346
2025-09-17 06:00:00,2025-09-17 05:10:00,0.0,0.0,0.0,0.0,0.0,16.0,1.16,99,0,3,99,-11.02807051479985
2025-09-17 07:00:00,2025-09-17 06:10:00,2095.64208984375,24.0,24.0,17.0,66.5,16.2,2.09,99,1,5,99,-0.6076841673926593
2025-09-17 08:00:00,2025-09-17 07:10:00,6497.52490234375,143.0,143.0,70.0,321.6,17.7,2.59,100,100,7,99,9.965297493744622
2025-09-17 09:00:00,2025-09-17 08:10:00,8497.0595703125,215.0,215.0,117.0,248.3,18.9,2.96,100,100,0,100,20.31289342277327
2025-09-17 10:00:00,2025-09-17 09:10:00,8569.435546875,273.0,273.0,169.0,193.6,20.1,3.4,100,100,0,99,29.986423321480412
2025-09-17 11:00:00,2025-09-17 10:10:00,11761.353515625,400.0,400.0,202.0,307.0,21.5,3.11,100,97,0,99,38.358030184476206
2025-09-17 12:00:00,2025-09-17 11:10:00,14618.349609375,479.0,479.0,234.0,344.9,22.1,2.75,100,42,0,100,44.526044655446654
2025-09-17 13:00:00,2025-09-17 12:10:00,15254.234375,516.0,516.0,257.0,355.2,22.5,2.48,98,10,0,98,47.413795760965705
2025-09-17 14:00:00,2025-09-17 13:10:00,15198.703125,531.0,531.0,199.0,474.4,23.6,1.99,22,8,3,13,46.32350408392632
2025-09-17 15:00:00,2025-09-17 14:10:00,8563.6591796875,410.0,410.0,221.0,302.6,23.6,1.69,100,8,1,100,41.53497549335709
2025-09-17 16:00:00,2025-09-17 15:10:00,7848.36474609375,371.0,371.0,135.0,464.2,23.7,1.39,86,5,3,86,34.04391130971861
2025-09-17 17:00:00,2025-09-17 16:10:00,3241.157470703125,237.0,237.0,93.0,400.9,23.2,1.26,97,11,6,96,24.867985206483713
2025-09-17 18:00:00,2025-09-17 17:10:00,518.5519409179688,106.0,106.0,54.0,277.8,22.4,1.06,99,5,4,99,14.753631844394322
2025-09-17 19:00:00,2025-09-17 18:10:00,229.2142333984375,11.0,11.0,8.0,35.5,21.2,0.96,94,1,1,93,4.216559469131064
2025-09-17 20:00:00,2025-09-17 19:10:00,0.0,0.0,0.0,0.0,0.0,20.9,1.13,64,0,0,64,-6.346711170962737
2025-09-17 21:00:00,2025-09-17 20:10:00,0.0,0.0,0.0,0.0,0.0,20.4,1.08,3,2,0,2,-16.559604183533704
2025-09-17 22:00:00,2025-09-17 21:10:00,0.0,0.0,0.0,0.0,0.0,19.8,1.13,5,1,0,4,-25.976015240820463
2025-09-17 23:00:00,2025-09-17 22:10:00,0.0,0.0,0.0,0.0,0.0,19.0,0.82,13,4,0,9,-33.991729149895335
2025-09-18 00:00:00,2025-09-17 23:10:00,0.0,0.0,0.0,0.0,0.0,18.4,0.82,7,6,0,1,-39.792176643180134
2025-09-18 01:00:00,2025-09-18 00:10:00,0.0,0.0,0.0,0.0,0.0,17.9,0.99,15,11,0,4,-42.476195882616594
2025-09-18 02:00:00,2025-09-18 01:10:00,0.0,0.0,0.0,0.0,0.0,17.5,0.5,15,5,0,11,-41.49214329828635
2025-09-18 03:00:00,2025-09-18 02:10:00,0.0,0.0,0.0,0.0,0.0,17.0,0.35,9,3,0,6,-37.05548885223485
2025-09-18 04:00:00,2025-09-18 03:10:00,0.0,0.0,0.0,0.0,0.0,16.6,0.49,4,1,0,4,-29.97321481901604
2025-09-18 05:00:00,2025-09-18 04:10:00,0.0,0.0,0.0,0.0,0.0,16.2,0.36,6,3,0,3,-21.135398941073426
2025-09-18 06:00:00,2025-09-18 05:10:00,0.0,0.0,0.0,0.0,0.0,15.9,0.11,1,1,0,1,-11.245556408670309
2025-09-18 07:00:00,2025-09-18 06:10:00,2445.2978515625,23.0,23.0,15.0,77.4,16.3,0.07,6,1,0,5,-0.8147709157738339
2025-09-18 08:00:00,2025-09-18 07:10:00,8492.509765625,146.0,146.0,60.0,385.1,18.1,0.25,0,0,0,0,9.756955427054946
2025-09-18 09:00:00,2025-09-18 08:10:00,14078.927734375,310.0,310.0,85.0,575.6,20.9,0.5,0,0,0,0,20.091158321397515
2025-09-18 10:00:00,2025-09-18 09:10:00,18212.73828125,463.0,463.0,98.0,684.4,22.8,1.19,11,0,0,11,29.73808321797706
2025-09-18 11:00:00,2025-09-18 10:10:00,20741.87890625,586.0,586.0,108.0,745.9,23.9,1.27,0,0,0,0,38.069650730181436
2025-09-18 12:00:00,2025-09-18 11:10:00,21706.916015625,659.0,659.0,119.0,764.9,25.0,1.0,33,1,0,32,44.189020983846575
2025-09-18 13:00:00,2025-09-18 12:10:00,19485.958984375,616.0,616.0,153.0,639.1,25.9,0.68,58,20,0,47,47.03457710493774
2025-09-18 14:00:00,2025-09-18 13:10:00,16753.892578125,591.0,591.0,172.0,603.0,26.4,0.76,74,56,0,40,45.926505047636944
2025-09-18 15:00:00,2025-09-18 14:10:00,12374.65625,502.0,502.0,157.0,557.0,26.9,0.65,69,45,0,44,41.145250386519976
2025-09-18 16:00:00,2025-09-18 15:10:00,10562.58203125,426.0,426.0,99.0,650.2,27.0,0.67,71,50,0,41,33.672177091827265
2025-09-18 17:00:00,2025-09-18 16:10:00,4898.4228515625,277.0,277.0,79.0,560.1,26.4,1.5,53,17,0,43,24.513233047844945
2025-09-18 18:00:00,2025-09-18 17:10:00,501.36688232421875,110.0,110.0,49.0,336.4,24.9,1.81,4,1,0,3,14.410019593418458
2025-09-18 19:00:00,2025-09-18 18:10:00,237.77545166015625,10.0,10.0,7.0,36.8,23.0,1.05,5,3,0,2,3.8770428646242063
2025-09-18 20:00:00,2025-09-18 19:10:00,0.0,0.0,0.0,0.0,0.0,21.9,0.6,6,6,0,0,-6.689204702270849
2025-09-18 21:00:00,2025-09-18 20:10:00,0.0,0.0,0.0,0.0,0.0,21.5,0.11,3,3,0,0,-16.911787828091388
2025-09-18 22:00:00,2025-09-18 21:10:00,0.0,0.0,0.0,0.0,0.0,21.2,0.05,0,0,0,0,-26.343497806320688
2025-09-18 23:00:00,2025-09-18 22:10:00,0.0,0.0,0.0,0.0,0.0,20.9,0.05,0,0,0,0,-34.37676734899571
2025-09-19 00:00:00,2025-09-18 23:10:00,0.0,0.0,0.0,0.0,0.0,20.2,0.11,0,0,0,0,-40.18906706782044
2025-09-19 01:00:00,2025-09-19 00:10:00,0.0,0.0,0.0,0.0,0.0,19.5,0.28,0,0,0,0,-42.867243569155036
2025-09-19 02:00:00,2025-09-19 01:10:00,0.0,0.0,0.0,0.0,0.0,18.4,0.34,0,0,0,0,-41.85358278411869
2025-09-19 03:00:00,2025-09-19 02:10:00,0.0,0.0,0.0,0.0,0.0,17.6,0.25,0,0,0,0,-37.372759142847755
2025-09-19 04:00:00,2025-09-19 03:10:00,0.0,0.0,0.0,0.0,0.0,16.8,0.43,0,0,0,0,-30.246926636139825
2025-09-19 05:00:00,2025-09-19 04:10:00,0.0,0.0,0.0,0.0,0.0,16.4,0.15,2,2,0,0,-21.37510716520274
2025-09-19 06:00:00,2025-09-19 05:10:00,0.0,0.0,0.0,0.0,0.0,15.9,0.36,5,5,0,0,-11.463277582874742
2025-09-19 07:00:00,2025-09-19 06:10:00,2155.469482421875,22.0,22.0,14.0,78.8,16.2,0.74,10,10,0,0,-1.0224331997789113
2025-09-19 08:00:00,2025-09-19 07:10:00,8258.1884765625,147.0,147.0,57.0,409.8,18.5,0.35,11,11,0,0,9.547663423975063
2025-09-19 09:00:00,2025-09-19 08:10:00,14345.0947265625,312.0,312.0,81.0,596.7,21.5,0.15,5,5,0,0,19.868103537269082
2025-09-19 10:00:00,2025-09-19 09:10:00,18588.34765625,467.0,467.0,94.0,704.6,23.9,0.3,0,0,0,0,29.48812288705945
2025-09-19 11:00:00,2025-09-19 10:10:00,21179.46484375,588.0,588.0,103.0,761.8,25.5,0.92,12,0,0,12,37.77954199764731
2025-09-19 12:00:00,2025-09-19 11:10:00,21789.87890625,663.0,663.0,108.0,791.1,26.9,1.3,5,0,0,5,43.850493605292705
2025-09-19 13:00:00,2025-09-19 12:10:00,21844.826171875,684.0,684.0,109.0,798.9,27.8,1.5,11,0,0,11,46.654329176720246
2025-09-19 14:00:00,2025-09-19 13:10:00,19862.427734375,651.0,651.0,107.0,788.5,28.5,1.65,49,0,0,49,45.52877702650212
2025-09-19 15:00:00,2025-09-19 14:10:00,15908.0263671875,557.0,557.0,115.0,719.8,28.5,1.63,32,0,0,32,40.754789883509254
2025-09-19 16:00:00,2025-09-19 15:10:00,10464.4306640625,415.0,415.0,113.0,607.2,28.3,1.52,41,0,0,41,33.29965158248383
2025-09-19 17:00:00,2025-09-19 16:10:00,4692.775390625,263.0,263.0,87.0,506.0,27.7,1.72,32,0,0,32,24.157726708747568
2025-09-19 18:00:00,2025-09-19 17:10:00,514.5186767578125,111.0,111.0,50.0,347.6,26.4,1.7,8,0,1,8,14.06576981879378
2025-09-19 19:00:00,2025-09-19 18:10:00,232.41006469726562,9.0,9.0,7.0,25.4,24.7,1.52,13,0,2,11,3.537035379989394
2025-09-19 20:00:00,2025-09-19 19:10:00,0.0,0.0,0.0,0.0,0.0,23.5,0.91,69,0,3,68,-7.032057771818702
2025-09-19 21:00:00,2025-09-19 20:10:00,0.0,0.0,0.0,0.0,0.0,22.5,0.41,72,0,1,72,-17.26425730172951
2025-09-19 22:00:00,2025-09-19 21:10:00,0.0,0.0,0.0,0.0,0.0,22.0,0.16,64,0,0,64,-26.711292802220175
2025-09-19 23:00:00,2025-09-19 22:10:00,0.0,0.0,0.0,0.0,0.0,21.4,0.1,13,0,0,13,-34.76226496937757
2025-09-20 00:00:00,2025-09-19 23:10:00,0.0,0.0,0.0,0.0,0.0,21.0,0.18,50,0,0,50,-40.586601140255326
2025-09-20 01:00:00,2025-09-20 00:10:00,0.0,0.0,0.0,0.0,0.0,20.4,0.41,81,0,0,81,-43.25891929203258
2025-09-20 02:00:00,2025-09-20 01:10:00,0.0,0.0,0.0,0.0,0.0,19.0,0.32,17,0,0,17,-42.215324435859934
2025-09-20 03:00:00,2025-09-20 02:10:00,0.0,0.0,0.0,0.0,0.0,18.5,0.25,17,0,0,17,-37.689977656669335
2025-09-20 04:00:00,2025-09-20 03:10:00,0.0,0.0,0.0,0.0,0.0,18.1,0.18,6,0,0,6,-30.520473118812188
2025-09-20 05:00:00,2025-09-20 04:10:00,0.0,0.0,0.0,0.0,0.0,17.8,0.51,0,0,0,0,-21.614778357773844
2025-09-20 06:00:00,2025-09-20 05:10:00,0.0,0.0,0.0,0.0,0.0,17.5,0.61,0,0,0,0,-11.681236281753138
2025-09-20 07:00:00,2025-09-20 06:10:00,2163.220703125,20.0,20.0,13.0,70.2,18.0,0.85,0,0,0,0,-1.230679836949619
2025-09-20 08:00:00,2025-09-20 07:10:00,8404.6416015625,141.0,141.0,56.0,393.7,20.0,0.6,1,0,0,1,9.337412560085362
2025-09-20 09:00:00,2025-09-20 08:10:00,13618.8154296875,300.0,300.0,83.0,566.1,22.8,0.5,3,0,0,3,19.643727153599382
2025-09-20 10:00:00,2025-09-20 09:10:00,18474.3828125,453.0,453.0,97.0,677.6,25.0,0.27,0,0,0,0,29.23655585103503
2025-09-20 11:00:00,2025-09-20 10:10:00,20607.916015625,573.0,573.0,104.0,741.5,26.5,0.72,0,0,0,0,37.4877416597015
2025-09-20 12:00:00,2025-09-20 11:10:00,21780.63671875,650.0,650.0,107.0,778.9,27.5,1.01,0,0,0,0,43.510528194017844
2025-09-20 13:00:00,2025-09-20 12:10:00,21867.2734375,678.0,678.0,106.0,800.0,28.3,1.12,0,0,0,0,46.27314122513306
2025-09-20 14:00:00,2025-09-20 13:10:00,19286.716796875,621.0,621.0,121.0,730.0,28.2,0.62,8,1,3,3,45.13042981854194
2025-09-20 15:00:00,2025-09-20 14:10:00,14527.5546875,527.0,527.0,121.0,666.9,28.5,1.0,35,11,21,14,40.363722064834135
2025-09-20 16:00:00,2025-09-20 15:10:00,9581.7119140625,351.0,351.0,113.0,483.9,28.0,1.58,36,2,25,13,32.92647356651286
2025-09-20 17:00:00,2025-09-20 16:10:00,3752.7138671875,235.0,235.0,87.0,432.6,27.4,1.7,26,14,20,6,23.80160932846855
2025-09-20 18:00:00,2025-09-20 17:10:00,340.45806884765625,90.0,90.0,45.0,265.2,26.6,1.26,30,17,20,6,13.721027353689616
2025-09-20 19:00:00,2025-09-20 18:10:00,238.98464965820312,7.0,7.0,6.0,13.2,25.0,0.92,36,24,27,1,3.1966829330106794
2025-09-20 20:00:00,2025-09-20 19:10:00,0.0,0.0,0.0,0.0,0.0,24.1,1.38,95,94,31,0,-7.375123498864635
2025-09-20 21:00:00,2025-09-20 20:10:00,0.0,0.0,0.0,0.0,0.0,23.5,1.18,99,95,99,0,-17.616865539430464
2025-09-20 22:00:00,2025-09-20 21:10:00,0.0,0.0,0.0,0.0,0.0,23.2,1.27,6,0,6,0,-27.079255747682506
2025-09-20 23:00:00,2025-09-20 22:10:00,0.0,0.0,0.0,0.0,0.0,22.8,1.41,15,2,13,0,-35.148086357483166
2025-09-21 00:00:00,2025-09-20 23:10:00,0.0,0.0,0.0,0.0,0.0,22.2,1.3,23,3,20,0,-40.984660721045564
2025-09-21 01:00:00,2025-09-21 00:10:00,0.0,0.0,0.0,0.0,0.0,21.8,1.43,39,2,38,0,-43.6511268130108
2025-09-21 02:00:00,2025-09-21 01:10:00,0.0,0.0,0.0,0.0,0.0,21.6,2.41,13,0,12,0,-42.57729286378054
2025-09-21 03:00:00,2025-09-21 02:10:00,0.0,0.0,0.0,0.0,0.0,21.0,1.78,18,7,17,0,-38.00709170476777
2025-09-21 04:00:00,2025-09-21 03:10:00,0.0,0.0,0.0,0.0,0.0,20.4,1.61,26,19,24,0,-30.793825132212227
2025-09-21 05:00:00,2025-09-21 04:10:00,0.0,0.0,0.0,0.0,0.0,20.0,1.55,26,23,20,0,-21.854402624545717
2025-09-21 06:00:00,2025-09-21 05:10:00,0.0,0.0,0.0,0.0,0.0,19.6,1.56,17,11,7,0,-11.899435254607527
2025-09-21 07:00:00,2025-09-21 06:10:00,2042.4190673828125,18.0,18.0,12.0,61.3,19.6,1.24,11,11,0,0,-1.4395195878359108
2025-09-21 08:00:00,2025-09-21 07:10:00,7938.18701171875,135.0,135.0,64.0,334.7,20.6,1.13,13,11,2,0,9.126194577950557
2025-09-21 09:00:00,2025-09-21 08:10:00,12943.84765625,279.0,279.0,109.0,448.0,22.1,1.45,18,17,2,0,19.41802854244626
2025-09-21 10:00:00,2025-09-21 09:10:00,16427.83984375,368.0,368.0,144.0,429.6,23.5,2.16,21,18,4,0,28.983397462902918
2025-09-21 11:00:00,2025-09-21 10:10:00,17813.158203125,438.0,438.0,156.0,448.9,24.4,2.15,19,9,12,0,37.19428946376811
2025-09-21 12:00:00,2025-09-21 11:10:00,18722.9140625,518.0,518.0,160.0,516.9,25.5,1.74,20,7,14,0,43.169192213021155
2025-09-21 13:00:00,2025-09-21 12:10:00,18878.341796875,561.0,561.0,174.0,544.9,26.5,1.61,39,17,28,0,45.89110364810591
2025-09-21 14:00:00,2025-09-21 13:10:00,7212.23974609375,330.0,330.0,202.0,188.3,26.0,2.59,100,9,29,100,44.73157374573898
2025-09-21 15:00:00,2025-09-21 14:10:00,4181.57861328125,208.0,208.0,193.0,24.9,25.0,1.15,100,71,59,100,39.972175184844396
2025-09-21 16:00:00,2025-09-21 15:10:00,4208.24755859375,179.0,179.0,164.0,30.8,22.6,2.17,100,77,73,100,32.552782009256184
2025-09-21 17:00:00,2025-09-21 16:10:00,1787.8291015625,92.0,92.0,91.0,3.0,20.7,2.25,100,5,18,100,23.445024359298877
2025-09-21 18:00:00,2025-09-21 17:10:00,227.185546875,29.0,29.0,29.0,0.0,20.0,2.33,100,41,64,100,13.375937457407487
2025-09-21 19:00:00,2025-09-21 18:10:00,194.35780334472656,2.0,2.0,2.0,0.0,19.5,1.73,100,18,32,100,2.856131950853851
2025-09-21 20:00:00,2025-09-21 19:10:00,0.0,0.0,0.0,0.0,0.0,19.2,1.88,100,40,20,100,-7.718254406509183
2025-09-21 21:00:00,2025-09-21 20:10:00,0.0,0.0,0.0,0.0,0.0,18.9,2.67,100,41,24,100,-17.969464758772318
2025-09-21 22:00:00,2025-09-21 21:10:00,0.0,0.0,0.0,0.0,0.0,18.9,2.84,100,35,57,100,-27.44724129889838
2025-09-21 23:00:00,2025-09-21 22:10:00,0.0,0.0,0.0,0.0,0.0,18.8,2.68,100,10,43,100,-35.534094950061615
2025-09-22 00:00:00,2025-09-21 23:10:00,0.0,0.0,0.0,0.0,0.0,18.4,2.79,100,57,100,100,-41.38312705370453
2025-09-22 01:00:00,2025-09-22 00:10:00,0.0,0.0,0.0,0.0,0.0,18.1,2.57,100,95,99,100,-44.04376991363563
2025-09-22 02:00:00,2025-09-22 01:10:00,0.0,0.0,0.0,0.0,0.0,17.4,2.01,100,72,100,100,-42.93941333658512
2025-09-22 03:00:00,2025-09-22 02:10:00,0.0,0.0,0.0,0.0,0.0,17.5,1.45,100,45,100,100,-38.32404969146647
2025-09-22 04:00:00,2025-09-22 03:10:00,0.0,0.0,0.0,0.0,0.0,17.4,1.93,100,100,100,100,-31.066954698457256
2025-09-22 05:00:00,2025-09-22 04:10:00,0.0,0.0,0.0,0.0,0.0,17.4,2.4,100,19,100,100,-22.09397094069323
2025-09-22 06:00:00,2025-09-22 05:10:00,0.0,0.0,0.0,0.0,0.0,17.1,1.91,100,100,58,100,-12.117877636490515
2025-09-22 07:00:00,2025-09-22 06:10:00,1051.003662109375,8.0,8.0,8.0,0.0,17.1,1.98,100,100,13,100,-1.6489610275179811
2025-09-22 08:00:00,2025-09-22 07:10:00,3820.159423828125,87.0,87.0,72.0,72.0,17.6,1.5,100,24,1,100,8.914002016548519
2025-09-22 09:00:00,2025-09-22 08:10:00,8248.1787109375,215.0,215.0,146.0,183.7,18.7,1.75,99,98,0,54,19.191008485060586
2025-09-22 10:00:00,2025-09-22 09:10:00,14591.4814453125,433.0,433.0,128.0,589.5,20.3,1.27,100,100,1,0,28.72866500377572
2025-09-22 11:00:00,2025-09-22 10:10:00,16111.869140625,493.0,493.0,162.0,530.5,21.4,1.01,63,54,21,0,36.899227292462484
2025-09-22 12:00:00,2025-09-22 11:10:00,17666.36328125,488.0,488.0,187.0,437.4,21.8,0.89,36,17,28,0,42.82655493979609
2025-09-22 13:00:00,2025-09-22 12:10:00,17802.486328125,452.0,452.0,212.0,340.2,22.0,0.96,25,8,23,0,45.50830800250845
2025-09-22 14:00:00,2025-09-22 13:10:00,11099.67578125,418.0,418.0,190.0,337.9,21.0,1.8,79,72,52,1,44.332319653504605
2025-09-22 15:00:00,2025-09-22 14:10:00,7915.79931640625,265.0,265.0,169.0,160.5,20.5,1.54,72,53,47,19,39.58027764802776
2025-09-22 16:00:00,2025-09-22 15:10:00,5356.541015625,169.0,169.0,111.0,120.6,20.4,1.23,54,31,38,3,32.1787160032772
2025-09-22 17:00:00,2025-09-22 16:10:00,3874.3056640625,199.0,199.0,97.0,308.4,20.5,1.75,22,6,20,0,23.08811549220617
2025-09-22 18:00:00,2025-09-22 17:10:00,278.74774169921875,63.0,63.0,40.0,143.1,19.5,1.9,40,19,26,3,13.030645730270097
2025-09-22 19:00:00,2025-09-22 18:10:00,232.6251983642578,4.0,4.0,3.0,14.3,18.2,2.48,49,33,25,0,2.5155292815711743
2025-09-22 20:00:00,2025-09-22 19:10:00,0.0,0.0,0.0,0.0,0.0,17.5,1.86,52,50,26,0,-8.061302507384172
2025-09-22 21:00:00,2025-09-22 20:10:00,0.0,0.0,0.0,0.0,0.0,17.5,1.29,100,100,32,0,-18.321906535274945
2025-09-22 22:00:00,2025-09-22 21:10:00,0.0,0.0,0.0,0.0,0.0,16.8,2.43,100,100,21,0,-27.815103303538248
2025-09-22 23:00:00,2025-09-22 22:10:00,0.0,0.0,0.0,0.0,0.0,16.2,2.8,100,100,53,0,-35.92015329740588
2025-09-23 00:00:00,2025-09-22 23:10:00,0.0,0.0,0.0,0.0,0.0,16.0,2.62,93,93,19,0,-41.781880759594905
2025-09-23 01:00:00,2025-09-23 00:10:00,0.0,0.0,0.0,0.0,0.0,15.9,2.26,81,80,22,0,-44.436752378312875
2025-09-23 02:00:00,2025-09-23 01:10:00,0.0,0.0,0.0,0.0,0.0,15.9,1.13,97,93,61,0,-43.301611755380044
2025-09-23 03:00:00,2025-09-23 02:10:00,0.0,0.0,0.0,0.0,0.0,15.8,1.53,100,100,61,0,-38.64080106739969
2025-09-23 04:00:00,2025-09-23 03:10:00,0.0,0.0,0.0,0.0,0.0,15.4,1.07,100,100,76,0,-31.33983491961654
2025-09-23 05:00:00,2025-09-23 04:10:00,0.0,0.0,0.0,0.0,0.0,15.7,2.48,100,100,54,1,-22.333475047325773
2025-09-23 06:00:00,2025-09-23 05:10:00,0.0,0.0,0.0,0.0,0.0,15.6,3.4,100,100,31,2,-12.336566827610968
2025-09-23 07:00:00,2025-09-23 06:10:00,1249.580322265625,3.0,3.0,3.0,0.0,15.1,3.2,100,100,22,0,-1.8590124168896762
2025-09-23 08:00:00,2025-09-23 07:10:00,2544.158935546875,25.0,25.0,25.0,0.0,15.1,2.67,100,100,31,0,8.700828339690577
2025-09-23 09:00:00,2025-09-23 08:10:00,3345.132568359375,85.0,85.0,73.0,32.3,15.9,2.95,100,100,10,0,18.962669289860994
2025-09-23 10:00:00,2025-09-23 09:10:00,7259.11865234375,148.0,148.0,137.0,21.4,16.5,2.14,50,47,21,0,28.472377776652785
2025-09-23 11:00:00,2025-09-23 10:10:00,15045.0009765625,343.0,343.0,157.0,300.1,17.9,0.88,46,40,15,0,36.60259922003223
2025-09-23 12:00:00,2025-09-23 11:10:00,18956.30859375,542.0,542.0,174.0,538.3,19.1,0.8,29,22,9,0,42.4826874886512
2025-09-23 13:00:00,2025-09-23 12:10:00,18732.716796875,573.0,573.0,181.0,559.4,19.8,1.61,26,9,18,1,45.124847011530555
2025-09-23 14:00:00,2025-09-23 13:10:00,17192.96875,554.0,554.0,137.0,622.6,21.8,1.5,31,18,19,2,43.932778908578996
2025-09-23 15:00:00,2025-09-23 14:10:00,12646.09765625,487.0,487.0,128.0,605.5,21.0,2.59,51,12,42,6,39.18815798509566
2025-09-23 16:00:00,2025-09-23 15:10:00,8159.80322265625,366.0,366.0,106.0,547.0,20.0,2.83,68,8,50,32,31.804414715738073
2025-09-23 17:00:00,2025-09-23 16:10:00,3458.396484375,215.0,215.0,92.0,378.4,17.4,2.15,69,8,59,24,22.73102658311583
2025-09-23 18:00:00,2025-09-23 17:10:00,273.24310302734375,70.0,70.0,44.0,164.7,16.2,2.35,83,10,74,29,12.685298028585905
2025-09-23 19:00:00,2025-09-23 18:10:00,224.80960083007812,3.0,3.0,3.0,0.0,14.8,2.45,81,70,19,24,2.175022104993866
2025-09-23 20:00:00,2025-09-23 19:10:00,0.0,0.0,0.0,0.0,0.0,14.5,2.06,50,22,29,19,-8.404119390643334
2025-09-23 21:00:00,2025-09-23 20:10:00,0.0,0.0,0.0,0.0,0.0,14.1,0.32,26,15,22,1,-18.674041879597063
2025-09-23 22:00:00,2025-09-23 21:10:00,0.0,0.0,0.0,0.0,0.0,14.1,1.78,10,2,8,0,-28.182694857132358
2025-09-23 23:00:00,2025-09-23 22:10:00,0.0,0.0,0.0,0.0,0.0,13.3,0.45,90,19,46,79,-36.30612308759657
2025-09-24 00:00:00,2025-09-23 23:10:00,0.0,0.0,0.0,0.0,0.0,13.1,0.52,98,55,70,92,-42.18080183211482
2025-09-24 01:00:00,2025-09-24 00:10:00,0.0,0.0,0.0,0.0,0.0,13.0,0.16,57,28,41,0,-44.8299779755539
2025-09-24 02:00:00,2025-09-24 01:10:00,0.0,0.0,0.0,0.0,0.0,13.9,1.12,35,14,5,22,-43.6638146252811
2025-09-24 03:00:00,2025-09-24 02:10:00,0.0,0.0,0.0,0.0,0.0,12.8,2.17,73,41,18,44,-38.95729627972028
2025-09-24 04:00:00,2025-09-24 03:10:00,0.0,0.0,0.0,0.0,0.0,12.4,0.82,100,100,51,53,-31.612439897906967
2025-09-24 05:00:00,2025-09-24 04:10:00,0.0,0.0,0.0,0.0,0.0,12.4,0.92,97,26,41,94,-22.572907345917372
2025-09-24 06:00:00,2025-09-24 05:10:00,0.0,0.0,0.0,0.0,0.0,12.1,1.61,99,23,26,99,-12.555506371712863
2025-09-24 07:00:00,2025-09-24 06:10:00,1353.275146484375,10.0,10.0,9.0,10.8,12.2,1.18,81,28,27,70,-2.0696815740812493
2025-09-24 08:00:00,2025-09-24 07:10:00,3638.454345703125,92.0,92.0,58.0,169.3,12.8,1.25,99,51,47,97,8.486668063052612
2025-09-24 09:00:00,2025-09-24 08:10:00,5042.658203125,136.0,136.0,104.0,87.0,12.7,1.43,96,25,61,86,18.733014907679152
2025-09-24 10:00:00,2025-09-24 09:10:00,5431.16162109375,213.0,213.0,176.0,72.7,13.6,1.86,100,10,31,100,28.214557196258752
2025-09-24 11:00:00,2025-09-24 10:10:00,8921.2099609375,363.0,363.0,207.0,253.5,15.0,0.96,99,91,42,90,36.30445156448155
2025-09-24 12:00:00,2025-09-24 11:10:00,10808.07421875,360.0,360.0,233.0,187.0,15.9,1.21,93,78,21,61,42.1376628295604
2025-09-24 13:00:00,2025-09-24 12:10:00,8399.2392578125,306.0,306.0,192.0,163.8,16.0,2.35,100,100,13,46,44.7408145695783
2025-09-24 14:00:00,2025-09-24 13:10:00,6767.4345703125,357.0,357.0,241.0,174.5,15.9,2.93,99,26,24,98,43.53306339531434
2025-09-24 15:00:00,2025-09-24 14:10:00,6884.62548828125,333.0,333.0,206.0,216.1,15.4,3.29,98,4,17,98,38.79594482876512
2025-09-24 16:00:00,2025-09-24 15:10:00,4276.6064453125,244.0,244.0,186.0,123.5,14.9,1.88,100,1,41,100,31.4300173363692
2025-09-24 17:00:00,2025-09-24 16:10:00,2720.61376953125,173.0,173.0,126.0,147.1,15.1,0.59,100,1,1,100,22.37390157977666
2025-09-24 18:00:00,2025-09-24 17:10:00,380.5791931152344,60.0,60.0,52.0,51.6,14.6,0.7,100,0,2,100,12.340040379688844
2025-09-24 19:00:00,2025-09-24 18:10:00,188.03187561035156,3.0,3.0,3.0,0.0,13.6,0.61,97,0,0,97,1.8347578430190015
2025-09-24 20:00:00,2025-09-24 19:10:00,0.0,0.0,0.0,0.0,0.0,12.8,1.43,36,1,6,32,-8.746556310267216
2025-09-24 21:00:00,2025-09-24 20:10:00,0.0,0.0,0.0,0.0,0.0,11.7,0.8,4,0,3,0,-19.025721316645594
2025-09-24 22:00:00,2025-09-24 21:10:00,0.0,0.0,0.0,0.0,0.0,11.6,1.08,0,0,0,0,-28.549868361503542
2025-09-24 23:00:00,2025-09-24 22:10:00,0.0,0.0,0.0,0.0,0.0,11.2,0.16,0,0,0,0,-36.691865171911275
2025-09-25 00:00:00,2025-09-24 23:10:00,0.0,0.0,0.0,0.0,0.0,11.4,0.16,2,0,0,2,-42.57976963028223
2025-09-25 01:00:00,2025-09-25 00:10:00,0.0,0.0,0.0,0.0,0.0,10.9,0.25,16,16,0,0,-45.22335043745537
2025-09-25 02:00:00,2025-09-25 01:10:00,0.0,0.0,0.0,0.0,0.0,9.9,0.32,9,8,0,0,-44.02594902475069
2025-09-25 03:00:00,2025-09-25 02:10:00,0.0,0.0,0.0,0.0,0.0,9.4,0.65,26,26,0,0,-39.27348671961456
2025-09-25 04:00:00,2025-09-25 03:10:00,0.0,0.0,0.0,0.0,0.0,8.9,0.3,99,99,0,1,-31.884744653317718
2025-09-25 05:00:00,2025-09-25 04:10:00,0.0,0.0,0.0,0.0,0.0,8.6,0.62,100,100,0,0,-22.812260790967624
2025-09-25 06:00:00,2025-09-25 05:10:00,0.0,0.0,0.0,0.0,0.0,8.4,0.79,100,100,0,0,-12.774699833788668
2025-09-25 07:00:00,2025-09-25 06:10:00,1785.6700439453125,13.0,13.0,10.0,33.2,8.6,0.6,100,100,0,0,-2.2809757464000526
2025-09-25 08:00:00,2025-09-25 07:10:00,6432.92138671875,110.0,110.0,67.0,218.2,9.4,0.07,100,100,0,0,8.271516879438837
2025-09-25 09:00:00,2025-09-25 08:10:00,12257.4345703125,266.0,266.0,122.0,395.7,11.2,0.83,40,36,1,6,18.502051043926222
2025-09-25 10:00:00,2025-09-25 09:10:00,17590.12890625,435.0,435.0,138.0,587.9,13.8,1.17,17,16,1,1,27.95522687467589
2025-09-25 11:00:00,2025-09-25 10:10:00,18658.302734375,548.0,548.0,143.0,662.8,15.8,1.05,14,5,0,9,36.00483293523096
2025-09-25 12:00:00,2025-09-25 11:10:00,21547.91796875,650.0,650.0,117.0,790.2,17.2,0.78,10,10,0,0,41.791555803488116
2025-09-25 13:00:00,2025-09-25 12:10:00,21889.572265625,686.0,686.0,102.0,845.1,18.2,0.76,10,9,0,1,44.3563057446564
2025-09-25 14:00:00,2025-09-25 13:10:00,18686.51953125,606.0,606.0,128.0,724.7,18.5,1.1,8,0,1,8,43.13328551029766
2025-09-25 15:00:00,2025-09-25 14:10:00,13173.865234375,506.0,506.0,119.0,664.7,18.6,1.26,35,14,19,18,38.403766889152855
2025-09-25 16:00:00,2025-09-25 15:10:00,8566.3271484375,336.0,336.0,103.0,501.9,18.0,1.59,30,15,18,5,31.0556630259553
2025-09-25 17:00:00,2025-09-25 16:10:00,3391.871826171875,190.0,190.0,77.0,360.2,16.6,1.05,60,27,56,0,22.016884449177855
2025-09-25 18:00:00,2025-09-25 17:10:00,297.58294677734375,69.0,69.0,38.0,203.9,15.6,0.73,40,7,37,1,11.995018897053068
2025-09-25 19:00:00,2025-09-25 18:10:00,232.6251983642578,2.0,2.0,2.0,0.0,14.5,2.26,48,20,46,0,1.494884069300427
2025-09-25 20:00:00,2025-09-25 19:10:00,0.0,0.0,0.0,0.0,0.0,14.0,1.6,50,19,49,0,-9.088464274693557
2025-09-25 21:00:00,2025-09-25 20:10:00,0.0,0.0,0.0,0.0,0.0,12.6,1.1,100,48,100,39,-19.376794966656504
2025-09-25 22:00:00,2025-09-25 21:10:00,0.0,0.0,0.0,0.0,0.0,11.6,2.48,100,44,100,99,-28.916475585382223
2025-09-25 23:00:00,2025-09-25 22:10:00,0.0,0.0,0.0,0.0,0.0,11.9,1.35,100,0,100,75,-37.07723959156809
2025-09-26 00:00:00,2025-09-25 23:10:00,0.0,0.0,0.0,0.0,0.0,11.9,0.98,100,36,100,99,-42.97866287183754
2025-09-26 01:00:00,2025-09-26 00:10:00,0.0,0.0,0.0,0.0,0.0,11.7,1.54,100,1,100,100,-45.61677343748316
2025-09-26 02:00:00,2025-09-26 01:10:00,0.0,0.0,0.0,0.0,0.0,12.1,2.45,100,7,100,69,-44.38794257276224
2025-09-26 03:00:00,2025-09-26 02:10:00,0.0,0.0,0.0,0.0,0.0,11.7,2.66,95,83,73,3,-39.58932466729231
2025-09-26 04:00:00,2025-09-26 03:10:00,0.0,0.0,0.0,0.0,0.0,11.5,0.7,100,90,100,92,-32.15672503892132
2025-09-26 05:00:00,2025-09-26 04:10:00,0.0,0.0,0.0,0.0,0.0,11.4,2.1,100,2,93,100,-23.051528781221812
2025-09-26 06:00:00,2025-09-26 05:10:00,0.0,0.0,0.0,0.0,0.0,11.4,0.1,100,100,100,0,-12.994150677491993
2025-09-26 07:00:00,2025-09-26 06:10:00,1264.3388671875,6.0,6.0,5.0,11.3,11.4,0.83,100,99,72,0,-2.4929014831680796
2025-09-26 08:00:00,2025-09-26 07:10:00,1734.898193359375,38.0,38.0,36.0,10.3,12.0,0.68,100,100,95,100,8.055371781904457
2025-09-26 09:00:00,2025-09-26 08:10:00,2257.357666015625,55.0,55.0,54.0,2.8,12.4,0.18,100,100,100,100,18.269785267339984
2025-09-26 10:00:00,2025-09-26 09:10:00,2464.79833984375,85.0,85.0,85.0,0.0,12.8,0.5,100,74,93,100,27.69441270251196
2025-09-26 11:00:00,2025-09-26 10:10:00,4454.5625,217.0,217.0,198.0,31.3,13.6,0.4,100,96,97,99,35.70379427618043
2025-09-26 12:00:00,2025-09-26 11:10:00,4231.37646484375,187.0,187.0,168.0,28.4,13.8,0.78,100,100,96,85,41.44444313414623
2025-09-26 13:00:00,2025-09-26 12:10:00,7084.07666015625,247.0,247.0,199.0,70.0,14.4,1.07,100,54,99,9,43.97141677821548
2025-09-26 14:00:00,2025-09-26 13:10:00,10081.2138671875,345.0,345.0,215.0,198.7,14.9,2.15,43,5,40,0,42.733558155276775
2025-09-26 15:00:00,2025-09-26 14:10:00,8625.134765625,345.0,345.0,171.0,301.7,15.2,1.78,80,54,63,0,38.01175292870438
2025-09-26 16:00:00,2025-09-26 15:10:00,5823.1806640625,214.0,214.0,133.0,176.6,14.9,1.87,80,36,72,0,30.681490865266632
2025-09-26 17:00:00,2025-09-26 16:10:00,2158.055419921875,109.0,109.0,74.0,113.6,14.6,1.46,100,52,100,0,21.660119105487436
2025-09-26 18:00:00,2025-09-26 17:10:00,264.28570556640625,33.0,33.0,24.0,60.4,13.4,1.39,83,59,70,0,11.65037969548535
2025-09-26 19:00:00,2025-09-26 18:10:00,231.1147003173828,1.0,1.0,1.0,0.0,12.9,1.44,69,38,59,0,1.1555484183535434
2025-09-26 20:00:00,2025-09-26 19:10:00,0.0,0.0,0.0,0.0,0.0,12.6,1.01,100,100,58,0,-9.42969413777982
2025-09-26 21:00:00,2025-09-26 20:10:00,0.0,0.0,0.0,0.0,0.0,12.4,1.52,100,100,95,0,-19.72711262830415
2025-09-26 22:00:00,2025-09-26 21:10:00,0.0,0.0,0.0,0.0,0.0,12.1,1.6,100,100,90,0,-29.28236772733317
2025-09-26 23:00:00,2025-09-26 22:10:00,0.0,0.0,0.0,0.0,0.0,11.9,1.3,100,100,72,0,-37.46210560598087
2025-09-27 00:00:00,2025-09-26 23:10:00,0.0,0.0,0.0,0.0,0.0,11.6,1.04,100,100,99,0,-43.37735962599391
2025-09-27 01:00:00,2025-09-27 00:10:00,0.0,0.0,0.0,0.0,0.0,11.4,1.2,100,100,100,0,-46.01015056664024
2025-09-27 02:00:00,2025-09-27 01:10:00,0.0,0.0,0.0,0.0,0.0,11.9,1.01,86,56,70,0,-44.7497233938983
2025-09-27 03:00:00,2025-09-27 02:10:00,0.0,0.0,0.0,0.0,0.0,11.7,1.47,42,0,42,0,-39.9047632346291
2025-09-27 04:00:00,2025-09-27 03:10:00,0.0,0.0,0.0,0.0,0.0,11.4,1.41,64,62,5,0,-32.42835765413896
2025-09-27 05:00:00,2025-09-27 04:10:00,0.0,0.0,0.0,0.0,0.0,11.6,1.49,87,85,15,0,-23.290705049784883
2025-09-27 06:00:00,2025-09-27 05:10:00,0.0,0.0,0.0,0.0,0.0,11.4,0.45,44,24,29,0,-13.2138621426178
2025-09-27 07:00:00,2025-09-27 06:10:00,1367.3990478515625,8.0,8.0,7.0,11.6,11.7,0.46,38,14,30,0,-2.7054645098336536
2025-09-27 08:00:00,2025-09-27 07:10:00,4279.0546875,75.0,75.0,53.0,116.2,12.2,0.9,65,16,59,0,7.838231184369336
2025-09-27 09:00:00,2025-09-27 08:10:00,9452.484375,206.0,206.0,111.0,266.9,13.4,1.95,70,40,50,0,18.036227114983593
2025-09-27 10:00:00,2025-09-27 09:10:00,12095.5634765625,268.0,268.0,168.0,201.3,14.2,2.24,56,45,20,0,27.432142925361415
2025-09-27 11:00:00,2025-09-27 10:10:00,13963.5048828125,400.0,400.0,209.0,317.1,15.1,2.18,72,70,6,0,35.401388904057384
2025-09-27 12:00:00,2025-09-27 11:10:00,12141.7607421875,390.0,390.0,237.0,230.0,15.5,2.2,65,60,12,0,41.096403436148805
2025-09-27 13:00:00,2025-09-27 12:10:00,12861.912109375,441.0,441.0,227.0,314.2,16.1,1.86,67,62,14,0,43.58624508244935
2025-09-27 14:00:00,2025-09-27 13:10:00,17168.33203125,523.0,523.0,139.0,591.5,16.7,2.13,30,16,21,0,42.333994728360295
2025-09-27 15:00:00,2025-09-27 14:10:00,11412.5888671875,445.0,445.0,136.0,540.8,16.8,2.36,41,33,13,0,37.6200317365898
2025-09-27 16:00:00,2025-09-27 15:10:00,8745.1220703125,346.0,346.0,121.0,496.7,16.5,2.07,33,17,19,0,30.307639804368247
2025-09-27 17:00:00,2025-09-27 16:10:00,3464.490966796875,189.0,189.0,79.0,364.0,15.9,2.02,51,1,50,0,21.303749338482252
2025-09-27 18:00:00,2025-09-27 17:10:00,301.354248046875,64.0,64.0,33.0,212.1,14.8,1.91,100,1,100,0,11.306268806397947
2025-09-27 19:00:00,2025-09-27 18:10:00,232.16920471191406,1.0,1.0,1.0,0.0,13.6,1.88,86,6,85,0,0.8168984940884692
2025-09-27 20:00:00,2025-09-27 19:10:00,0.0,0.0,0.0,0.0,0.0,12.4,1.61,45,13,39,0,-9.770096691101926
2025-09-27 21:00:00,2025-09-27 20:10:00,0.0,0.0,0.0,0.0,0.0,11.6,1.06,25,8,22,0,-20.076523863892277
2025-09-27 22:00:00,2025-09-27 21:10:00,0.0,0.0,0.0,0.0,0.0,10.9,0.65,9,3,6,0,-29.647395481126544
2025-09-27 23:00:00,2025-09-27 22:10:00,0.0,0.0,0.0,0.0,0.0,10.3,0.25,4,1,3,0,-37.846321722712496
2025-09-28 00:00:00,2025-09-27 23:10:00,0.0,0.0,0.0,0.0,0.0,9.9,0.53,1,1,0,0,-43.775737305976854
2025-09-28 01:00:00,2025-09-28 00:10:00,0.0,0.0,0.0,0.0,0.0,9.4,0.63,8,7,1,0,-46.403385308103225
2025-09-28 02:00:00,2025-09-28 01:10:00,0.0,0.0,0.0,0.0,0.0,9.7,1.25,21,21,0,0,-45.111220081497194
2025-09-28 03:00:00,2025-09-28 02:10:00,0.0,0.0,0.0,0.0,0.0,9.1,0.73,32,32,0,0,-40.21975630564896
2025-09-28 04:00:00,2025-09-28 03:10:00,0.0,0.0,0.0,0.0,0.0,8.6,0.81,98,98,0,0,-32.69961975623618
2025-09-28 05:00:00,2025-09-28 04:10:00,0.0,0.0,0.0,0.0,0.0,8.1,1.01,96,96,0,0,-23.529783553468274
2025-09-28 06:00:00,2025-09-28 05:10:00,0.0,0.0,0.0,0.0,0.0,8.1,0.92,76,75,0,4,-13.433837123017518
2025-09-28 07:00:00,2025-09-28 06:10:00,1735.75341796875,11.0,11.0,8.0,35.5,8.2,1.3,66,63,0,9,-2.918669603731758
2025-09-28 08:00:00,2025-09-28 07:10:00,7116.9248046875,119.0,119.0,56.0,339.5,9.8,1.29,30,17,0,15,7.620095039361391
2025-09-28 09:00:00,2025-09-28 08:10:00,14322.3525390625,294.0,294.0,75.0,622.2,12.6,0.99,17,7,0,10,17.801388193178322
2025-09-28 10:00:00,2025-09-28 09:10:00,18654.244140625,451.0,451.0,90.0,732.8,15.6,1.13,27,0,0,27,27.168448215333473
2025-09-28 11:00:00,2025-09-28 10:10:00,21467.099609375,573.0,573.0,99.0,792.9,17.8,0.96,9,0,0,9,35.09767254194901
2025-09-28 12:00:00,2025-09-28 11:10:00,22167.6640625,649.0,649.0,101.0,829.8,19.4,0.65,0,0,0,0,40.74751721954114
2025-09-28 13:00:00,2025-09-28 12:10:00,22422.828125,670.0,670.0,102.0,840.1,20.2,0.54,2,0,0,2,43.200889235032676
2025-09-28 14:00:00,2025-09-28 13:10:00,19932.537109375,622.0,622.0,113.0,790.5,21.0,0.54,17,0,0,17,41.934709113467754
2025-09-28 15:00:00,2025-09-28 14:10:00,16447.943359375,535.0,535.0,97.0,774.1,21.1,0.75,14,0,0,14,37.228732102505035
2025-09-28 16:00:00,2025-09-28 15:10:00,10527.7490234375,400.0,400.0,86.0,701.9,20.9,0.71,98,0,0,98,29.934248612246904
2025-09-28 17:00:00,2025-09-28 16:10:00,3397.9384765625,233.0,233.0,74.0,536.4,20.1,0.32,98,0,0,98,20.94791874244509
2025-09-28 18:00:00,2025-09-28 17:10:00,234.62631225585938,74.0,74.0,38.0,251.4,18.3,0.05,94,0,0,94,10.962832093168771
2025-09-28 19:00:00,2025-09-28 18:10:00,227.7799072265625,1.0,1.0,1.0,0.0,16.4,0.3,55,0,0,55,0.4790817777891139
2025-09-28 20:00:00,2025-09-28 19:10:00,0.0,0.0,0.0,0.0,0.0,15.1,0.38,61,0,0,61,-10.10952275758763
2025-09-28 21:00:00,2025-09-28 20:10:00,0.0,0.0,0.0,0.0,0.0,14.4,0.11,54,0,0,54,-20.4248780866761
2025-09-28 22:00:00,2025-09-28 21:10:00,0.0,0.0,0.0,0.0,0.0,13.6,0.4,8,0,0,8,-30.01140910368386
2025-09-28 23:00:00,2025-09-28 22:10:00,0.0,0.0,0.0,0.0,0.0,12.9,0.32,62,0,0,62,-38.2297457293205
2025-09-29 00:00:00,2025-09-28 23:10:00,0.0,0.0,0.0,0.0,0.0,12.3,0.35,69,0,0,69,-44.173672661505115
2025-09-29 01:00:00,2025-09-29 00:10:00,0.0,0.0,0.0,0.0,0.0,11.9,0.22,19,0,0,19,-46.79638101042256
2025-09-29 02:00:00,2025-09-29 01:10:00,0.0,0.0,0.0,0.0,0.0,10.6,0.53,0,0,0,0,-45.472361658969426
2025-09-29 03:00:00,2025-09-29 02:10:00,0.0,0.0,0.0,0.0,0.0,9.8,0.61,0,0,0,0,-40.534258475043515
2025-09-29 04:00:00,2025-09-29 03:10:00,0.0,0.0,0.0,0.0,0.0,9.4,0.29,0,0,0,0,-32.970489170333295
2025-09-29 05:00:00,2025-09-29 04:10:00,0.0,0.0,0.0,0.0,0.0,9.1,0.32,0,0,0,0,-23.768758361713857
2025-09-29 06:00:00,2025-09-29 05:10:00,0.0,0.0,0.0,0.0,0.0,8.7,0.43,0,0,0,0,-13.654078045318155
2025-09-29 07:00:00,2025-09-29 06:10:00,2033.9256591796875,11.0,11.0,7.0,48.4,8.8,0.35,0,0,0,0,-3.132520471862702
2025-09-29 08:00:00,2025-09-29 07:10:00,8660.8427734375,124.0,124.0,48.0,418.4,10.6,0.41,0,0,0,0,7.400964952537584
2025-09-29 09:00:00,2025-09-29 08:10:00,15096.1962890625,290.0,290.0,73.0,623.7,13.2,0.27,0,0,0,0,17.565282274065925
2025-09-29 10:00:00,2025-09-29 09:10:00,19261.49609375,445.0,445.0,87.0,733.1,16.2,0.29,0,0,0,0,26.903361737437645
2025-09-29 11:00:00,2025-09-29 10:10:00,21571.22265625,566.0,566.0,96.0,792.2,18.4,0.07,0,0,0,0,34.79270334793122
2025-09-29 12:00:00,2025-09-29 11:10:00,22117.248046875,639.0,639.0,100.0,822.1,19.6,0.43,0,0,0,0,40.39786689068904
2025-09-29 13:00:00,2025-09-29 12:10:00,22068.373046875,658.0,658.0,101.0,830.0,20.5,0.54,0,0,0,0,42.81544897129735
2025-09-29 14:00:00,2025-09-29 13:10:00,20261.255859375,620.0,620.0,98.0,817.5,21.1,0.58,0,0,0,0,41.53581566801422
2025-09-29 15:00:00,2025-09-29 14:10:00,16760.662109375,531.0,531.0,92.0,783.5,21.1,0.59,0,0,0,0,36.83798278982442
2025-09-29 16:00:00,2025-09-29 15:10:00,11200.158203125,396.0,396.0,82.0,711.0,20.7,0.7,0,0,0,0,29.56145582669913
2025-09-29 17:00:00,2025-09-29 16:10:00,3948.88916015625,232.0,232.0,66.0,571.2,19.8,1.05,0,0,0,0,20.592770645505343
2025-09-29 18:00:00,2025-09-29 17:10:00,300.41162109375,72.0,72.0,33.0,278.1,17.2,0.9,0,0,0,0,10.62021516659814
2025-09-29 19:00:00,2025-09-29 18:10:00,231.49989318847656,1.0,1.0,1.0,0.0,16.3,0.46,10,10,0,0,0.14224553555932912
2025-09-29 20:00:00,2025-09-29 19:10:00,0.0,0.0,0.0,0.0,0.0,15.7,0.53,1,1,0,0,-10.447823286477437
2025-09-29 21:00:00,2025-09-29 20:10:00,0.0,0.0,0.0,0.0,0.0,15.3,0.21,0,0,0,0,-20.77202465035876
2025-09-29 22:00:00,2025-09-29 21:10:00,0.0,0.0,0.0,0.0,0.0,14.4,0.4,0,0,0,0,-30.374258485729793
2025-09-29 23:00:00,2025-09-29 22:10:00,0.0,0.0,0.0,0.0,0.0,13.3,0.57,6,0,6,0,-38.6122347272971
2025-09-30 00:00:00,2025-09-29 23:10:00,0.0,0.0,0.0,0.0,0.0,12.4,0.92,7,2,7,0,-44.57104177137636
2025-09-30 01:00:00,2025-09-30 00:10:00,0.0,0.0,0.0,0.0,0.0,11.9,1.16,2,2,1,0,-47.189040859385884
2025-09-30 02:00:00,2025-09-30 01:10:00,0.0,0.0,0.0,0.0,0.0,11.9,1.08,11,10,4,0,-45.83307753941493
2025-09-30 03:00:00,2025-09-30 02:10:00,0.0,0.0,0.0,0.0,0.0,11.2,0.87,23,22,13,0,-40.84822498493408
2025-09-30 04:00:00,2025-09-30 03:10:00,0.0,0.0,0.0,0.0,0.0,10.6,0.75,24,23,10,0,-33.240944198221946
2025-09-30 05:00:00,2025-09-30 04:10:00,0.0,0.0,0.0,0.0,0.0,10.1,0.59,34,13,4,23,-24.00762354544019
2025-09-30 06:00:00,2025-09-30 05:10:00,0.0,0.0,0.0,0.0,0.0,9.6,0.35,93,10,1,92,-13.874586748810984
2025-09-30 07:00:00,2025-09-30 06:10:00,1539.8897705078125,10.0,10.0,8.0,24.8,9.6,0.92,86,10,2,84,-3.3470196310539326
2025-09-30 08:00:00,2025-09-30 07:10:00,6660.2978515625,116.0,116.0,53.0,354.4,11.3,0.57,99,10,3,99,7.1808442936398285
2025-09-30 09:00:00,2025-09-30 08:10:00,10873.5693359375,270.0,270.0,87.0,532.2,14.0,0.63,94,12,5,93,17.327925387511154
2025-09-30 10:00:00,2025-09-30 09:10:00,16803.8984375,420.0,420.0,112.0,636.3,16.6,0.59,84,7,5,84,26.63691921063502
2025-09-30 11:00:00,2025-09-30 10:10:00,20564.44921875,538.0,538.0,111.0,725.3,18.5,0.97,13,1,0,13,34.486541938724116
2025-09-30 12:00:00,2025-09-30 11:10:00,21472.83984375,624.0,624.0,106.0,795.9,19.8,1.2,78,2,0,77,40.047536749523346
2025-09-30 13:00:00,2025-09-30 12:10:00,17524.92578125,560.0,560.0,165.0,593.1,20.2,0.79,100,2,3,100,42.43002517385017
2025-09-30 14:00:00,2025-09-30 13:10:00,13827.5869140625,477.0,477.0,224.0,399.5,20.6,0.46,79,2,14,75,41.137429208818325
2025-09-30 15:00:00,2025-09-30 14:10:00,13991.9306640625,480.0,480.0,118.0,652.6,21.0,0.72,52,2,21,42,36.44791250805898
2025-09-30 16:00:00,2025-09-30 15:10:00,8345.31640625,334.0,334.0,99.0,539.1,20.8,1.25,60,2,12,54,29.18939970443086
2025-09-30 17:00:00,2025-09-30 16:10:00,3734.344482421875,200.0,200.0,67.0,467.0,20.0,1.41,23,5,14,5,20.238448039405313
2025-09-30 18:00:00,2025-09-30 17:10:00,284.09124755859375,62.0,62.0,31.0,225.9,18.2,1.48,23,9,13,1,10.278563300474572
2025-09-30 19:00:00,2025-09-30 18:10:00,0.0,0.0,0.0,0.0,0.0,16.9,1.47,19,5,13,0,-0.1934632747366105
2025-09-30 20:00:00,2025-09-30 19:10:00,0.0,0.0,0.0,0.0,0.0,15.9,1.12,23,2,22,0,-10.78484944959988
2025-09-30 21:00:00,2025-09-30 20:10:00,0.0,0.0,0.0,0.0,0.0,15.1,0.98,18,1,17,0,-21.117812940799407
2025-09-30 22:00:00,2025-09-30 21:10:00,0.0,0.0,0.0,0.0,0.0,14.1,0.96,32,16,19,0,-30.735793225278208
2025-09-30 23:00:00,2025-09-30 22:10:00,0.0,0.0,0.0,0.0,0.0,13.4,1.49,43,19,30,0,-38.993645168312945
2025-10-01 00:00:00,2025-09-30 23:10:00,0.0,0.0,0.0,0.0,0.0,13.4,2.19,76,17,70,0,-44.967720036331926
2025-10-01 01:00:00,2025-10-01 00:10:00,0.0,0.0,0.0,0.0,0.0,12.8,1.98,100,100,0,0,-47.581267848654036
2025-10-01 02:00:00,2025-10-01 01:10:00,0.0,0.0,0.0,0.0,0.0,12.6,1.62,100,100,8,0,-46.19329748367673
2025-10-01 03:00:00,2025-10-01 02:10:00,0.0,0.0,0.0,0.0,0.0,12.6,1.3,100,100,22,0,-41.161611660088674
2025-10-01 04:00:00,2025-10-01 03:10:00,0.0,0.0,0.0,0.0,0.0,12.8,0.78,100,100,22,0,-33.510963526283504
2025-10-01 05:00:00,2025-10-01 04:10:00,0.0,0.0,0.0,0.0,0.0,12.6,1.52,100,100,49,0,-24.246373066158505
2025-10-01 06:00:00,2025-10-01 05:10:00,0.0,0.0,0.0,0.0,0.0,12.5,2.5,100,100,60,0,-14.095364366872813
2025-10-01 07:00:00,2025-10-01 06:10:00,1126.62646484375,4.0,4.0,4.0,0.0,12.1,1.98,85,70,55,5,-3.56216829086168
2025-10-01 08:00:00,2025-10-01 07:10:00,3018.132080078125,44.0,44.0,41.0,17.3,12.6,2.1,99,93,95,1,6.959738303554156
2025-10-01 09:00:00,2025-10-01 08:10:00,5771.55419921875,134.0,134.0,101.0,97.1,13.7,2.28,100,100,100,0,17.089335908069515
2025-10-01 10:00:00,2025-10-01 09:10:00,5614.22705078125,129.0,129.0,117.0,25.0,14.4,1.56,100,71,100,0,26.36915896338106
2025-10-01 11:00:00,2025-10-01 10:10:00,8915.654296875,188.0,188.0,118.0,119.8,14.9,1.45,93,18,91,0,34.179251408317995
2025-10-01 12:00:00,2025-10-01 11:10:00,12179.544921875,335.0,335.0,205.0,201.3,15.9,1.11,65,20,57,0,39.69661298314415
2025-10-01 13:00:00,2025-10-01 12:10:00,18183.84375,457.0,457.0,199.0,390.4,18.0,1.72,13,3,10,0,42.044719859641276
2025-10-01 14:00:00,2025-10-01 13:10:00,16040.998046875,460.0,460.0,114.0,551.1,18.1,1.35,21,8,16,0,40.73966499622885
2025-10-01 15:00:00,2025-10-01 14:10:00,13264.0390625,431.0,431.0,112.0,580.9,18.4,1.35,17,4,16,0,36.058649884580895
2025-10-01 16:00:00,2025-10-01 15:10:00,9171.939453125,334.0,334.0,97.0,551.0,18.1,1.31,22,12,20,0,28.818218171324805
2025-10-01 17:00:00,2025-10-01 16:10:00,3738.42822265625,189.0,189.0,71.0,423.0,17.4,1.42,37,2,36,0,19.885093509677496
2025-10-01 18:00:00,2025-10-01 17:10:00,280.6436767578125,54.0,54.0,28.0,193.6,15.8,0.97,20,5,16,0,9.938021347267073
2025-10-01 19:00:00,2025-10-01 18:10:00,0.0,0.0,0.0,0.0,0.0,15.4,1.27,9,1,9,0,-0.5278980970077335
2025-10-01 20:00:00,2025-10-01 19:10:00,0.0,0.0,0.0,0.0,0.0,15.1,1.57,37,0,37,0,-11.120452738940738
2025-10-01 21:00:00,2025-10-01 20:10:00,0.0,0.0,0.0,0.0,0.0,14.6,1.72,66,2,66,0,-21.462092469962695
2025-10-01 22:00:00,2025-10-01 21:10:00,0.0,0.0,0.0,0.0,0.0,14.4,1.77,100,3,100,0,-31.09586270407537
2025-10-01 23:00:00,2025-10-01 22:10:00,0.0,0.0,0.0,0.0,0.0,13.9,1.88,100,2,100,0,-39.37383289297987
2025-10-02 00:00:00,2025-10-01 23:10:00,0.0,0.0,0.0,0.0,0.0,13.6,2.52,100,2,100,0,-45.3635821723883
2025-10-02 01:00:00,2025-10-02 00:10:00,0.0,0.0,0.0,0.0,0.0,13.2,2.67,100,22,100,0,-47.97296474928467
2025-10-02 02:00:00,2025-10-02 01:10:00,0.0,0.0,0.0,0.0,0.0,12.9,2.32,100,93,100,0,-46.55295155697478
2025-10-02 03:00:00,2025-10-02 02:10:00,0.0,0.0,0.0,0.0,0.0,12.6,2.2,100,100,100,0,-41.47437484181441
2025-10-02 04:00:00,2025-10-02 03:10:00,0.0,0.0,0.0,0.0,0.0,12.2,1.95,98,92,97,0,-33.78052613281048
2025-10-02 05:00:00,2025-10-02 04:10:00,0.0,0.0,0.0,0.0,0.0,12.2,1.76,95,91,73,0,-24.485000665704767
2025-10-02 06:00:00,2025-10-02 05:10:00,0.0,0.0,0.0,0.0,0.0,12.1,1.58,81,28,76,0,-14.31641121027827
2025-10-02 07:00:00,2025-10-02 06:10:00,1157.8040771484375,3.0,3.0,3.0,0.0,11.9,1.5,74,30,73,0,-3.7779662395613425
2025-10-02 08:00:00,2025-10-02 07:10:00,4335.51171875,64.0,64.0,39.0,147.1,12.1,1.09,65,39,63,0,6.737654197154479
2025-10-02 09:00:00,2025-10-02 08:10:00,9787.2744140625,184.0,184.0,88.0,286.0,13.2,0.97,53,22,52,0,16.849534636762478
2025-10-02 10:00:00,2025-10-02 09:10:00,16188.6591796875,342.0,342.0,119.0,469.1,14.6,0.94,20,13,16,0,26.100121983504604
2025-10-02 11:00:00,2025-10-02 10:10:00,18839.224609375,500.0,500.0,129.0,640.1,15.7,0.82,15,6,6,6,33.87089734152954
2025-10-02 12:00:00,2025-10-02 11:10:00,20394.3671875,548.0,548.0,155.0,613.0,16.7,0.5,2,0,2,0,39.345183655797804
2025-10-02 13:00:00,2025-10-02 12:10:00,19463.193359375,533.0,533.0,179.0,539.9,16.7,0.86,6,5,2,0,41.65963616449797
2025-10-02 14:00:00,2025-10-02 13:10:00,18501.689453125,552.0,552.0,152.0,642.6,17.5,0.85,13,1,13,0,40.34263871647167
2025-10-02 15:00:00,2025-10-02 14:10:00,14351.0,487.0,487.0,108.0,697.3,18.0,0.6,25,6,22,0,35.670323435582176
2025-10-02 16:00:00,2025-10-02 15:10:00,10066.05078125,361.0,361.0,89.0,640.9,17.5,0.16,20,16,5,0,28.448048772836813
2025-10-02 17:00:00,2025-10-02 16:10:00,3728.81591796875,193.0,193.0,71.0,446.7,16.7,1.03,32,25,24,0,19.532849166222544
2025-10-02 18:00:00,2025-10-02 17:10:00,274.1917419433594,58.0,58.0,29.0,220.8,14.9,0.65,30,26,22,0,9.598733653965352
2025-10-02 19:00:00,2025-10-02 18:10:00,0.0,0.0,0.0,0.0,0.0,13.6,0.87,0,0,0,0,-0.8609128709061015
2025-10-02 20:00:00,2025-10-02 19:10:00,0.0,0.0,0.0,0.0,0.0,13.1,0.27,1,0,0,0,-11.454485065477684
2025-10-02 21:00:00,2025-10-02 20:10:00,0.0,0.0,0.0,0.0,0.0,12.4,0.57,2,0,2,0,-21.804712972130403
2025-10-02 22:00:00,2025-10-02 21:10:00,0.0,0.0,0.0,0.0,0.0,11.8,0.4,6,0,5,1,-31.454316167122087
2025-10-02 23:00:00,2025-10-02 22:10:00,0.0,0.0,0.0,0.0,0.0,11.1,0.25,2,0,2,0,-39.75265317235375
2025-10-03 00:00:00,2025-10-02 23:10:00,0.0,0.0,0.0,0.0,0.0,10.4,0.5,1,0,1,0,-45.75850220483152
2025-10-03 01:00:00,2025-10-03 00:10:00,0.0,0.0,0.0,0.0,0.0,9.2,0.65,5,2,3,0,-48.36403407826609
2025-10-03 02:00:00,2025-10-03 01:10:00,0.0,0.0,0.0,0.0,0.0,8.6,0.21,5,4,2,0,-46.91197008426901
2025-10-03 03:00:00,2025-10-03 02:10:00,0.0,0.0,0.0,0.0,0.0,8.2,0.25,14,14,0,0,-41.78647132075091
2025-10-03 04:00:00,2025-10-03 03:10:00,0.0,0.0,0.0,0.0,0.0,7.4,0.87,100,100,0,27,-34.04961119503401
2025-10-03 05:00:00,2025-10-03 04:10:00,0.0,0.0,0.0,0.0,0.0,7.1,1.26,100,93,0,98,-24.723499756932227
2025-10-03 06:00:00,2025-10-03 05:10:00,0.0,0.0,0.0,0.0,0.0,6.7,1.03,98,57,0,95,-14.537726652754921
2025-10-03 07:00:00,2025-10-03 06:10:00,1539.5201416015625,7.0,7.0,6.0,13.3,6.9,1.11,55,44,0,19,-3.994411733565618
2025-10-03 08:00:00,2025-10-03 07:10:00,7515.5341796875,104.0,104.0,50.0,325.4,8.9,0.7,24,5,0,20,6.514601261625
2025-10-03 09:00:00,2025-10-03 08:10:00,10220.103515625,251.0,251.0,95.0,470.6,11.1,0.32,98,3,1,98,16.608544877419014
2025-10-03 10:00:00,2025-10-03 09:10:00,16020.3076171875,410.0,410.0,108.0,641.2,13.1,0.67,100,1,2,100,25.829851962286824
2025-10-03 11:00:00,2025-10-03 10:10:00,17766.751953125,530.0,530.0,130.0,695.7,14.4,0.86,100,0,30,100,33.561547822462614
2025-10-03 12:00:00,2025-10-03 11:10:00,18075.00390625,592.0,592.0,148.0,697.9,15.5,1.1,100,0,34,100,38.99333869524764
2025-10-03 13:00:00,2025-10-03 12:10:00,17205.181640625,580.0,580.0,191.0,598.0,16.8,1.01,100,0,3,100,41.274878325143256
2025-10-03 14:00:00,2025-10-03 13:10:00,14627.7724609375,532.0,532.0,195.0,546.2,17.2,1.39,100,0,18,100,39.946466462221956
2025-10-03 15:00:00,2025-10-03 14:10:00,8711.30859375,397.0,397.0,218.0,332.8,17.2,1.2,100,0,38,100,35.28306153624278
2025-10-03 16:00:00,2025-10-03 15:10:00,5241.9931640625,278.0,278.0,157.0,289.0,17.0,1.25,100,0,24,100,28.079028624490306
2025-10-03 17:00:00,2025-10-03 16:10:00,2492.350341796875,160.0,160.0,91.0,258.2,16.5,1.1,98,0,33,98,19.181856574282772
2025-10-03 18:00:00,2025-10-03 17:10:00,245.09793090820312,44.0,44.0,31.0,101.3,15.4,0.83,95,0,16,95,9.260843978093702
2025-10-03 19:00:00,2025-10-03 18:10:00,0.0,0.0,0.0,0.0,0.0,14.4,0.76,76,0,5,76,-1.1923621261884596
2025-10-03 20:00:00,2025-10-03 19:10:00,0.0,0.0,0.0,0.0,0.0,13.4,0.9,100,0,1,100,-11.786798859243401
2025-10-03 21:00:00,2025-10-03 20:10:00,0.0,0.0,0.0,0.0,0.0,12.8,0.87,41,0,0,41,-22.14552450238564
2025-10-03 22:00:00,2025-10-03 21:10:00,0.0,0.0,0.0,0.0,0.0,11.9,0.9,20,0,1,20,-31.8110028053868
2025-10-03 23:00:00,2025-10-03 22:10:00,0.0,0.0,0.0,0.0,0.0,10.9,0.89,9,0,2,6,-40.12996075240308
2025-10-04 00:00:00,2025-10-03 23:10:00,0.0,0.0,0.0,0.0,0.0,10.1,0.72,14,0,5,13,-46.152353463085525
2025-10-04 01:00:00,2025-10-04 00:10:00,0.0,0.0,0.0,0.0,0.0,9.7,0.11,28,0,9,25,-48.75437806619167
2025-10-04 02:00:00,2025-10-04 01:10:00,0.0,0.0,0.0,0.0,0.0,9.2,0.07,60,0,5,58,-47.27028360450613
2025-10-04 03:00:00,2025-10-04 02:10:00,0.0,0.0,0.0,0.0,0.0,8.6,0.64,85,0,3,85,-42.09785826879517
2025-10-04 04:00:00,2025-10-04 03:10:00,0.0,0.0,0.0,0.0,0.0,8.5,0.83,98,0,9,98,-34.31819799616272
2025-10-04 05:00:00,2025-10-04 04:10:00,0.0,0.0,0.0,0.0,0.0,8.6,0.59,51,1,22,36,-24.961863315706196
2025-10-04 06:00:00,2025-10-04 05:10:00,0.0,0.0,0.0,0.0,0.0,8.3,0.78,70,2,53,36,-14.759309019125821
2025-10-04 07:00:00,2025-10-04 06:10:00,1407.7139892578125,5.0,5.0,4.0,13.7,8.6,1.06,59,5,20,46,-4.211501390597393
2025-10-04 08:00:00,2025-10-04 07:10:00,5348.05615234375,84.0,84.0,55.0,179.0,10.0,0.87,48,2,8,42,6.290590949971006
2025-10-04 09:00:00,2025-10-04 08:10:00,12159.4287109375,252.0,252.0,85.0,510.2,12.0,0.6,77,1,2,77,16.36639250736096
2025-10-04 10:00:00,2025-10-04 09:10:00,16573.912109375,373.0,373.0,153.0,471.5,13.5,0.94,80,0,1,80,25.558395332621686
2025-10-04 11:00:00,2025-10-04 10:10:00,18104.794921875,414.0,414.0,204.0,368.3,14.6,1.19,56,0,0,56,33.25127343786283
2025-10-04 12:00:00,2025-10-04 11:10:00,17808.1015625,478.0,478.0,214.0,418.2,15.0,2.02,69,1,2,68,38.641169875568075
2025-10-04 13:00:00,2025-10-04 12:10:00,18118.365234375,504.0,504.0,190.0,486.6,15.1,2.35,27,0,13,16,40.890551658724185
2025-10-04 14:00:00,2025-10-04 13:10:00,17709.703125,527.0,527.0,121.0,663.9,15.8,2.15,9,3,6,0,39.551264711413914
2025-10-04 15:00:00,2025-10-04 14:10:00,10916.6279296875,420.0,420.0,149.0,509.1,16.2,2.36,22,6,16,0,34.896992390088656
2025-10-04 16:00:00,2025-10-04 15:10:00,7655.97412109375,309.0,309.0,112.0,477.1,16.4,2.4,45,13,27,27,27.711294362441848
2025-10-04 17:00:00,2025-10-04 16:10:00,2558.76416015625,146.0,146.0,70.0,290.7,16.0,2.64,100,100,38,5,18.832256685810744
2025-10-04 18:00:00,2025-10-04 17:10:00,291.50836181640625,28.0,28.0,19.0,71.8,14.9,3.13,84,55,66,0,8.924495403930894
2025-10-04 19:00:00,2025-10-04 18:10:00,0.0,0.0,0.0,0.0,0.0,14.2,2.76,100,100,56,0,-1.5221010774184227
2025-10-04 20:00:00,2025-10-04 19:10:00,0.0,0.0,0.0,0.0,0.0,13.9,2.89,100,100,36,0,-12.117247170570542
2025-10-04 21:00:00,2025-10-04 20:10:00,0.0,0.0,0.0,0.0,0.0,13.4,1.92,99,99,5,0,-22.484377537371003
2025-10-04 22:00:00,2025-10-04 21:10:00,0.0,0.0,0.0,0.0,0.0,13.1,1.27,79,79,1,0,-32.16577184181472
2025-10-04 23:00:00,2025-10-04 22:10:00,0.0,0.0,0.0,0.0,0.0,12.6,1.15,56,56,1,0,-40.505609901671264
2025-10-05 00:00:00,2025-10-04 23:10:00,0.0,0.0,0.0,0.0,0.0,11.9,1.01,9,9,0,0,-46.54500857667427
2025-10-05 01:00:00,2025-10-05 00:10:00,0.0,0.0,0.0,0.0,0.0,10.2,0.64,1,0,1,0,-49.14389862421087
2025-10-05 02:00:00,2025-10-05 01:10:00,0.0,0.0,0.0,0.0,0.0,9.4,0.64,2,1,2,0,-47.62782282390954
2025-10-05 03:00:00,2025-10-05 02:10:00,0.0,0.0,0.0,0.0,0.0,9.1,0.72,12,9,3,0,-42.40849317039216
2025-10-05 04:00:00,2025-10-05 03:10:00,0.0,0.0,0.0,0.0,0.0,10.8,1.97,14,9,6,0,-34.58626583273743
2025-10-05 05:00:00,2025-10-05 04:10:00,0.0,0.0,0.0,0.0,0.0,11.8,3.25,50,13,48,0,-25.20008377453726
2025-10-05 06:00:00,2025-10-05 05:10:00,0.0,0.0,0.0,0.0,0.0,12.2,3.57,27,24,6,0,-14.981155476375372
2025-10-05 07:00:00,2025-10-05 06:10:00,1813.8330078125,6.0,6.0,4.0,28.1,10.6,1.07,0,0,0,0,-4.429230086933656
2025-10-05 08:00:00,2025-10-05 07:10:00,8668.107421875,109.0,109.0,42.0,419.8,12.1,1.55,0,0,0,0,6.065636969442749
2025-10-05 09:00:00,2025-10-05 08:10:00,15128.6279296875,277.0,277.0,69.0,643.6,14.8,1.11,1,1,0,0,16.12310604222823
2025-10-05 10:00:00,2025-10-05 09:10:00,19642.06640625,435.0,435.0,82.0,763.8,17.1,0.83,0,0,0,0,25.285801301160276
2025-10-05 11:00:00,2025-10-05 10:10:00,21620.494140625,556.0,556.0,90.0,824.0,18.5,0.49,0,0,0,0,32.94014727536852
2025-10-05 12:00:00,2025-10-05 11:10:00,22310.451171875,628.0,628.0,94.0,852.7,19.2,1.28,0,0,0,0,38.288770796398346
2025-10-05 13:00:00,2025-10-05 12:10:00,22221.08984375,643.0,643.0,96.0,854.6,22.0,0.54,0,0,0,0,40.506762539878764
2025-10-05 14:00:00,2025-10-05 13:10:00,20761.306640625,603.0,603.0,93.0,841.4,22.0,2.91,1,0,1,0,39.157150304303265
2025-10-05 15:00:00,2025-10-05 14:10:00,15581.78515625,491.0,491.0,97.0,748.1,21.3,4.03,1,0,1,0,34.51224399752819
2025-10-05 16:00:00,2025-10-05 15:10:00,10961.623046875,361.0,361.0,81.0,687.7,20.5,3.86,2,0,0,2,27.34498209409864
2025-10-05 17:00:00,2025-10-05 16:10:00,3549.035888671875,193.0,193.0,66.0,496.8,18.9,2.02,1,0,1,0,18.48418977123761
2025-10-05 18:00:00,2025-10-05 17:10:00,297.6739501953125,45.0,45.0,23.0,179.6,16.9,0.18,10,0,7,3,8.589830258972277
2025-10-05 19:00:00,2025-10-05 18:10:00,0.0,0.0,0.0,0.0,0.0,14.6,2.18,14,0,9,5,-1.8499857189502933
2025-10-05 20:00:00,2025-10-05 19:10:00,0.0,0.0,0.0,0.0,0.0,12.9,2.39,23,1,22,0,-12.44568377246244
2025-10-05 21:00:00,2025-10-05 20:10:00,0.0,0.0,0.0,0.0,0.0,12.1,1.49,9,2,8,0,-22.821123078307476
2025-10-05 22:00:00,2025-10-05 21:10:00,0.0,0.0,0.0,0.0,0.0,11.1,0.87,5,0,5,0,-32.51847262073016
2025-10-05 23:00:00,2025-10-05 22:10:00,0.0,0.0,0.0,0.0,0.0,10.1,0.71,3,0,2,2,-40.87945446236485
2025-10-06 00:00:00,2025-10-05 23:10:00,0.0,0.0,0.0,0.0,0.0,9.6,0.65,0,0,0,0,-46.93633947251082
2025-10-06 01:00:00,2025-10-06 00:10:00,0.0,0.0,0.0,0.0,0.0,9.4,1.2,1,1,0,0,-49.53249731039995
2025-10-06 02:00:00,2025-10-06 01:10:00,0.0,0.0,0.0,0.0,0.0,8.8,1.25,0,0,0,0,-47.984518568475465
2025-10-06 03:00:00,2025-10-06 02:10:00,0.0,0.0,0.0,0.0,0.0,7.9,0.81,20,0,0,20,-42.718333753428404
2025-10-06 04:00:00,2025-10-06 03:10:00,0.0,0.0,0.0,0.0,0.0,7.5,0.54,73,0,0,73,-34.85379392260587
2025-10-06 05:00:00,2025-10-06 04:10:00,0.0,0.0,0.0,0.0,0.0,6.9,0.54,47,0,0,47,-25.43815291818333
2025-10-06 06:00:00,2025-10-06 05:10:00,0.0,0.0,0.0,0.0,0.0,6.4,0.7,47,0,0,47,-15.203261927963254
2025-10-06 07:00:00,2025-10-06 06:10:00,1571.8634033203125,5.0,5.0,4.0,14.5,6.9,0.43,49,2,0,48,-4.64759085902117
2025-10-06 08:00:00,2025-10-06 07:10:00,7933.21435546875,103.0,103.0,43.0,380.9,8.4,0.5,20,2,0,18,5.839755364614454
2025-10-06 09:00:00,2025-10-06 08:10:00,14622.39453125,267.0,267.0,69.0,620.7,10.8,0.3,5,0,1,4,15.878716694759083
2025-10-06 10:00:00,2025-10-06 09:10:00,17822.13671875,421.0,421.0,83.0,738.4,13.8,0.49,21,0,0,21,25.01212187435897
2025-10-06 11:00:00,2025-10-06 10:10:00,20450.181640625,541.0,541.0,93.0,798.8,16.3,0.82,13,0,0,13,32.62824491667574
2025-10-06 12:00:00,2025-10-06 11:10:00,21817.052734375,611.0,611.0,97.0,827.3,17.6,1.15,0,0,0,0,37.93623685869994
2025-10-06 13:00:00,2025-10-06 12:10:00,21780.138671875,626.0,626.0,98.0,831.7,18.0,1.43,0,0,0,0,40.12361837537504
2025-10-06 14:00:00,2025-10-06 13:10:00,19936.310546875,585.0,585.0,95.0,815.7,18.3,1.59,0,0,0,0,38.76424041880274
2025-10-06 15:00:00,2025-10-06 14:10:00,16391.25390625,491.0,491.0,89.0,771.5,18.4,1.45,0,0,0,0,34.128944123559705
2025-10-06 16:00:00,2025-10-06 15:10:00,10985.3662109375,354.0,354.0,78.0,687.6,18.1,1.39,0,0,0,0,26.980227348773933
2025-10-06 17:00:00,2025-10-06 16:10:00,3480.591552734375,192.0,192.0,59.0,532.3,17.3,0.85,0,0,0,0,18.137795351651032
2025-10-06 18:00:00,2025-10-06 17:10:00,295.05474853515625,44.0,44.0,21.0,192.4,15.4,1.12,0,0,0,0,8.256990030676999
2025-10-06 19:00:00,2025-10-06 18:10:00,0.0,0.0,0.0,0.0,0.0,15.8,0.63,0,0,0,0,-2.1758729201292835
2025-10-06 20:00:00,2025-10-06 19:10:00,0.0,0.0,0.0,0.0,0.0,14.7,0.47,0,0,0,0,-12.771963264022114
2025-10-06 21:00:00,2025-10-06 20:10:00,0.0,0.0,0.0,0.0,0.0,13.8,0.11,0,0,0,0,-23.155612756249646
2025-10-06 22:00:00,2025-10-06 21:10:00,0.0,0.0,0.0,0.0,0.0,12.4,0.36,2,0,2,0,-32.86895470071566
2025-10-06 23:00:00,2025-10-06 22:10:00,0.0,0.0,0.0,0.0,0.0,11.2,0.46,1,0,1,0,-41.251347905097404
2025-10-07 00:00:00,2025-10-06 23:10:00,0.0,0.0,0.0,0.0,0.0,10.8,0.16,2,0,2,0,-47.326217373757196
2025-10-07 01:00:00,2025-10-07 00:10:00,0.0,0.0,0.0,0.0,0.0,10.5,0.11,2,0,2,0,-49.920075295703235
2025-10-07 02:00:00,2025-10-07 01:10:00,0.0,0.0,0.0,0.0,0.0,10.1,0.16,0,0,0,0,-48.34030173584213
2025-10-07 03:00:00,2025-10-07 02:10:00,0.0,0.0,0.0,0.0,0.0,9.4,0.45,0,0,0,0,-43.02733791996631
2025-10-07 04:00:00,2025-10-07 03:10:00,0.0,0.0,0.0,0.0,0.0,8.7,0.29,0,0,0,0,-35.12076131381784
2025-10-07 05:00:00,2025-10-07 04:10:00,0.0,0.0,0.0,0.0,0.0,7.8,0.66,0,0,0,0,-25.676061781542973
2025-10-07 06:00:00,2025-10-07 05:10:00,0.0,0.0,0.0,0.0,0.0,7.6,0.29,0,0,0,0,-15.42562291170096
2025-10-07 07:00:00,2025-10-07 06:10:00,1770.2479248046875,5.0,5.0,4.0,14.9,6.5,0.6,0,0,0,0,-4.866574809751517
2025-10-07 08:00:00,2025-10-07 07:10:00,7958.8544921875,98.0,98.0,41.0,366.7,8.1,0.6,8,0,0,8,5.612964594878057
2025-10-07 09:00:00,2025-10-07 08:10:00,14624.732421875,257.0,257.0,68.0,600.5,11.0,0.74,6,1,0,6,15.63325842736111
2025-10-07 10:00:00,2025-10-07 09:10:00,18207.53125,410.0,410.0,83.0,721.4,14.6,0.43,4,0,0,4,24.73741187837149
2025-10-07 11:00:00,2025-10-07 10:10:00,20425.484375,528.0,528.0,91.0,785.8,17.5,0.0,3,0,0,3,32.31564442564632
2025-10-07 12:00:00,2025-10-07 11:10:00,21080.3515625,597.0,597.0,95.0,814.6,19.3,0.45,6,0,0,6,37.58366523706777
2025-10-07 13:00:00,2025-10-07 12:10:00,21033.6328125,612.0,612.0,96.0,819.5,20.3,0.47,12,0,0,12,39.74122757635996
2025-10-07 14:00:00,2025-10-07 13:10:00,19018.083984375,570.0,570.0,96.0,796.3,20.8,0.55,13,0,0,13,38.37265254411507
2025-10-07 15:00:00,2025-10-07 14:10:00,15524.4970703125,479.0,479.0,88.0,758.5,20.9,0.47,9,0,0,9,33.74722026464971
2025-10-07 16:00:00,2025-10-07 15:10:00,10776.1064453125,344.0,344.0,77.0,674.7,20.4,0.57,5,0,0,5,26.61716502837179
2025-10-07 17:00:00,2025-10-07 16:10:00,3332.158203125,186.0,186.0,57.0,528.4,19.2,0.6,47,0,0,47,17.793212131397752
2025-10-07 18:00:00,2025-10-07 17:10:00,214.14581298828125,36.0,36.0,23.0,111.4,17.0,0.32,100,0,0,100,7.926115283548813
2025-10-07 19:00:00,2025-10-07 18:10:00,0.0,0.0,0.0,0.0,0.0,17.0,0.5,100,0,0,100,-2.4996205206324977
2025-10-07 20:00:00,2025-10-07 19:10:00,0.0,0.0,0.0,0.0,0.0,16.4,0.21,84,0,0,84,-13.095941174861279
2025-10-07 21:00:00,2025-10-07 20:10:00,0.0,0.0,0.0,0.0,0.0,15.2,0.67,18,0,0,18,-23.48769893953759
2025-10-07 22:00:00,2025-10-07 21:10:00,0.0,0.0,0.0,0.0,0.0,14.1,0.52,4,0,0,4,-33.21706795104099
2025-10-07 23:00:00,2025-10-07 22:10:00,0.0,0.0,0.0,0.0,0.0,13.1,0.32,14,0,0,14,-41.621143387521805
2025-10-08 00:00:00,2025-10-07 23:10:00,0.0,0.0,0.0,0.0,0.0,12.3,0.76,13,0,0,13,-47.714512800508935
2025-10-08 01:00:00,2025-10-08 00:10:00,0.0,0.0,0.0,0.0,0.0,11.9,1.7,0,0,0,0,-50.30653332959931
2025-10-08 02:00:00,2025-10-08 01:10:00,0.0,0.0,0.0,0.0,0.0,11.1,1.89,0,0,0,0,-48.69510324670107
2025-10-08 03:00:00,2025-10-08 02:10:00,0.0,0.0,0.0,0.0,0.0,10.5,1.37,0,0,0,0,-43.33546367705862
2025-10-08 04:00:00,2025-10-08 03:10:00,0.0,0.0,0.0,0.0,0.0,10.0,1.17,0,0,0,0,-35.38714679473762
2025-10-08 05:00:00,2025-10-08 04:10:00,0.0,0.0,0.0,0.0,0.0,9.6,0.97,0,0,0,0,-25.913800550153653
2025-10-08 06:00:00,2025-10-08 05:10:00,0.0,0.0,0.0,0.0,0.0,9.2,0.54,1,0,0,1,-15.648231501491386
2025-10-08 07:00:00,2025-10-08 06:10:00,1538.9317626953125,4.0,4.0,3.0,15.3,9.1,0.25,29,0,0,29,-5.086171019666414
2025-10-08 08:00:00,2025-10-08 07:10:00,7638.56787109375,92.0,92.0,40.0,339.1,10.2,0.43,7,0,0,7,5.38528560612967
2025-10-08 09:00:00,2025-10-08 08:10:00,14346.619140625,248.0,248.0,69.0,576.4,12.6,0.38,1,0,0,1,15.386767998328699
2025-10-08 10:00:00,2025-10-08 09:10:00,18190.7421875,398.0,398.0,84.0,699.6,15.1,0.46,14,0,0,14,24.46172897274338
2025-10-08 11:00:00,2025-10-08 10:10:00,20669.111328125,513.0,513.0,95.0,758.1,17.0,0.49,39,0,0,39,32.002426331402624
2025-10-08 12:00:00,2025-10-08 11:10:00,21339.9453125,577.0,577.0,111.0,762.3,18.5,0.21,28,0,0,28,37.23115484865162
2025-10-08 13:00:00,2025-10-08 12:10:00,21350.966796875,596.0,596.0,105.0,786.4,18.9,0.32,30,0,0,30,39.35969952825869
2025-10-08 14:00:00,2025-10-08 13:10:00,19079.0625,557.0,557.0,100.0,774.8,19.8,0.5,73,0,0,73,37.98250445269101
2025-10-08 15:00:00,2025-10-08 14:10:00,12107.5419921875,455.0,455.0,110.0,676.6,20.0,0.47,94,0,0,94,33.36719961478614
2025-10-08 16:00:00,2025-10-08 15:10:00,8005.005859375,320.0,320.0,101.0,561.5,19.9,0.54,98,0,0,98,26.25592935809909
2025-10-08 17:00:00,2025-10-08 16:10:00,2602.59521484375,161.0,161.0,80.0,339.7,19.0,0.36,84,0,0,84,17.450577931131274
2025-10-08 18:00:00,2025-10-08 17:10:00,214.14581298828125,34.0,34.0,23.0,96.7,17.0,0.15,100,0,0,100,7.597345576604739
2025-10-08 19:00:00,2025-10-08 18:10:00,0.0,0.0,0.0,0.0,0.0,15.9,0.05,65,0,1,64,-2.821087425869937
2025-10-08 20:00:00,2025-10-08 19:10:00,0.0,0.0,0.0,0.0,0.0,15.3,0.2,100,0,1,100,-13.41747407039905
2025-10-08 21:00:00,2025-10-08 20:10:00,0.0,0.0,0.0,0.0,0.0,15.1,0.07,100,0,1,100,-23.817234843390622
2025-10-08 22:00:00,2025-10-08 21:10:00,0.0,0.0,0.0,0.0,0.0,14.6,0.16,20,0,1,20,-33.56266265169827
2025-10-08 23:00:00,2025-10-08 22:10:00,0.0,0.0,0.0,0.0,0.0,13.7,0.4,0,0,0,0,-41.988693817077454
2025-10-09 00:00:00,2025-10-08 23:10:00,0.0,0.0,0.0,0.0,0.0,13.0,0.34,0,0,0,0,-48.10109557257174
2025-10-09 01:00:00,2025-10-09 00:10:00,0.0,0.0,0.0,0.0,0.0,12.2,0.28,0,0,0,0,-50.69177170565588
2025-10-09 02:00:00,2025-10-09 01:10:00,0.0,0.0,0.0,0.0,0.0,11.4,0.6,0,0,0,0,-49.048853995921
2025-10-09 03:00:00,2025-10-09 02:10:00,0.0,0.0,0.0,0.0,0.0,10.7,1.08,0,0,0,0,-43.64266906787965
2025-10-09 04:00:00,2025-10-09 03:10:00,0.0,0.0,0.0,0.0,0.0,10.2,1.16,0,0,0,0,-35.6529288056648
2025-10-09 05:00:00,2025-10-09 04:10:00,0.0,0.0,0.0,0.0,0.0,9.9,1.13,3,3,0,0,-26.151358463597933
2025-10-09 06:00:00,2025-10-09 05:10:00,0.0,0.0,0.0,0.0,0.0,9.9,0.46,4,4,0,0,-15.871079213218353
2025-10-09 07:00:00,2025-10-09 06:10:00,1417.39453125,3.0,3.0,2.0,15.8,10.4,0.4,0,0,0,0,-5.306366463347361
2025-10-09 08:00:00,2025-10-09 07:10:00,7752.16650390625,88.0,88.0,39.0,324.0,11.9,0.65,1,1,0,0,5.156741896446549
2025-10-09 09:00:00,2025-10-09 08:10:00,14168.533203125,240.0,240.0,70.0,555.0,14.1,0.18,0,0,0,0,15.139285001583087
2025-10-09 10:00:00,2025-10-09 09:10:00,18902.595703125,389.0,389.0,85.0,684.2,16.3,0.4,0,0,0,0,24.18513365788621
2025-10-09 11:00:00,2025-10-09 10:10:00,20471.826171875,504.0,504.0,94.0,750.0,18.0,0.41,0,0,0,0,31.688673606462793
2025-10-09 12:00:00,2025-10-09 11:10:00,21490.50390625,573.0,573.0,99.0,781.8,19.1,0.45,0,0,0,0,36.87880631875021
2025-10-09 13:00:00,2025-10-09 12:10:00,20964.12109375,579.0,579.0,108.0,760.7,20.2,0.65,0,0,0,0,38.97914455836915
2025-10-09 14:00:00,2025-10-09 13:10:00,19712.814453125,552.0,552.0,94.0,783.7,21.1,0.56,0,0,0,0,37.593914170544025
2025-10-09 15:00:00,2025-10-09 14:10:00,15131.2265625,462.0,462.0,88.0,741.6,21.4,0.76,0,0,0,0,32.9890090307158
2025-10-09 16:00:00,2025-10-09 15:10:00,10085.2978515625,324.0,324.0,80.0,634.8,21.4,0.8,0,0,0,0,25.896653837207424
2025-10-09 17:00:00,2025-10-09 16:10:00,3021.643310546875,168.0,168.0,57.0,476.8,20.5,0.54,1,1,0,0,17.110029621329872
2025-10-09 18:00:00,2025-10-09 17:10:00,250.53492736816406,34.0,34.0,18.0,144.2,18.0,0.91,0,0,0,0,7.270819381291689
2025-10-09 19:00:00,2025-10-09 18:10:00,0.0,0.0,0.0,0.0,0.0,16.4,0.97,0,0,0,0,-3.1401337023532516
2025-10-09 20:00:00,2025-10-09 19:10:00,0.0,0.0,0.0,0.0,0.0,15.6,0.87,1,0,1,0,-13.736419657948902
2025-10-09 21:00:00,2025-10-09 20:10:00,0.0,0.0,0.0,0.0,0.0,14.8,0.25,5,5,1,0,-24.144074641571912
2025-10-09 22:00:00,2025-10-09 21:10:00,0.0,0.0,0.0,0.0,0.0,14.1,0.36,11,10,0,0,-33.905589597085445
2025-10-09 23:00:00,2025-10-09 22:10:00,0.0,0.0,0.0,0.0,0.0,13.4,0.96,4,4,0,0,-42.35385191807723
2025-10-10 00:00:00,2025-10-09 23:10:00,0.0,0.0,0.0,0.0,0.0,13.0,0.95,3,2,1,0,-48.48583481460433
2025-10-10 01:00:00,2025-10-10 00:10:00,0.0,0.0,0.0,0.0,0.0,12.6,0.8,7,6,1,0,-51.07569022714034
2025-10-10 02:00:00,2025-10-10 01:10:00,0.0,0.0,0.0,0.0,0.0,12.5,0.72,14,14,0,0,-49.4014848035564
2025-10-10 03:00:00,2025-10-10 02:10:00,0.0,0.0,0.0,0.0,0.0,12.1,0.21,1,1,1,0,-43.94891210340936
2025-10-10 04:00:00,2025-10-10 03:10:00,0.0,0.0,0.0,0.0,0.0,12.0,0.16,4,2,2,0,-35.918085352246294
2025-10-10 05:00:00,2025-10-10 04:10:00,0.0,0.0,0.0,0.0,0.0,11.4,0.29,6,6,1,0,-26.388723722108328
2025-10-10 06:00:00,2025-10-10 05:10:00,0.0,0.0,0.0,0.0,0.0,10.9,0.39,11,11,0,0,-16.09415591505825
2025-10-10 07:00:00,2025-10-10 06:10:00,958.9545288085938,3.0,3.0,3.0,0.0,10.4,0.75,99,99,0,0,-5.527145931226293
2025-10-10 08:00:00,2025-10-10 07:10:00,7257.666015625,85.0,85.0,39.0,308.5,11.9,0.51,13,13,0,0,4.927359575571725
2025-10-10 09:00:00,2025-10-10 08:10:00,13901.5947265625,238.0,238.0,70.0,556.2,14.6,0.47,6,6,0,0,14.890851899832857
2025-10-10 10:00:00,2025-10-10 09:10:00,18851.87890625,384.0,384.0,84.0,682.1,17.4,0.53,0,0,0,0,23.907689276327236
2025-10-10 11:00:00,2025-10-10 10:10:00,20800.08984375,500.0,500.0,93.0,751.1,19.3,0.16,0,0,0,0,31.374471639983213
2025-10-10 12:00:00,2025-10-10 11:10:00,21544.669921875,568.0,568.0,97.0,783.3,20.8,0.47,0,0,0,0,36.52672194314465
2025-10-10 13:00:00,2025-10-10 12:10:00,21403.51171875,585.0,585.0,98.0,793.2,22.0,0.72,0,0,0,0,38.59967390119886
2025-10-10 14:00:00,2025-10-10 13:10:00,19468.19140625,546.0,546.0,94.0,780.7,22.8,1.05,15,0,0,15,37.206999945956156
2025-10-10 15:00:00,2025-10-10 14:10:00,14804.1943359375,455.0,455.0,88.0,735.8,22.9,1.11,13,0,0,13,32.61277499638043
2025-10-10 16:00:00,2025-10-10 15:10:00,9872.296875,321.0,321.0,76.0,646.8,22.6,1.05,26,0,0,26,25.539471189772716
2025-10-10 17:00:00,2025-10-10 16:10:00,2867.802978515625,164.0,164.0,57.0,471.0,21.6,0.86,5,0,0,5,16.771703056315403
2025-10-10 18:00:00,2025-10-10 17:10:00,245.019775390625,31.0,31.0,17.0,129.5,18.9,0.9,0,0,0,0,6.946673999917526
2025-10-10 19:00:00,2025-10-10 18:10:00,0.0,0.0,0.0,0.0,0.0,17.1,0.94,0,0,0,0,-3.456620672934363
2025-10-10 20:00:00,2025-10-10 19:10:00,0.0,0.0,0.0,0.0,0.0,16.1,0.72,0,0,0,0,-14.052636893477713
2025-10-10 21:00:00,2025-10-10 20:10:00,0.0,0.0,0.0,0.0,0.0,15.2,0.29,0,0,0,0,-24.468073580035615
2025-10-10 22:00:00,2025-10-10 21:10:00,0.0,0.0,0.0,0.0,0.0,14.7,0.07,0,0,0,0,-34.245700203360116
2025-10-10 23:00:00,2025-10-10 22:10:00,0.0,0.0,0.0,0.0,0.0,14.2,0.18,0,0,0,0,-42.716470303351024
2025-10-11 00:00:00,2025-10-10 23:10:00,0.0,0.0,0.0,0.0,0.0,13.5,0.54,0,0,0,0,-48.868598963915254
2025-10-11 01:00:00,2025-10-11 00:10:00,0.0,0.0,0.0,0.0,0.0,12.8,0.49,0,0,0,0,-51.458188172860055
2025-10-11 02:00:00,2025-10-11 01:10:00,0.0,0.0,0.0,0.0,0.0,12.2,0.22,0,0,0,0,-49.752926365911854
2025-10-11 03:00:00,2025-10-11 02:10:00,0.0,0.0,0.0,0.0,0.0,11.4,0.41,0,0,0,0,-44.25415069490122
2025-10-11 04:00:00,2025-10-11 03:10:00,0.0,0.0,0.0,0.0,0.0,10.7,0.4,0,0,0,0,-36.18259392095608
2025-10-11 05:00:00,2025-10-11 04:10:00,0.0,0.0,0.0,0.0,0.0,10.1,0.55,98,98,0,0,-26.62588339664914
2025-10-11 06:00:00,2025-10-11 05:10:00,0.0,0.0,0.0,0.0,0.0,9.4,0.98,91,91,0,0,-16.317449742468245
2025-10-11 07:00:00,2025-10-11 06:10:00,931.7020263671875,2.0,2.0,2.0,0.0,9.2,0.74,60,60,0,0,-5.7484919570347035
2025-10-11 08:00:00,2025-10-11 07:10:00,7208.36669921875,83.0,83.0,37.0,312.9,10.6,1.31,11,11,0,0,4.697167418044596
2025-10-11 09:00:00,2025-10-11 08:10:00,14257.85546875,235.0,235.0,68.0,560.8,14.4,0.65,0,0,0,0,14.641514051072901
2025-10-11 10:00:00,2025-10-11 09:10:00,18855.70703125,383.0,383.0,82.0,691.4,17.5,0.92,0,0,0,0,23.629462007748202
2025-10-11 11:00:00,2025-10-11 10:10:00,20960.494140625,497.0,497.0,91.0,755.8,19.5,0.82,0,0,0,0,31.05990820618477
2025-10-11 12:00:00,2025-10-11 11:10:00,21544.669921875,565.0,565.0,96.0,786.5,20.7,0.62,0,0,0,0,36.17500564724407
2025-10-11 13:00:00,2025-10-11 12:10:00,21409.8828125,580.0,580.0,97.0,793.5,21.8,1.01,0,0,0,0,38.221399661594305
2025-10-11 14:00:00,2025-10-11 13:10:00,19401.1796875,540.0,540.0,95.0,775.8,22.4,1.55,7,7,0,0,36.82188021661178
2025-10-11 15:00:00,2025-10-11 14:10:00,13555.41796875,447.0,447.0,89.0,725.8,22.5,1.6,40,40,0,0,32.23862358656886
2025-10-11 16:00:00,2025-10-11 15:10:00,8654.3759765625,310.0,310.0,81.0,613.6,22.3,1.68,55,55,0,0,25.184513315525763
2025-10-11 17:00:00,2025-10-11 16:10:00,2485.8818359375,147.0,147.0,62.0,383.5,21.2,1.35,9,9,0,0,16.435733008808604
2025-10-11 18:00:00,2025-10-11 17:10:00,236.39085388183594,27.0,27.0,15.0,113.9,18.8,1.19,7,7,0,0,6.625045484668311
2025-10-11 19:00:00,2025-10-11 18:10:00,0.0,0.0,0.0,0.0,0.0,17.1,0.96,1,1,0,0,-3.7704110118059813
2025-10-11 20:00:00,2025-10-11 19:10:00,0.0,0.0,0.0,0.0,0.0,16.4,0.74,0,0,0,0,-14.36598608891022
2025-10-11 21:00:00,2025-10-11 20:10:00,0.0,0.0,0.0,0.0,0.0,15.9,0.1,1,0,1,0,-24.789088092450015
2025-10-11 22:00:00,2025-10-11 21:10:00,0.0,0.0,0.0,0.0,0.0,15.1,0.27,3,2,0,0,-34.582846619466274
2025-10-11 23:00:00,2025-10-11 22:10:00,0.0,0.0,0.0,0.0,0.0,14.1,0.25,4,4,0,0,-43.076401550654786
2025-10-12 00:00:00,2025-10-11 23:10:00,0.0,0.0,0.0,0.0,0.0,13.2,0.18,3,3,0,0,-49.2492557812083
2025-10-12 01:00:00,2025-10-12 00:10:00,0.0,0.0,0.0,0.0,0.0,12.2,0.35,98,98,0,0,-51.83916426341182
2025-10-12 02:00:00,2025-10-12 01:10:00,0.0,0.0,0.0,0.0,0.0,12.4,0.27,100,100,0,0,-50.10310920683291
2025-10-12 03:00:00,2025-10-12 02:10:00,0.0,0.0,0.0,0.0,0.0,11.9,0.75,100,100,0,0,-44.558342587360826
2025-10-12 04:00:00,2025-10-12 03:10:00,0.0,0.0,0.0,0.0,0.0,11.5,0.67,100,100,0,0,-36.44643139690644
2025-10-12 05:00:00,2025-10-12 04:10:00,0.0,0.0,0.0,0.0,0.0,11.1,0.32,100,100,0,0,-26.862823342739016
2025-10-12 06:00:00,2025-10-12 05:10:00,0.0,0.0,0.0,0.0,0.0,10.9,0.47,100,100,0,0,-16.540947018090137
2025-10-12 07:00:00,2025-10-12 06:10:00,892.160400390625,2.0,2.0,2.0,0.0,10.6,0.5,100,100,0,0,-5.970384751089606
2025-10-12 08:00:00,2025-10-12 07:10:00,4770.60595703125,62.0,62.0,43.0,131.1,12.1,0.16,100,100,0,0,4.4661969098367225
2025-10-12 09:00:00,2025-10-12 08:10:00,10815.86328125,180.0,180.0,102.0,265.7,14.2,0.25,100,100,0,0,14.39131972836166
2025-10-12 10:00:00,2025-10-12 09:10:00,14008.2802734375,301.0,301.0,144.0,364.4,16.8,0.21,98,98,0,0,23.350520857844177
2025-10-12 11:00:00,2025-10-12 10:10:00,14974.6689453125,390.0,390.0,174.0,405.7,18.4,0.46,77,77,0,0,30.745073428050098
2025-10-12 12:00:00,2025-10-12 11:10:00,13069.287109375,321.0,321.0,212.0,184.3,18.8,0.34,52,52,0,0,35.82376294211918
2025-10-12 13:00:00,2025-10-12 12:10:00,13795.142578125,370.0,370.0,204.0,275.0,19.8,0.54,15,15,0,0,37.84443477571544
2025-10-12 14:00:00,2025-10-12 13:10:00,14270.294921875,434.0,434.0,176.0,454.0,20.7,0.15,24,24,0,0,36.4386735751994
2025-10-12 15:00:00,2025-10-12 14:10:00,9663.4970703125,358.0,358.0,144.0,438.7,20.8,0.73,28,28,0,0,31.86668042980786
2025-10-12 16:00:00,2025-10-12 15:10:00,5893.2841796875,244.0,244.0,105.0,378.0,20.6,0.94,50,50,0,0,24.831911240750618
2025-10-12 17:00:00,2025-10-12 16:10:00,2407.078369140625,131.0,131.0,64.0,309.9,20.0,0.78,45,45,0,0,16.102253105060306
2025-10-12 18:00:00,2025-10-12 17:10:00,222.82937622070312,24.0,24.0,14.0,97.5,18.2,0.11,7,7,0,0,6.306068557289693
2025-10-12 19:00:00,2025-10-12 18:10:00,0.0,0.0,0.0,0.0,0.0,16.6,0.79,7,7,0,0,-4.081368839147538
2025-10-12 20:00:00,2025-10-12 19:10:00,0.0,0.0,0.0,0.0,0.0,16.2,0.76,8,8,0,0,-14.676329019838242
2025-10-12 21:00:00,2025-10-12 20:10:00,0.0,0.0,0.0,0.0,0.0,15.5,0.6,15,15,0,0,-25.106975917471264
2025-10-12 22:00:00,2025-10-12 21:10:00,0.0,0.0,0.0,0.0,0.0,14.9,0.34,18,18,0,0,-34.916881841815574
2025-10-12 23:00:00,2025-10-12 22:10:00,0.0,0.0,0.0,0.0,0.0,14.6,0.07,11,11,0,0,-43.43349828404263
2025-10-13 00:00:00,2025-10-12 23:10:00,0.0,0.0,0.0,0.0,0.0,13.9,0.14,4,4,0,0,-49.6276723645806
2025-10-13 01:00:00,2025-10-13 00:10:00,0.0,0.0,0.0,0.0,0.0,13.3,0.25,16,16,0,0,-52.21851662802448
2025-10-13 02:00:00,2025-10-13 01:10:00,0.0,0.0,0.0,0.0,0.0,13.9,1.0,38,38,0,0,-50.45196362939271
2025-10-13 03:00:00,2025-10-13 02:10:00,0.0,0.0,0.0,0.0,0.0,13.3,1.05,39,39,0,0,-44.86144529425576
2025-10-13 04:00:00,2025-10-13 03:10:00,0.0,0.0,0.0,0.0,0.0,12.6,0.54,98,98,0,0,-36.709573984245644
2025-10-13 05:00:00,2025-10-13 04:10:00,0.0,0.0,0.0,0.0,0.0,12.1,0.46,100,100,0,0,-27.09952811826153
2025-10-13 06:00:00,2025-10-13 05:10:00,0.0,0.0,0.0,0.0,0.0,11.6,0.67,100,100,0,0,-16.764632176788304
2025-10-13 07:00:00,2025-10-13 06:10:00,903.47900390625,1.0,1.0,1.0,0.0,11.4,0.6,100,100,0,0,-6.192802139594184
2025-10-13 08:00:00,2025-10-13 07:10:00,4787.1015625,61.0,61.0,41.0,140.1,13.0,0.78,100,100,0,0,4.234482288373212
2025-10-13 09:00:00,2025-10-13 08:10:00,7915.00927734375,166.0,166.0,107.0,204.0,15.2,0.7,100,100,0,0,14.140320132837092
2025-10-13 10:00:00,2025-10-13 09:10:00,8105.53271484375,206.0,206.0,134.0,168.9,17.0,0.54,100,100,0,0,23.07093764105103
2025-10-13 11:00:00,2025-10-13 10:10:00,6088.43505859375,187.0,187.0,130.0,108.0,17.6,0.27,100,100,0,0,30.430059736388426
2025-10-13 12:00:00,2025-10-13 11:10:00,9484.2314453125,240.0,240.0,189.0,87.0,18.7,0.27,34,34,0,0,35.47310087750432
2025-10-13 13:00:00,2025-10-13 12:10:00,15861.6611328125,388.0,388.0,195.0,322.5,19.2,0.07,34,34,0,0,37.468892969909824
2025-10-13 14:00:00,2025-10-13 13:10:00,12295.8125,375.0,375.0,164.0,374.8,20.1,0.5,77,77,0,0,36.05749873352283
2025-10-13 15:00:00,2025-10-13 14:10:00,9428.11328125,336.0,336.0,140.0,406.3,20.4,1.07,95,95,0,0,31.497070670516884
2025-10-13 16:00:00,2025-10-13 15:10:00,5923.36865234375,235.0,235.0,103.0,364.3,20.1,1.35,45,45,2,0,24.48179506927265
2025-10-13 17:00:00,2025-10-13 16:10:00,1365.458251953125,110.0,110.0,73.0,175.5,19.5,1.52,34,34,2,0,15.771395760603438
2025-10-13 18:00:00,2025-10-13 17:10:00,224.03912353515625,18.0,18.0,13.0,50.0,17.8,0.81,48,47,2,0,5.989876529514979
2025-10-13 19:00:00,2025-10-13 18:10:00,0.0,0.0,0.0,0.0,0.0,16.4,0.85,33,33,1,0,-4.389359815293506
2025-10-13 20:00:00,2025-10-13 19:10:00,0.0,0.0,0.0,0.0,0.0,16.0,0.92,29,28,0,0,-14.983529033480472
2025-10-13 21:00:00,2025-10-13 20:10:00,0.0,0.0,0.0,0.0,0.0,15.4,0.97,43,43,0,0,-25.421596217622835
2025-10-13 22:00:00,2025-10-13 21:10:00,0.0,0.0,0.0,0.0,0.0,14.9,0.64,6,6,0,0,-35.247659832579245
2025-10-13 23:00:00,2025-10-13 22:10:00,0.0,0.0,0.0,0.0,0.0,14.4,0.18,13,13,0,0,-43.78761326038693
2025-10-14 00:00:00,2025-10-13 23:10:00,0.0,0.0,0.0,0.0,0.0,14.0,0.21,13,13,0,0,-50.00371516708579
2025-10-14 01:00:00,2025-10-14 00:10:00,0.0,0.0,0.0,0.0,0.0,13.5,0.15,9,9,0,0,-52.59614277218493
2025-10-14 02:00:00,2025-10-14 01:10:00,0.0,0.0,0.0,0.0,0.0,13.0,0.29,9,9,0,0,-50.79941966813909
2025-10-14 03:00:00,2025-10-14 02:10:00,0.0,0.0,0.0,0.0,0.0,12.3,0.61,19,19,0,0,-45.16341603366903
2025-10-14 04:00:00,2025-10-14 03:10:00,0.0,0.0,0.0,0.0,0.0,11.9,0.68,37,37,0,0,-36.97199712938214
2025-10-14 05:00:00,2025-10-14 04:10:00,0.0,0.0,0.0,0.0,0.0,11.6,0.66,54,54,0,0,-27.335980905495635
2025-10-14 06:00:00,2025-10-14 05:10:00,0.0,0.0,0.0,0.0,0.0,11.9,0.36,38,38,0,0,-16.988487696023103
2025-10-14 07:00:00,2025-10-14 06:10:00,771.87548828125,1.0,1.0,1.0,0.0,12.1,0.21,18,18,2,0,-6.4157195101100575
2025-10-14 08:00:00,2025-10-14 07:10:00,4498.3515625,46.0,46.0,30.0,113.7,13.6,0.29,23,22,6,0,4.0020605758426395
2025-10-14 09:00:00,2025-10-14 08:10:00,5804.4345703125,92.0,92.0,80.0,42.1,14.9,0.42,33,32,13,0,13.88856939995305
2025-10-14 10:00:00,2025-10-14 09:10:00,8402.8486328125,197.0,197.0,127.0,166.0,16.6,0.43,46,45,20,0,22.790786957205498
2025-10-14 11:00:00,2025-10-14 10:10:00,11546.4326171875,290.0,290.0,143.0,281.1,17.9,0.72,58,57,17,0,30.114961824373015
2025-10-14 12:00:00,2025-10-14 11:10:00,14507.2861328125,356.0,356.0,177.0,307.9,18.8,0.91,49,48,18,0,35.12312799185191
2025-10-14 13:00:00,2025-10-14 12:10:00,11810.0751953125,363.0,363.0,209.0,259.6,19.6,1.11,55,49,12,0,37.09488871754278
2025-10-14 14:00:00,2025-10-14 13:10:00,10847.66015625,433.0,433.0,159.0,491.3,20.2,1.13,100,100,3,0,35.678474485165424
2025-10-14 15:00:00,2025-10-14 14:10:00,8689.41015625,272.0,272.0,165.0,224.3,19.7,1.32,100,100,1,0,31.129918930454917
2025-10-14 16:00:00,2025-10-14 15:10:00,4248.66796875,155.0,155.0,112.0,120.5,19.2,1.38,100,100,5,0,24.13429393356154
2025-10-14 17:00:00,2025-10-14 16:10:00,1016.15087890625,90.0,90.0,54.0,175.2,18.6,1.3,52,50,4,0,15.443292116673556
2025-10-14 18:00:00,2025-10-14 17:10:00,219.37355041503906,15.0,15.0,10.0,51.4,17.2,0.52,19,16,7,0,5.676601224328833
2025-10-14 19:00:00,2025-10-14 18:10:00,0.0,0.0,0.0,0.0,0.0,16.1,0.61,14,13,2,0,-4.694251234291353
2025-10-14 20:00:00,2025-10-14 19:10:00,0.0,0.0,0.0,0.0,0.0,15.6,0.97,23,20,4,0,-15.287451156726831
2025-10-14 21:00:00,2025-10-14 20:10:00,0.0,0.0,0.0,0.0,0.0,14.8,0.99,22,19,5,0,-25.732809699615384
2025-10-14 22:00:00,2025-10-14 21:10:00,0.0,0.0,0.0,0.0,0.0,14.1,0.81,32,30,2,0,-35.57503564152293
2025-10-14 23:00:00,2025-10-14 22:10:00,0.0,0.0,0.0,0.0,0.0,13.4,0.68,35,34,2,0,-44.13859946121334
2025-10-15 00:00:00,2025-10-14 23:10:00,0.0,0.0,0.0,0.0,0.0,12.9,0.5,100,100,1,0,-50.37725001818088
2025-10-15 01:00:00,2025-10-15 00:10:00,0.0,0.0,0.0,0.0,0.0,12.8,0.05,15,15,0,0,-52.971939546241735
2025-10-15 02:00:00,2025-10-15 01:10:00,0.0,0.0,0.0,0.0,0.0,12.4,0.6,49,49,0,0,-51.1454070420659
2025-10-15 03:00:00,2025-10-15 02:10:00,0.0,0.0,0.0,0.0,0.0,11.9,1.03,58,58,1,0,-45.464211666100546
2025-10-15 04:00:00,2025-10-15 03:10:00,0.0,0.0,0.0,0.0,0.0,11.2,1.09,91,91,2,0,-37.23367544726283
2025-10-15 05:00:00,2025-10-15 04:10:00,0.0,0.0,0.0,0.0,0.0,10.8,0.78,41,39,4,0,-27.57216343757895
2025-10-15 06:00:00,2025-10-15 05:10:00,0.0,0.0,0.0,0.0,0.0,10.6,0.65,96,95,14,0,-17.212494031739748
2025-10-15 07:00:00,2025-10-15 06:10:00,751.8760375976562,1.0,1.0,1.0,0.0,10.7,0.15,42,35,12,0,-6.639109763337062
2025-10-15 08:00:00,2025-10-15 07:10:00,6244.5341796875,66.0,66.0,34.0,231.0,12.9,0.92,39,39,3,0,3.7689716057195755
2025-10-15 09:00:00,2025-10-15 08:10:00,10131.349609375,198.0,198.0,73.0,445.3,15.1,0.93,59,54,16,0,13.636124598938327
2025-10-15 10:00:00,2025-10-15 09:10:00,13823.98828125,306.0,306.0,121.0,443.4,16.8,0.54,54,43,23,0,22.51014616221894
2025-10-15 11:00:00,2025-10-15 10:10:00,16472.904296875,366.0,366.0,142.0,432.3,17.9,0.36,39,27,16,0,29.799876597665012
2025-10-15 12:00:00,2025-10-15 11:10:00,19446.458984375,482.0,482.0,124.0,621.1,19.0,1.12,31,27,14,0,34.773954259525595
2025-10-15 13:00:00,2025-10-15 12:10:00,19701.19921875,488.0,488.0,126.0,615.6,19.2,1.22,13,12,4,0,36.72253719384179
2025-10-15 14:00:00,2025-10-15 13:10:00,17557.59375,487.0,487.0,103.0,695.2,20.0,1.59,19,16,8,0,35.30171966675259
2025-10-15 15:00:00,2025-10-15 14:10:00,12981.4306640625,397.0,397.0,94.0,642.3,20.0,1.85,16,13,6,0,30.76534926949112
2025-10-15 16:00:00,2025-10-15 15:10:00,7414.0830078125,264.0,264.0,86.0,506.3,19.8,2.12,11,9,5,0,23.789535945977676
2025-10-15 17:00:00,2025-10-15 16:10:00,1806.8880615234375,122.0,122.0,54.0,339.8,19.0,1.75,38,37,4,0,15.118071977350581
2025-10-15 18:00:00,2025-10-15 17:10:00,212.5279998779297,16.0,16.0,11.0,52.9,17.4,1.14,15,13,9,0,5.366372898158798
2025-10-15 19:00:00,2025-10-15 18:10:00,0.0,0.0,0.0,0.0,0.0,16.1,1.37,24,22,5,0,-4.995912116709424
2025-10-15 20:00:00,2025-10-15 19:10:00,0.0,0.0,0.0,0.0,0.0,15.4,0.81,28,25,7,0,-15.587962204087395
2025-10-15 21:00:00,2025-10-15 20:10:00,0.0,0.0,0.0,0.0,0.0,14.9,0.7,98,98,7,0,-26.040478735921642
2025-10-15 22:00:00,2025-10-15 21:10:00,0.0,0.0,0.0,0.0,0.0,13.5,0.84,42,38,8,0,-35.89886553128842
2025-10-15 23:00:00,2025-10-15 22:10:00,0.0,0.0,0.0,0.0,0.0,12.9,0.93,68,67,9,0,-44.4863101900017
2025-10-16 00:00:00,2025-10-15 23:10:00,0.0,0.0,0.0,0.0,0.0,12.4,0.65,70,69,9,0,-50.74814214938147
2025-10-16 01:00:00,2025-10-16 00:10:00,0.0,0.0,0.0,0.0,0.0,13.4,0.72,25,8,20,0,-53.34580311518525
2025-10-16 02:00:00,2025-10-16 01:10:00,0.0,0.0,0.0,0.0,0.0,13.2,0.41,52,40,25,0,-51.48985510846517
2025-10-16 03:00:00,2025-10-16 02:10:00,0.0,0.0,0.0,0.0,0.0,13.1,0.83,63,53,34,0,-45.76378863411026
2025-10-16 04:00:00,2025-10-16 03:10:00,0.0,0.0,0.0,0.0,0.0,12.9,0.86,49,34,43,0,-37.49458265091762
2025-10-16 05:00:00,2025-10-16 04:10:00,0.0,0.0,0.0,0.0,0.0,12.6,0.81,100,100,100,0,-27.808055929598904
2025-10-16 06:00:00,2025-10-16 05:10:00,0.0,0.0,0.0,0.0,0.0,12.2,0.34,100,100,75,0,-17.436629559932058
2025-10-16 07:00:00,2025-10-16 06:10:00,0.0,0.0,0.0,0.0,0.0,11.9,1.07,100,100,12,0,-6.862943271313924
2025-10-16 08:00:00,2025-10-16 07:10:00,4321.322265625,50.0,50.0,32.0,132.0,12.9,1.1,100,100,22,0,3.535258042446549
2025-10-16 09:00:00,2025-10-16 08:10:00,7317.443359375,150.0,150.0,89.0,220.7,14.6,0.35,98,98,50,0,13.383045725500756
2025-10-16 10:00:00,2025-10-16 09:10:00,11777.931640625,261.0,261.0,127.0,324.7,15.9,1.01,66,55,38,0,22.22909533285931
2025-10-16 11:00:00,2025-10-16 10:10:00,12283.2861328125,307.0,307.0,164.0,278.6,16.8,1.67,54,43,20,0,29.48490312024481
2025-10-16 12:00:00,2025-10-16 11:10:00,12513.78125,319.0,319.0,188.0,229.3,17.4,1.74,55,30,38,0,34.42569103522204
2025-10-16 13:00:00,2025-10-16 12:10:00,16071.5234375,362.0,362.0,177.0,317.4,18.0,1.43,35,16,23,0,36.35195422881427
2025-10-16 14:00:00,2025-10-16 13:10:00,16695.140625,461.0,461.0,127.0,610.5,19.0,1.28,35,24,15,0,34.927353117858324
2025-10-16 15:00:00,2025-10-16 14:10:00,12066.3349609375,384.0,384.0,106.0,596.1,19.1,1.38,31,28,5,0,30.40348514573199
2025-10-16 16:00:00,2025-10-16 15:10:00,7084.5576171875,262.0,262.0,80.0,525.7,18.9,1.56,54,52,5,0,23.447648150194293
2025-10-16 17:00:00,2025-10-16 16:10:00,1305.271484375,118.0,118.0,49.0,354.1,18.0,1.58,30,25,25,0,14.79586374747648
2025-10-16 18:00:00,2025-10-16 17:10:00,211.9768524169922,16.0,16.0,11.0,54.4,15.9,0.99,96,27,95,0,5.0593201640926395
2025-10-16 19:00:00,2025-10-16 18:10:00,0.0,0.0,0.0,0.0,0.0,15.1,1.05,41,38,15,0,-5.294213301548497
2025-10-16 20:00:00,2025-10-16 19:10:00,0.0,0.0,0.0,0.0,0.0,14.6,0.71,24,23,12,0,-15.884930885354349
2025-10-16 21:00:00,2025-10-16 20:10:00,0.0,0.0,0.0,0.0,0.0,14.1,0.87,100,100,23,0,-26.344467487399466
2025-10-16 22:00:00,2025-10-16 21:10:00,0.0,0.0,0.0,0.0,0.0,13.6,0.97,100,100,19,0,-36.21900710599792
2025-10-16 23:00:00,2025-10-16 22:10:00,0.0,0.0,0.0,0.0,0.0,13.2,0.6,43,41,18,0,-44.83059917507825
2025-10-17 00:00:00,2025-10-16 23:10:00,0.0,0.0,0.0,0.0,0.0,13.0,0.71,64,61,44,0,-51.11625622445472
2025-10-17 01:00:00,2025-10-17 00:10:00,0.0,0.0,0.0,0.0,0.0,13.9,1.2,100,98,100,0,-53.71762892980954
2025-10-17 02:00:00,2025-10-17 01:10:00,0.0,0.0,0.0,0.0,0.0,13.6,0.78,99,99,66,0,-51.832692817812735
2025-10-17 03:00:00,2025-10-17 02:10:00,0.0,0.0,0.0,0.0,0.0,12.9,0.97,98,98,45,0,-46.06210290398527
2025-10-17 04:00:00,2025-10-17 03:10:00,0.0,0.0,0.0,0.0,0.0,12.6,0.86,98,98,63,0,-37.75469148446473
2025-10-17 05:00:00,2025-10-17 04:10:00,0.0,0.0,0.0,0.0,0.0,12.6,0.75,98,98,51,0,-28.043637014486375
2025-10-17 06:00:00,2025-10-17 05:10:00,0.0,0.0,0.0,0.0,0.0,12.4,0.67,100,100,38,0,-17.660870524019856
2025-10-17 07:00:00,2025-10-17 06:10:00,0.0,0.0,0.0,0.0,0.0,12.1,1.07,99,99,32,0,-7.08718784213166
2025-10-17 08:00:00,2025-10-17 07:10:00,3404.33251953125,38.0,38.0,24.0,104.3,12.9,1.04,99,98,43,0,3.3009653942448893
2025-10-17 09:00:00,2025-10-17 08:10:00,6046.57177734375,116.0,116.0,72.0,161.7,14.2,0.71,80,77,40,0,13.129395687819654
2025-10-17 10:00:00,2025-10-17 09:10:00,6928.92919921875,189.0,189.0,123.0,161.7,15.4,0.75,63,60,42,0,21.94771722575193
2025-10-17 11:00:00,2025-10-17 10:10:00,12289.0966796875,290.0,290.0,165.0,245.8,16.4,0.6,45,38,41,0,29.170142556078112
2025-10-17 12:00:00,2025-10-17 11:10:00,17408.28125,379.0,379.0,156.0,393.7,17.4,0.07,34,29,8,0,34.078450995712856
2025-10-17 13:00:00,2025-10-17 12:10:00,13729.7822265625,363.0,363.0,185.0,308.1,17.7,0.4,56,55,3,0,35.98325625829926
2025-10-17 14:00:00,2025-10-17 13:10:00,11954.24609375,355.0,355.0,174.0,334.1,18.3,0.32,100,100,0,0,34.55549363960372
2025-10-17 15:00:00,2025-10-17 14:10:00,10282.3759765625,328.0,328.0,137.0,414.3,18.4,0.54,58,58,0,0,30.044449375040575
2025-10-17 16:00:00,2025-10-17 15:10:00,8378.7958984375,268.0,268.0,90.0,522.2,18.2,0.71,23,23,0,0,23.10875647282873
2025-10-17 17:00:00,2025-10-17 16:10:00,1762.4449462890625,125.0,125.0,53.0,379.8,17.5,1.01,9,9,2,0,14.47679437140735
2025-10-17 18:00:00,2025-10-17 17:10:00,215.24851989746094,15.0,15.0,10.0,56.0,15.4,1.03,83,83,7,0,4.755569916222128
2025-10-17 19:00:00,2025-10-17 18:10:00,0.0,0.0,0.0,0.0,0.0,14.2,0.63,69,68,2,0,-5.589027537102791
2025-10-17 20:00:00,2025-10-17 19:10:00,0.0,0.0,0.0,0.0,0.0,13.3,0.68,71,71,2,0,-16.178227912772222
2025-10-17 21:00:00,2025-10-17 20:10:00,0.0,0.0,0.0,0.0,0.0,12.6,0.83,35,34,3,0,-26.644642026736232
2025-10-17 22:00:00,2025-10-17 21:10:00,0.0,0.0,0.0,0.0,0.0,12.1,0.97,30,30,2,0,-36.53531944302631
2025-10-17 23:00:00,2025-10-17 22:10:00,0.0,0.0,0.0,0.0,0.0,11.3,0.75,29,29,0,0,-45.17132067820343
2025-10-18 00:00:00,2025-10-17 23:10:00,0.0,0.0,0.0,0.0,0.0,10.6,0.41,23,23,0,0,-51.48145637448147
2025-10-18 01:00:00,2025-10-18 00:10:00,0.0,0.0,0.0,0.0,0.0,9.6,0.79,14,14,0,0,-54.08731169946351
2025-10-18 02:00:00,2025-10-18 01:10:00,0.0,0.0,0.0,0.0,0.0,9.0,0.81,29,29,0,0,-52.17384866983297
2025-10-18 03:00:00,2025-10-18 02:10:00,0.0,0.0,0.0,0.0,0.0,8.8,0.93,73,72,0,0,-46.35910990960155
2025-10-18 04:00:00,2025-10-18 03:10:00,0.0,0.0,0.0,0.0,0.0,8.4,1.01,100,100,2,0,-38.013973659755855
2025-10-18 05:00:00,2025-10-18 04:10:00,0.0,0.0,0.0,0.0,0.0,7.7,0.83,100,100,1,0,-28.278883683866642
2025-10-18 06:00:00,2025-10-18 05:10:00,0.0,0.0,0.0,0.0,0.0,7.3,0.32,100,100,2,0,-17.88519098815569
2025-10-18 07:00:00,2025-10-18 06:10:00,0.0,0.0,0.0,0.0,0.0,6.9,0.25,100,100,1,0,-7.31180869122831
2025-10-18 08:00:00,2025-10-18 07:10:00,5586.14111328125,58.0,58.0,33.0,189.3,7.9,0.57,100,100,0,0,3.0661420190444484
2025-10-18 09:00:00,2025-10-18 08:10:00,11890.8359375,199.0,199.0,73.0,470.7,10.7,0.65,20,20,0,0,12.875240285888339
2025-10-18 10:00:00,2025-10-18 09:10:00,18372.09765625,353.0,353.0,80.0,676.5,13.9,0.3,0,0,0,0,21.66609723072245
2025-10-18 11:00:00,2025-10-18 10:10:00,20659.59375,467.0,467.0,88.0,752.5,16.1,0.41,0,0,0,0,28.855698106751536
2025-10-18 12:00:00,2025-10-18 11:10:00,21584.384765625,535.0,535.0,92.0,789.2,17.4,0.56,0,0,0,0,33.73234807900042
2025-10-18 13:00:00,2025-10-18 12:10:00,21507.013671875,552.0,552.0,92.0,803.5,18.0,0.51,0,0,0,0,35.616560273213985
2025-10-18 14:00:00,2025-10-18 13:10:00,19548.5390625,510.0,510.0,88.0,786.7,19.0,0.53,5,5,0,0,34.186259951994714
2025-10-18 15:00:00,2025-10-18 14:10:00,14710.33203125,418.0,418.0,81.0,739.7,19.1,0.5,6,6,0,0,29.688364089984677
2025-10-18 16:00:00,2025-10-18 15:10:00,9023.96875,282.0,282.0,73.0,622.9,19.0,0.67,2,2,0,0,22.772985675320093
2025-10-18 17:00:00,2025-10-18 16:10:00,1988.7674560546875,131.0,131.0,48.0,450.4,18.0,0.65,0,0,0,0,14.160989272660075
2025-10-18 18:00:00,2025-10-18 17:10:00,220.373779296875,15.0,15.0,10.0,57.7,15.6,1.1,12,12,0,0,4.455247255218076
2025-10-18 19:00:00,2025-10-18 18:10:00,0.0,0.0,0.0,0.0,0.0,14.0,1.08,10,10,0,0,-5.880229570611464
2025-10-18 20:00:00,2025-10-18 19:10:00,0.0,0.0,0.0,0.0,0.0,13.2,0.72,16,16,0,0,-16.467726107501512
2025-10-18 21:00:00,2025-10-18 20:10:00,0.0,0.0,0.0,0.0,0.0,12.8,0.0,25,25,0,0,-26.940870462465508
2025-10-18 22:00:00,2025-10-18 21:10:00,0.0,0.0,0.0,0.0,0.0,12.1,0.18,40,38,0,4,-36.847663227755085
2025-10-18 23:00:00,2025-10-18 22:10:00,0.0,0.0,0.0,0.0,0.0,11.2,0.32,45,45,0,0,-45.508329608928214
2025-10-19 00:00:00,2025-10-18 23:10:00,0.0,0.0,0.0,0.0,0.0,10.4,0.75,32,21,1,14,-51.8436062381214
2025-10-19 01:00:00,2025-10-19 00:10:00,0.0,0.0,0.0,0.0,0.0,10.0,1.09,80,24,3,74,-54.45474536660468
2025-10-19 02:00:00,2025-10-19 01:10:00,0.0,0.0,0.0,0.0,0.0,10.3,0.97,47,47,5,0,-52.513250670881845
2025-10-19 03:00:00,2025-10-19 02:10:00,0.0,0.0,0.0,0.0,0.0,10.5,1.03,100,100,41,15,-46.654764498635515
2025-10-19 04:00:00,2025-10-19 03:10:00,0.0,0.0,0.0,0.0,0.0,10.9,0.6,100,100,56,95,-38.27239979682035
2025-10-19 05:00:00,2025-10-19 04:10:00,0.0,0.0,0.0,0.0,0.0,11.1,0.52,100,100,82,90,-28.513771234000718
2025-10-19 06:00:00,2025-10-19 05:10:00,0.0,0.0,0.0,0.0,0.0,11.0,0.43,100,100,84,100,-18.10956279655556
2025-10-19 07:00:00,2025-10-19 06:10:00,0.0,0.0,0.0,0.0,0.0,11.1,0.18,100,100,88,100,-7.536768419311271
2025-10-19 08:00:00,2025-10-19 07:10:00,2291.459228515625,28.0,28.0,19.0,69.3,11.6,0.5,100,100,98,100,2.830839123546241
2025-10-19 09:00:00,2025-10-19 08:10:00,2403.02392578125,57.0,57.0,56.0,3.8,12.3,0.45,100,100,88,100,12.620648184288536
2025-10-19 10:00:00,2025-10-19 09:10:00,2930.357421875,105.0,105.0,105.0,0.0,13.2,0.6,100,100,41,100,21.384323318618236
2025-10-19 11:00:00,2025-10-19 10:10:00,5289.06494140625,186.0,186.0,181.0,10.0,14.2,0.57,100,74,21,100,28.541674945216688
2025-10-19 12:00:00,2025-10-19 11:10:00,4420.357421875,221.0,221.0,202.0,34.2,14.9,0.65,100,37,39,100,33.387497420983415
2025-10-19 13:00:00,2025-10-19 12:10:00,8209.984375,302.0,302.0,196.0,186.9,16.2,0.45,100,20,34,100,35.25198376705772
2025-10-19 14:00:00,2025-10-19 13:10:00,7247.4287109375,299.0,299.0,238.0,114.8,16.6,0.55,100,48,30,100,33.819770650047566
2025-10-19 15:00:00,2025-10-19 14:10:00,3927.558349609375,181.0,181.0,157.0,53.3,16.6,0.62,100,30,23,100,29.33535069825117
2025-10-19 16:00:00,2025-10-19 15:10:00,3397.478759765625,152.0,152.0,126.0,78.7,16.6,1.05,100,100,21,100,22.440459306090602
2025-10-19 17:00:00,2025-10-19 16:10:00,550.0070190429688,68.0,68.0,61.0,39.1,15.9,1.44,100,100,49,100,13.84857229451601
2025-10-19 18:00:00,2025-10-19 17:10:00,183.67481994628906,8.0,8.0,8.0,0.0,15.1,1.55,100,100,52,100,4.158475415243788
2025-10-19 19:00:00,2025-10-19 18:10:00,0.0,0.0,0.0,0.0,0.0,14.9,1.61,100,100,100,100,-6.167696236535482
2025-10-19 20:00:00,2025-10-19 19:10:00,0.0,0.0,0.0,0.0,0.0,14.4,1.46,100,100,100,90,-16.753300505148033
2025-10-19 21:00:00,2025-10-19 20:10:00,0.0,0.0,0.0,0.0,0.0,14.1,1.39,100,100,100,95,-27.233023063287803
2025-10-19 22:00:00,2025-10-19 21:10:00,0.0,0.0,0.0,0.0,0.0,13.7,1.3,100,100,100,83,-37.15590089108873
2025-10-19 23:00:00,2025-10-19 22:10:00,0.0,0.0,0.0,0.0,0.0,13.4,1.21,100,100,100,83,-45.84148164476276
2025-10-20 00:00:00,2025-10-19 23:10:00,0.0,0.0,0.0,0.0,0.0,13.1,1.03,100,100,97,98,-52.20256900741348
2025-10-20 01:00:00,2025-10-20 00:10:00,0.0,0.0,0.0,0.0,0.0,12.9,1.1,99,96,16,83,-54.819823083373905
2025-10-20 02:00:00,2025-10-20 01:10:00,0.0,0.0,0.0,0.0,0.0,12.8,1.46,100,95,66,90,-52.85082629277851
2025-10-20 03:00:00,2025-10-20 02:10:00,0.0,0.0,0.0,0.0,0.0,12.4,1.46,100,100,96,99,-46.94902088126809
2025-10-20 04:00:00,2025-10-20 03:10:00,0.0,0.0,0.0,0.0,0.0,12.1,1.3,100,100,93,100,-38.529939368248755
2025-10-20 05:00:00,2025-10-20 04:10:00,0.0,0.0,0.0,0.0,0.0,12.0,0.61,100,100,99,100,-28.7482732169287
2025-10-20 06:00:00,2025-10-20 05:10:00,0.0,0.0,0.0,0.0,0.0,11.8,0.21,100,100,79,100,-18.333955538924236
2025-10-20 07:00:00,2025-10-20 06:10:00,0.0,0.0,0.0,0.0,0.0,11.9,1.3,100,100,93,100,-7.762026996930892
2025-10-20 08:00:00,2025-10-20 07:10:00,1283.515869140625,13.0,13.0,13.0,0.0,12.1,0.85,100,100,100,100,2.5951107554524024
2025-10-20 09:00:00,2025-10-20 08:10:00,2087.618896484375,41.0,41.0,41.0,0.0,11.9,1.74,100,100,100,100,12.365690878496416
2025-10-20 10:00:00,2025-10-20 09:10:00,2459.216064453125,64.0,64.0,64.0,0.0,11.7,1.25,100,100,100,100,21.102485983757106
2025-10-20 11:00:00,2025-10-20 10:10:00,2456.965576171875,62.0,62.0,62.0,0.0,11.7,1.11,100,100,100,100,28.228180145787892
2025-10-20 12:00:00,2025-10-20 11:10:00,2507.73291015625,90.0,90.0,90.0,0.0,12.1,1.05,100,100,100,99,33.04401528972828
2025-10-20 13:00:00,2025-10-20 12:10:00,3369.425537109375,82.0,82.0,82.0,0.0,11.0,0.21,95,43,91,29,34.88964468173475
2025-10-20 14:00:00,2025-10-20 13:10:00,3120.388916015625,148.0,148.0,145.0,5.7,12.1,0.93,100,94,91,99,33.45614415875075
2025-10-20 15:00:00,2025-10-20 14:10:00,2151.563232421875,97.0,97.0,97.0,0.0,12.2,0.89,100,91,87,100,28.985529840565498
2025-10-20 16:00:00,2025-10-20 15:10:00,1789.2166748046875,80.0,80.0,78.0,6.2,11.9,0.36,100,100,98,100,22.111299653029842
2025-10-20 17:00:00,2025-10-20 16:10:00,324.93621826171875,31.0,31.0,31.0,0.0,11.1,1.06,79,5,73,65,13.539665641645186
2025-10-20 18:00:00,2025-10-20 17:10:00,197.38340759277344,8.0,8.0,7.0,12.3,10.2,0.61,100,3,9,100,3.8653756923160656
2025-10-20 19:00:00,2025-10-20 18:10:00,0.0,0.0,0.0,0.0,0.0,10.8,1.37,99,7,16,99,-6.451306543289672
2025-10-20 20:00:00,2025-10-20 19:10:00,0.0,0.0,0.0,0.0,0.0,10.4,0.83,100,37,27,100,-17.034828460122057
2025-10-20 21:00:00,2025-10-20 20:10:00,0.0,0.0,0.0,0.0,0.0,10.4,0.55,100,3,6,100,-27.52097238240615
2025-10-20 22:00:00,2025-10-20 21:10:00,0.0,0.0,0.0,0.0,0.0,9.9,0.68,94,20,13,91,-37.45989674948128
2025-10-20 23:00:00,2025-10-20 22:10:00,0.0,0.0,0.0,0.0,0.0,9.7,0.74,95,5,5,95,-46.17063335716595
2025-10-21 00:00:00,2025-10-20 23:10:00,0.0,0.0,0.0,0.0,0.0,9.5,0.83,99,0,1,99,-52.55820747944144
2025-10-21 01:00:00,2025-10-21 00:10:00,0.0,0.0,0.0,0.0,0.0,10.2,1.37,98,68,11,92,-55.18243719041187
2025-10-21 02:00:00,2025-10-21 01:10:00,0.0,0.0,0.0,0.0,0.0,10.1,0.54,100,98,5,91,-53.186502433208325
2025-10-21 03:00:00,2025-10-21 02:10:00,0.0,0.0,0.0,0.0,0.0,10.3,0.38,95,81,1,72,-47.241832581507154
2025-10-21 04:00:00,2025-10-21 03:10:00,0.0,0.0,0.0,0.0,0.0,9.7,0.25,99,66,1,97,-38.786560647636186
2025-10-21 05:00:00,2025-10-21 04:10:00,0.0,0.0,0.0,0.0,0.0,9.2,0.91,98,48,2,97,-28.982361396904754
2025-10-21 06:00:00,2025-10-21 05:10:00,0.0,0.0,0.0,0.0,0.0,8.5,1.08,99,23,0,99,-18.55833652202383
2025-10-21 07:00:00,2025-10-21 06:10:00,0.0,0.0,0.0,0.0,0.0,8.6,0.22,98,90,8,80,-7.987541755705425
2025-10-21 08:00:00,2025-10-21 07:10:00,3443.548583984375,44.0,44.0,34.0,79.6,9.5,0.56,98,52,2,98,2.35901378891969
2025-10-21 09:00:00,2025-10-21 08:10:00,9250.01953125,168.0,168.0,97.0,278.9,10.9,0.86,74,15,2,70,12.110442654838083
2025-10-21 10:00:00,2025-10-21 09:10:00,13857.2900390625,315.0,315.0,115.0,513.3,12.6,0.76,100,5,5,100,20.82067818116344
2025-10-21 11:00:00,2025-10-21 10:10:00,14665.4658203125,363.0,363.0,193.0,347.6,13.9,0.6,100,16,9,100,27.91532261054235
2025-10-21 12:00:00,2025-10-21 11:10:00,12476.87890625,388.0,388.0,228.0,293.0,14.9,1.06,99,23,1,99,32.70201901744537
2025-10-21 13:00:00,2025-10-21 12:10:00,10820.6826171875,351.0,351.0,234.0,210.1,13.9,1.22,100,24,2,100,34.529661351759145
2025-10-21 14:00:00,2025-10-21 13:10:00,6962.794921875,221.0,221.0,204.0,32.7,13.9,1.27,41,15,3,29,33.095498686911306
2025-10-21 15:00:00,2025-10-21 14:10:00,6944.05029296875,248.0,248.0,164.0,191.1,14.2,1.04,63,38,23,37,28.63902134815505
2025-10-21 16:00:00,2025-10-21 15:10:00,4491.2470703125,150.0,150.0,104.0,143.9,13.7,1.03,73,6,38,63,21.785627696342353
2025-10-21 17:00:00,2025-10-21 16:10:00,562.2234497070312,79.0,79.0,53.0,154.1,12.9,0.14,45,14,12,30,13.234389822815023
2025-10-21 18:00:00,2025-10-21 17:10:00,211.76329040527344,9.0,9.0,7.0,25.3,11.9,0.39,75,17,9,66,3.5760673742243836
2025-10-21 19:00:00,2025-10-21 18:10:00,0.0,0.0,0.0,0.0,0.0,12.9,0.89,95,67,20,80,-6.730941758258098
2025-10-21 20:00:00,2025-10-21 19:10:00,0.0,0.0,0.0,0.0,0.0,12.8,0.46,98,8,46,95,-17.312189748581073
2025-10-21 21:00:00,2025-10-21 20:10:00,0.0,0.0,0.0,0.0,0.0,12.6,0.99,99,11,40,99,-27.80459338156783
2025-10-21 22:00:00,2025-10-21 21:10:00,0.0,0.0,0.0,0.0,0.0,11.9,0.6,72,20,38,52,-37.75951714718514
2025-10-21 23:00:00,2025-10-21 22:10:00,0.0,0.0,0.0,0.0,0.0,11.7,0.38,62,29,45,9,-46.495642343325564
2025-10-22 00:00:00,2025-10-21 23:10:00,0.0,0.0,0.0,0.0,0.0,11.1,0.35,63,30,43,14,-52.91038411418897
2025-10-22 01:00:00,2025-10-22 00:10:00,0.0,0.0,0.0,0.0,0.0,10.9,0.85,97,18,9,96,-55.54247919814508
2025-10-22 02:00:00,2025-10-22 01:10:00,0.0,0.0,0.0,0.0,0.0,10.2,0.45,100,17,12,99,-53.52020537780982
2025-10-22 03:00:00,2025-10-22 02:10:00,0.0,0.0,0.0,0.0,0.0,10.1,0.54,99,17,9,98,-47.533152391236996
2025-10-22 04:00:00,2025-10-22 03:10:00,0.0,0.0,0.0,0.0,0.0,9.8,0.32,74,23,24,55,-39.04223066218492
2025-10-22 05:00:00,2025-10-22 04:10:00,0.0,0.0,0.0,0.0,0.0,9.5,0.21,100,19,20,100,-29.216005712189645
2025-10-22 06:00:00,2025-10-22 05:10:00,0.0,0.0,0.0,0.0,0.0,9.2,0.42,93,16,10,91,-18.78267074741058
2025-10-22 07:00:00,2025-10-22 06:10:00,0.0,0.0,0.0,0.0,0.0,9.6,0.46,100,20,34,100,-8.213267386175561
2025-10-22 08:00:00,2025-10-22 07:10:00,1951.4608154296875,24.0,24.0,24.0,0.0,10.4,0.67,96,20,12,95,2.122607903314384
2025-10-22 09:00:00,2025-10-22 08:10:00,8047.21630859375,145.0,145.0,80.0,259.9,12.1,0.6,99,20,3,98,11.854980544229582
2025-10-22 10:00:00,2025-10-22 09:10:00,11536.51953125,261.0,261.0,138.0,319.5,13.6,0.14,100,23,2,100,20.53899525876221
2025-10-22 11:00:00,2025-10-22 10:10:00,11982.44921875,323.0,323.0,181.0,293.2,14.6,0.68,100,9,0,100,27.603212992275893
2025-10-22 12:00:00,2025-10-22 11:10:00,12140.4853515625,362.0,362.0,215.0,271.7,15.6,1.83,100,8,0,100,32.36162693026805
2025-10-22 13:00:00,2025-10-22 12:10:00,10761.505859375,347.0,347.0,239.0,195.8,16.0,0.46,82,58,1,57,34.1721524469048
2025-10-22 14:00:00,2025-10-22 13:10:00,11326.861328125,315.0,315.0,164.0,293.0,16.4,1.45,73,49,2,45,32.737952179934226
2025-10-22 15:00:00,2025-10-22 14:10:00,6668.20703125,224.0,224.0,174.0,115.1,16.4,1.2,52,50,2,2,28.295944199794928
2025-10-22 16:00:00,2025-10-22 15:10:00,5314.04736328125,206.0,206.0,93.0,359.4,16.2,1.63,80,28,2,72,21.463563061797597
2025-10-22 17:00:00,2025-10-22 16:10:00,423.0863037109375,94.0,94.0,51.0,262.8,15.4,1.1,85,23,1,80,12.932863594748225
2025-10-22 18:00:00,2025-10-22 17:10:00,203.0406951904297,8.0,8.0,7.0,13.1,14.4,1.46,100,23,24,99,3.290667672119627
2025-10-22 19:00:00,2025-10-22 18:10:00,0.0,0.0,0.0,0.0,0.0,14.2,0.96,100,16,18,100,-7.006485490915286
2025-10-22 20:00:00,2025-10-22 19:10:00,0.0,0.0,0.0,0.0,0.0,13.9,0.67,99,48,16,98,-17.585266669702044
2025-10-22 21:00:00,2025-10-22 20:10:00,0.0,0.0,0.0,0.0,0.0,13.6,0.42,100,42,63,100,-28.083763554485845
2025-10-22 22:00:00,2025-10-22 21:10:00,0.0,0.0,0.0,0.0,0.0,13.4,0.3,67,29,22,49,-38.05463060040075
2025-10-22 23:00:00,2025-10-22 22:10:00,0.0,0.0,0.0,0.0,0.0,12.6,0.76,100,19,20,100,-46.816367363659786
2025-10-23 00:00:00,2025-10-22 23:10:00,0.0,0.0,0.0,0.0,0.0,12.0,0.07,100,29,8,100,-53.25896109890012
2025-10-23 01:00:00,2025-10-23 00:10:00,0.0,0.0,0.0,0.0,0.0,11.9,0.58,98,25,31,97,-55.89983977077181
2025-10-23 02:00:00,2025-10-23 01:10:00,0.0,0.0,0.0,0.0,0.0,11.8,0.39,100,29,37,100,-53.8518607640498
2025-10-23 03:00:00,2025-10-23 02:10:00,0.0,0.0,0.0,0.0,0.0,11.1,0.6,99,41,21,98,-47.822932327088466
2025-10-23 04:00:00,2025-10-23 03:10:00,0.0,0.0,0.0,0.0,0.0,10.9,0.8,100,66,37,100,-39.2969151495442
2025-10-23 05:00:00,2025-10-23 04:10:00,0.0,0.0,0.0,0.0,0.0,10.8,0.92,100,76,29,100,-29.449174242245387
2025-10-23 06:00:00,2025-10-23 05:10:00,0.0,0.0,0.0,0.0,0.0,10.6,0.25,100,90,51,100,-19.00692089534217
2025-10-23 07:00:00,2025-10-23 06:10:00,0.0,0.0,0.0,0.0,0.0,11.2,0.67,100,63,77,100,-8.439155942244097
2025-10-23 08:00:00,2025-10-23 07:10:00,1175.6666259765625,12.0,12.0,12.0,0.0,11.1,1.17,100,91,65,100,1.8859555553660494
2025-10-23 09:00:00,2025-10-23 08:10:00,2514.214111328125,57.0,57.0,57.0,0.0,11.4,0.76,100,28,43,100,11.5993842698529
2025-10-23 10:00:00,2025-10-23 09:10:00,5049.7939453125,176.0,176.0,134.0,110.4,12.4,0.45,100,100,45,52,20.257534884711784
2025-10-23 11:00:00,2025-10-23 10:10:00,8702.392578125,263.0,263.0,198.0,135.6,13.4,1.8,100,100,16,63,27.291963614170868
2025-10-23 12:00:00,2025-10-23 11:10:00,8123.43505859375,270.0,270.0,194.0,141.8,14.4,1.58,100,75,96,95,32.02295827593458
2025-10-23 13:00:00,2025-10-23 12:10:00,4993.44921875,86.0,86.0,86.0,0.0,14.6,1.25,54,0,52,9,33.81723691336251
2025-10-23 14:00:00,2025-10-23 13:10:00,16093.0927734375,369.0,369.0,170.0,390.2,16.4,2.29,16,0,16,6,32.383622271582354
2025-10-23 15:00:00,2025-10-23 14:10:00,12594.57421875,320.0,320.0,121.0,463.8,17.7,2.39,13,5,9,2,27.956416478475248
2025-10-23 16:00:00,2025-10-23 15:10:00,6367.85107421875,248.0,248.0,77.0,553.0,18.4,4.36,52,30,30,15,21.145223974423
2025-10-23 17:00:00,2025-10-23 16:10:00,506.60394287109375,108.0,108.0,47.0,384.7,16.6,3.66,93,62,83,0,12.635203907193292
2025-10-23 18:00:00,2025-10-23 17:10:00,202.76612854003906,5.0,5.0,4.0,13.5,15.6,4.08,99,68,99,0,3.009291653883404
2025-10-23 19:00:00,2025-10-23 18:10:00,0.0,0.0,0.0,0.0,0.0,15.4,2.39,77,0,77,0,-7.277823773876253
2025-10-23 20:00:00,2025-10-23 19:10:00,0.0,0.0,0.0,0.0,0.0,14.6,2.47,97,38,96,0,-17.853944145022968
2025-10-23 21:00:00,2025-10-23 20:10:00,0.0,0.0,0.0,0.0,0.0,14.0,3.37,70,34,57,0,-28.35836304929494
2025-10-23 22:00:00,2025-10-23 21:10:00,0.0,0.0,0.0,0.0,0.0,13.1,2.33,37,30,11,0,-38.34510794297016
2025-10-23 23:00:00,2025-10-23 22:10:00,0.0,0.0,0.0,0.0,0.0,13.4,1.91,34,33,1,0,-47.132668484924245
2025-10-24 00:00:00,2025-10-23 23:10:00,0.0,0.0,0.0,0.0,0.0,13.4,2.67,11,5,7,0,-53.60380041925147
2025-10-24 01:00:00,2025-10-24 00:10:00,0.0,0.0,0.0,0.0,0.0,13.9,2.65,56,27,55,0,-56.2544087131835
2025-10-24 02:00:00,2025-10-24 01:10:00,0.0,0.0,0.0,0.0,0.0,12.1,2.72,28,8,26,0,-54.18139354697882
2025-10-24 03:00:00,2025-10-24 02:10:00,0.0,0.0,0.0,0.0,0.0,11.5,2.55,24,2,22,0,-48.11112359020273
2025-10-24 04:00:00,2025-10-24 03:10:00,0.0,0.0,0.0,0.0,0.0,10.2,1.91,35,1,34,0,-39.5505785189445
2025-10-24 05:00:00,2025-10-24 04:10:00,0.0,0.0,0.0,0.0,0.0,10.5,2.62,51,5,50,0,-29.681833180351756
2025-10-24 06:00:00,2025-10-24 05:10:00,0.0,0.0,0.0,0.0,0.0,10.6,2.49,20,6,19,0,-19.231047314834132
2025-10-24 07:00:00,2025-10-24 06:10:00,0.0,0.0,0.0,0.0,0.0,9.1,1.96,93,0,93,0,-8.665156852133372
2025-10-24 08:00:00,2025-10-24 07:10:00,5056.85986328125,48.0,48.0,25.0,193.2,10.1,1.5,91,2,91,0,1.6491219448386232
2025-10-24 09:00:00,2025-10-24 08:10:00,10923.7265625,183.0,183.0,70.0,468.3,13.4,1.98,57,0,57,0,11.343736188934932
2025-10-24 10:00:00,2025-10-24 09:10:00,15803.177734375,310.0,310.0,102.0,553.6,15.9,1.9,38,1,38,0,19.976396970064652
2025-10-24 11:00:00,2025-10-24 10:10:00,18945.111328125,422.0,422.0,108.0,661.7,17.5,2.78,76,2,75,0,26.981688386335435
2025-10-24 12:00:00,2025-10-24 11:10:00,20137.921875,494.0,494.0,115.0,713.7,18.4,3.5,5,0,5,0,31.686133149473566
2025-10-24 13:00:00,2025-10-24 12:10:00,20298.177734375,489.0,489.0,122.0,677.9,19.1,3.35,2,1,1,0,33.465033913467984
2025-10-24 14:00:00,2025-10-24 13:10:00,18174.017578125,465.0,465.0,94.0,734.9,19.3,2.94,15,1,14,2,32.03262623476405
2025-10-24 15:00:00,2025-10-24 14:10:00,14458.27734375,387.0,387.0,77.0,731.3,18.9,2.76,30,0,9,23,27.620555327727196
2025-10-24 16:00:00,2025-10-24 15:10:00,7796.61767578125,254.0,254.0,69.0,608.3,18.2,2.65,27,13,25,0,20.83072721267854
2025-10-24 17:00:00,2025-10-24 16:10:00,434.9261474609375,102.0,102.0,41.0,394.7,16.6,1.76,19,5,9,7,12.341525849270981
2025-10-24 18:00:00,2025-10-24 17:10:00,212.3913116455078,7.0,7.0,5.0,27.9,14.6,1.35,73,1,3,73,2.732052179387755
2025-10-24 19:00:00,2025-10-24 18:10:00,0.0,0.0,0.0,0.0,0.0,13.3,1.35,100,1,3,100,-7.5448451416970945
2025-10-24 20:00:00,2025-10-24 19:10:00,0.0,0.0,0.0,0.0,0.0,11.4,1.43,84,2,9,82,-18.11810981558742
2025-10-24 21:00:00,2025-10-24 20:10:00,0.0,0.0,0.0,0.0,0.0,10.1,0.71,30,0,19,14,-28.62827478968254
2025-10-24 22:00:00,2025-10-24 21:10:00,0.0,0.0,0.0,0.0,0.0,9.6,0.55,21,0,16,7,-38.63082247322191
2025-10-24 23:00:00,2025-10-24 22:10:00,0.0,0.0,0.0,0.0,0.0,8.9,1.21,80,2,30,72,-47.44440722876282
2025-10-25 00:00:00,2025-10-24 23:10:00,0.0,0.0,0.0,0.0,0.0,8.6,0.7,72,0,58,34,-53.9447639376261
2025-10-25 01:00:00,2025-10-25 00:10:00,0.0,0.0,0.0,0.0,0.0,8.1,1.77,50,0,13,46,-56.606074961062575
2025-10-25 02:00:00,2025-10-25 01:10:00,0.0,0.0,0.0,0.0,0.0,7.0,0.45,54,0,22,48,-54.50872796695081
2025-10-25 03:00:00,2025-10-25 02:10:00,0.0,0.0,0.0,0.0,0.0,6.8,0.47,14,0,2,12,-48.397676528945546
2025-10-25 04:00:00,2025-10-25 03:10:00,0.0,0.0,0.0,0.0,0.0,6.2,0.47,25,0,7,20,-39.80318381665928
2025-10-25 05:00:00,2025-10-25 04:10:00,0.0,0.0,0.0,0.0,0.0,6.2,0.14,43,0,20,29,-29.913946811642646
2025-10-25 06:00:00,2025-10-25 05:10:00,0.0,0.0,0.0,0.0,0.0,6.1,0.18,35,0,17,21,-19.455008019821996
2025-10-25 07:00:00,2025-10-25 06:10:00,0.0,0.0,0.0,0.0,0.0,5.4,0.87,85,1,80,26,-8.891216935772475
2025-10-25 08:00:00,2025-10-25 07:10:00,4655.31689453125,43.0,43.0,25.0,154.0,6.4,0.85,68,1,65,17,1.412174973856236
2025-10-25 09:00:00,2025-10-25 08:10:00,11711.689453125,178.0,178.0,64.0,481.2,9.2,1.0,34,0,33,2,11.088121228811888
2025-10-25 10:00:00,2025-10-25 09:10:00,17317.78125,323.0,323.0,80.0,654.9,11.9,0.3,15,0,14,0,19.695683586954306
2025-10-25 11:00:00,2025-10-25 10:10:00,20435.708984375,445.0,445.0,83.0,770.8,13.9,0.51,86,0,2,85,26.672502719376332
2025-10-25 12:00:00,2025-10-25 11:10:00,19574.142578125,468.0,468.0,135.0,633.1,15.1,1.0,41,0,2,39,31.351272416992575
2025-10-25 13:00:00,2025-10-25 12:10:00,16966.912109375,449.0,449.0,171.0,518.4,15.6,1.56,91,0,6,91,33.11566276406253
2025-10-25 14:00:00,2025-10-25 13:10:00,15950.41015625,432.0,432.0,138.0,588.4,16.2,1.1,85,0,19,82,31.685080931395223
2025-10-25 15:00:00,2025-10-25 14:10:00,10536.2158203125,333.0,333.0,139.0,463.3,16.2,1.41,100,0,18,100,27.288476907645283
2025-10-25 16:00:00,2025-10-25 15:10:00,4217.673828125,171.0,171.0,131.0,133.8,15.6,1.41,100,1,27,100,20.520188063150883
2025-10-25 17:00:00,2025-10-25 16:10:00,431.8928527832031,61.0,61.0,59.0,13.2,14.4,1.79,100,0,30,100,12.051942597157037
2025-10-25 18:00:00,2025-10-25 17:10:00,203.56814575195312,4.0,4.0,4.0,0.0,12.7,2.69,100,0,13,100,2.4590598377540003
2025-10-25 19:00:00,2025-10-25 18:10:00,0.0,0.0,0.0,0.0,0.0,11.6,2.45,100,1,23,100,-7.807440707247161
2025-10-25 20:00:00,2025-10-25 19:10:00,0.0,0.0,0.0,0.0,0.0,10.8,1.72,100,0,53,100,-18.377654136621402
2025-10-25 21:00:00,2025-10-25 20:10:00,0.0,0.0,0.0,0.0,0.0,10.2,1.6,100,0,20,100,-28.893384594319013
2025-10-25 22:00:00,2025-10-25 21:10:00,0.0,0.0,0.0,0.0,0.0,9.1,0.72,100,0,80,100,-38.91165010154224
2025-10-25 23:00:00,2025-10-25 22:10:00,0.0,0.0,0.0,0.0,0.0,9.2,0.9,86,0,9,84,-47.75144672548989
2025-10-26 00:00:00,2025-10-25 23:10:00,0.0,0.0,0.0,0.0,0.0,8.6,1.36,39,0,3,37,-54.28171347876285
2025-10-26 01:00:00,2025-10-26 00:10:00,0.0,0.0,0.0,0.0,0.0,7.9,0.76,30,0,0,30,-56.954726574401434
2025-10-26 02:00:00,2025-10-26 01:10:00,0.0,0.0,0.0,0.0,0.0,7.6,0.22,43,0,1,43,-54.83378751937798
2025-10-26 03:00:00,2025-10-26 02:10:00,0.0,0.0,0.0,0.0,0.0,7.3,1.19,53,0,1,52,-48.6825406046084
2025-10-26 04:00:00,2025-10-26 03:10:00,0.0,0.0,0.0,0.0,0.0,6.8,0.65,30,0,1,30,-40.05469269580769
2025-10-26 05:00:00,2025-10-26 04:10:00,0.0,0.0,0.0,0.0,0.0,6.9,0.07,67,0,1,66,-30.145477496536632
2025-10-26 06:00:00,2025-10-26 05:10:00,0.0,0.0,0.0,0.0,0.0,6.2,0.8,2,0,2,0,-19.678758691362027
2025-10-26 07:00:00,2025-10-26 06:10:00,0.0,0.0,0.0,0.0,0.0,5.7,1.13,45,1,2,43,-9.117280428503742
2025-10-26 08:00:00,2025-10-26 07:10:00,5016.8359375,41.0,41.0,22.0,165.6,6.0,1.75,90,88,2,10,1.1751852000398768
2025-10-26 09:00:00,2025-10-26 08:10:00,11649.94921875,172.0,172.0,60.0,481.6,8.7,1.22,19,1,4,15,10.832626817474855
2025-10-26 10:00:00,2025-10-26 09:10:00,17987.15234375,323.0,323.0,77.0,671.3,13.3,0.87,7,0,2,5,19.415498882513685
2025-10-26 11:00:00,2025-10-26 10:10:00,21138.27734375,439.0,439.0,83.0,765.9,16.4,0.1,2,0,2,0,26.36452343516924
2025-10-26 12:00:00,2025-10-26 11:10:00,21850.62890625,511.0,511.0,83.0,821.5,17.8,0.64,0,0,0,0,31.018497637671867
2025-10-26 13:00:00,2025-10-26 12:10:00,21933.421875,523.0,523.0,83.0,828.4,19.4,2.7,0,0,0,0,32.76924287354943
2025-10-26 14:00:00,2025-10-26 13:10:00,20016.255859375,481.0,481.0,80.0,810.9,19.2,3.23,0,0,0,0,31.341102761380903
2025-10-26 15:00:00,2025-10-26 14:10:00,15870.3955078125,388.0,388.0,74.0,759.1,19.0,2.43,0,0,0,0,26.960296350641336
2025-10-26 16:00:00,2025-10-26 15:10:00,8420.515625,254.0,254.0,62.0,652.9,17.8,3.75,1,1,0,0,20.21372027580366
2025-10-26 17:00:00,2025-10-26 16:10:00,558.12109375,103.0,103.0,38.0,435.0,15.3,5.13,7,7,0,0,11.766565363160527
2025-10-26 18:00:00,2025-10-26 17:10:00,216.1551971435547,5.0,5.0,3.0,30.0,13.6,4.99,4,4,0,0,2.1904228867155346
2025-10-26 19:00:00,2025-10-26 18:10:00,0.0,0.0,0.0,0.0,0.0,12.6,4.03,12,12,0,0,-8.065504235477661
2025-10-26 20:00:00,2025-10-26 19:10:00,0.0,0.0,0.0,0.0,0.0,12.1,2.47,4,4,0,0,-18.63247046947153
2025-10-26 21:00:00,2025-10-26 20:10:00,0.0,0.0,0.0,0.0,0.0,10.9,1.44,2,2,1,0,-29.15358129419976
2025-10-26 22:00:00,2025-10-26 21:10:00,0.0,0.0,0.0,0.0,0.0,10.1,1.4,7,1,1,5,-39.18746949821224
2025-10-26 23:00:00,2025-10-26 22:10:00,0.0,0.0,0.0,0.0,0.0,9.2,1.14,16,2,0,15,-48.05365187283809
2025-10-27 00:00:00,2025-10-26 23:10:00,0.0,0.0,0.0,0.0,0.0,8.8,1.06,5,2,3,2,-54.61451092303227
2025-10-27 01:00:00,2025-10-27 00:10:00,0.0,0.0,0.0,0.0,0.0,8.4,1.18,23,1,23,1,-57.30025073469273
2025-10-27 02:00:00,2025-10-27 01:10:00,0.0,0.0,0.0,0.0,0.0,7.6,1.21,4,0,4,0,-55.15649492658327
2025-10-27 03:00:00,2025-10-27 02:10:00,0.0,0.0,0.0,0.0,0.0,6.6,1.01,38,0,28,13,-48.96566436011463
2025-10-27 04:00:00,2025-10-27 03:10:00,0.0,0.0,0.0,0.0,0.0,5.8,0.27,28,0,13,19,-40.3050653904874
2025-10-27 05:00:00,2025-10-27 04:10:00,0.0,0.0,0.0,0.0,0.0,4.9,0.85,30,0,20,13,-30.376385659512998
2025-10-27 06:00:00,2025-10-27 05:10:00,0.0,0.0,0.0,0.0,0.0,4.4,0.82,81,0,39,70,-19.90225268578243
2025-10-27 07:00:00,2025-10-27 06:10:00,0.0,0.0,0.0,0.0,0.0,4.8,0.52,80,0,52,58,-9.343289010978353
2025-10-27 08:00:00,2025-10-27 07:10:00,3457.93310546875,33.0,33.0,22.0,97.7,5.9,0.5,96,0,83,78,0.9382257836294737
2025-10-27 09:00:00,2025-10-27 08:10:00,10119.6435546875,131.0,131.0,75.0,245.4,7.8,0.6,95,0,85,70,10.577342808806279
2025-10-27 10:00:00,2025-10-27 09:10:00,10783.5380859375,244.0,244.0,100.0,398.0,10.8,0.76,88,1,71,56,19.135948988737255
2025-10-27 11:00:00,2025-10-27 10:10:00,13887.421875,315.0,315.0,176.0,302.2,12.9,1.66,98,0,98,89,26.057868674992555
2025-10-27 12:00:00,2025-10-27 11:10:00,14598.0283203125,389.0,389.0,155.0,453.4,14.2,1.17,99,1,98,70,30.687930984063666
2025-10-27 13:00:00,2025-10-27 12:10:00,11375.1943359375,304.0,304.0,193.0,211.0,15.8,0.84,75,0,75,4,32.42589367770824
2025-10-27 14:00:00,2025-10-27 13:10:00,13727.744140625,353.0,353.0,146.0,422.9,16.5,0.55,94,0,88,52,31.00080761076164
2025-10-27 15:00:00,2025-10-27 14:10:00,10918.36328125,277.0,277.0,128.0,364.6,16.8,0.6,98,1,95,67,26.636127716964516
2025-10-27 16:00:00,2025-10-27 15:10:00,5378.45166015625,144.0,144.0,78.0,228.3,16.5,0.3,52,4,41,18,19.91143601981763
2025-10-27 17:00:00,2025-10-27 16:10:00,300.8753662109375,73.0,73.0,45.0,190.6,15.4,0.85,93,4,66,78,11.485503346253264
2025-10-27 18:00:00,2025-10-27 17:10:00,172.44825744628906,4.0,4.0,4.0,0.0,13.6,1.64,98,2,66,94,1.9262471941877248
2025-10-27 19:00:00,2025-10-27 18:10:00,0.0,0.0,0.0,0.0,0.0,13.1,0.81,93,4,63,80,-8.31893221441248
2025-10-27 20:00:00,2025-10-27 19:10:00,0.0,0.0,0.0,0.0,0.0,12.4,1.91,92,0,68,76,-18.88245517052966
2025-10-27 21:00:00,2025-10-27 20:10:00,0.0,0.0,0.0,0.0,0.0,11.4,1.91,86,21,73,47,-29.40875684750189
2025-10-27 22:00:00,2025-10-27 21:10:00,0.0,0.0,0.0,0.0,0.0,10.6,1.74,78,20,73,19,-39.45816224102004
2025-10-27 23:00:00,2025-10-27 22:10:00,0.0,0.0,0.0,0.0,0.0,10.0,0.87,52,2,37,22,-48.35088949935151
2025-10-28 00:00:00,2025-10-27 23:10:00,0.0,0.0,0.0,0.0,0.0,9.7,1.32,27,0,6,21,-54.94301830756408
2025-10-28 01:00:00,2025-10-28 00:10:00,0.0,0.0,0.0,0.0,0.0,9.2,0.64,5,0,2,2,-57.64253374604604
2025-10-28 02:00:00,2025-10-28 01:10:00,0.0,0.0,0.0,0.0,0.0,8.1,0.4,17,0,2,15,-55.47677211180031
2025-10-28 03:00:00,2025-10-28 02:10:00,0.0,0.0,0.0,0.0,0.0,7.7,1.08,50,0,0,49,-49.24699539172952
2025-10-28 04:00:00,2025-10-28 03:10:00,0.0,0.0,0.0,0.0,0.0,6.9,0.73,20,0,0,20,-40.554260694205446
2025-10-28 05:00:00,2025-10-28 04:10:00,0.0,0.0,0.0,0.0,0.0,6.4,0.27,74,0,0,74,-30.606629783162543
2025-10-28 06:00:00,2025-10-28 05:10:00,0.0,0.0,0.0,0.0,0.0,6.1,0.68,69,0,0,69,-20.125441048674173
2025-10-28 07:00:00,2025-10-28 06:10:00,0.0,0.0,0.0,0.0,0.0,5.7,0.59,14,0,0,14,-9.569181845089773
2025-10-28 08:00:00,2025-10-28 07:10:00,6350.001953125,39.0,39.0,19.0,181.1,6.4,1.38,0,0,0,0,0.7013724287825226
2025-10-28 09:00:00,2025-10-28 08:10:00,12627.5341796875,177.0,177.0,52.0,558.6,8.6,0.18,28,0,0,28,10.32236140272853
2025-10-28 10:00:00,2025-10-28 09:10:00,17138.564453125,316.0,316.0,68.0,694.2,11.3,0.54,59,0,0,59,18.857141928505374
2025-10-28 11:00:00,2025-10-28 10:10:00,19576.744140625,421.0,421.0,91.0,724.9,14.4,0.51,6,0,0,6,25.752657805191983
2025-10-28 12:00:00,2025-10-28 11:10:00,21406.662109375,492.0,492.0,84.0,798.2,17.1,0.68,6,0,0,6,30.359695160798907
2025-10-28 13:00:00,2025-10-28 12:10:00,21412.859375,505.0,505.0,85.0,806.0,18.0,1.4,21,0,0,21,32.08573457432856
2025-10-28 14:00:00,2025-10-28 13:10:00,18920.298828125,463.0,463.0,81.0,788.5,18.5,1.46,17,0,0,17,30.664310799067618
2025-10-28 15:00:00,2025-10-28 14:10:00,14344.8251953125,369.0,369.0,74.0,730.8,18.5,1.18,27,0,0,27,26.31608395002032
2025-10-28 16:00:00,2025-10-28 15:10:00,6981.65234375,237.0,237.0,62.0,615.6,18.1,0.71,3,0,0,3,19.613445840052986
2025-10-28 17:00:00,2025-10-28 16:10:00,469.8830871582031,90.0,90.0,37.0,366.9,16.5,0.28,2,2,0,0,11.208863684102374
2025-10-28 18:00:00,2025-10-28 17:10:00,215.6101531982422,3.0,3.0,2.0,16.1,14.6,1.17,15,15,0,0,1.6666361821410072
2025-10-28 19:00:00,2025-10-28 18:10:00,0.0,0.0,0.0,0.0,0.0,13.7,1.53,3,3,0,0,-8.567623923192349
2025-10-28 20:00:00,2025-10-28 19:10:00,0.0,0.0,0.0,0.0,0.0,12.9,1.54,0,0,0,0,-19.12750767687394
2025-10-28 21:00:00,2025-10-28 20:10:00,0.0,0.0,0.0,0.0,0.0,11.9,1.68,0,0,0,0,-29.658806451547647
2025-10-28 22:00:00,2025-10-28 21:10:00,0.0,0.0,0.0,0.0,0.0,11.4,1.86,0,0,0,0,-39.72361296212655
2025-10-28 23:00:00,2025-10-28 22:10:00,0.0,0.0,0.0,0.0,0.0,10.8,1.95,1,1,0,0,-48.64302853204613
2025-10-29 00:00:00,2025-10-28 23:10:00,0.0,0.0,0.0,0.0,0.0,10.2,1.69,5,5,0,0,-55.267097935421326
2025-10-29 01:00:00,2025-10-29 00:10:00,0.0,0.0,0.0,0.0,0.0,9.1,1.3,17,17,0,0,-57.981461040490984
2025-10-29 02:00:00,2025-10-29 01:10:00,0.0,0.0,0.0,0.0,0.0,8.7,0.97,55,55,0,0,-55.794540175361206
2025-10-29 03:00:00,2025-10-29 02:10:00,0.0,0.0,0.0,0.0,0.0,8.2,0.5,61,61,0,0,-49.52648032375332
2025-10-29 04:00:00,2025-10-29 03:10:00,0.0,0.0,0.0,0.0,0.0,8.1,0.11,91,91,0,0,-40.80223594255305
2025-10-29 05:00:00,2025-10-29 04:10:00,0.0,0.0,0.0,0.0,0.0,8.0,0.11,92,91,4,10,-30.8361664074204
2025-10-29 06:00:00,2025-10-29 05:10:00,0.0,0.0,0.0,0.0,0.0,7.8,0.1,86,47,10,71,-20.348272534590297
2025-10-29 07:00:00,2025-10-29 06:10:00,0.0,0.0,0.0,0.0,0.0,8.6,1.02,92,88,16,24,-9.794895615774998
2025-10-29 08:00:00,2025-10-29 07:10:00,2160.3662109375,15.0,15.0,14.0,9.2,9.2,0.71,84,76,30,0,0.46470331925731606
2025-10-29 09:00:00,2025-10-29 08:10:00,3194.8427734375,50.0,50.0,50.0,0.0,10.2,0.45,89,78,49,3,10.067777060498054
2025-10-29 10:00:00,2025-10-29 09:10:00,2967.993408203125,96.0,96.0,82.0,39.7,11.1,0.35,100,84,71,94,18.579187517994402
2025-10-29 11:00:00,2025-10-29 10:10:00,3189.00341796875,113.0,113.0,109.0,8.9,11.6,0.14,100,75,91,100,25.449011320544127
2025-10-29 12:00:00,2025-10-29 11:10:00,4057.246826171875,172.0,172.0,143.0,57.3,12.3,0.25,100,88,100,100,30.033913321802622
2025-10-29 13:00:00,2025-10-29 12:10:00,2983.85302734375,138.0,138.0,117.0,40.7,12.3,1.46,100,100,100,99,31.748884856725937
2025-10-29 14:00:00,2025-10-29 13:10:00,3909.73828125,182.0,182.0,145.0,77.2,12.6,1.19,100,100,74,100,30.331727025923716
2025-10-29 15:00:00,2025-10-29 14:10:00,1899.018310546875,89.0,89.0,89.0,0.0,12.4,1.93,100,55,100,100,26.00027683151892
2025-10-29 16:00:00,2025-10-29 15:10:00,1277.3973388671875,30.0,30.0,30.0,0.0,11.8,1.79,100,99,97,99,19.31985861416286
2025-10-29 17:00:00,2025-10-29 16:10:00,201.3970947265625,13.0,13.0,13.0,0.0,11.2,0.9,100,100,100,74,10.936751406654816
2025-10-29 18:00:00,2025-10-29 17:10:00,178.1397247314453,1.0,1.0,1.0,0.0,10.7,1.14,100,100,99,27,1.4116907728709371
2025-10-29 19:00:00,2025-10-29 18:10:00,0.0,0.0,0.0,0.0,0.0,10.4,2.12,100,78,100,86,-8.81148149700854
2025-10-29 20:00:00,2025-10-29 19:10:00,0.0,0.0,0.0,0.0,0.0,10.2,1.14,100,88,100,90,-19.367530588356164
2025-10-29 21:00:00,2025-10-29 20:10:00,0.0,0.0,0.0,0.0,0.0,10.1,0.76,100,100,100,99,-29.903628651464
2025-10-29 22:00:00,2025-10-29 21:10:00,0.0,0.0,0.0,0.0,0.0,9.9,0.32,100,100,100,100,-39.98370949363452
2025-10-29 23:00:00,2025-10-29 22:10:00,0.0,0.0,0.0,0.0,0.0,9.9,1.1,100,100,100,100,-48.929940167900284
2025-10-30 00:00:00,2025-10-29 23:10:00,0.0,0.0,0.0,0.0,0.0,9.9,1.06,100,100,100,100,-55.58661249297999
2025-10-30 01:00:00,2025-10-30 00:10:00,0.0,0.0,0.0,0.0,0.0,9.5,1.62,100,100,100,100,-58.31691718773225
2025-10-30 02:00:00,2025-10-30 01:10:00,0.0,0.0,0.0,0.0,0.0,9.8,0.85,100,100,100,100,-56.10971937310291
2025-10-30 03:00:00,2025-10-30 02:10:00,0.0,0.0,0.0,0.0,0.0,9.5,1.11,100,45,97,100,-49.80406478615836
2025-10-30 04:00:00,2025-10-30 03:10:00,0.0,0.0,0.0,0.0,0.0,9.4,0.62,100,29,80,100,-41.04894700004908
2025-10-30 05:00:00,2025-10-30 04:10:00,0.0,0.0,0.0,0.0,0.0,9.4,1.23,100,12,99,100,-31.064950133865917
2025-10-30 06:00:00,2025-10-30 05:10:00,0.0,0.0,0.0,0.0,0.0,9.3,0.76,100,5,99,99,-20.57069363230123
2025-10-30 07:00:00,2025-10-30 06:10:00,0.0,0.0,0.0,0.0,0.0,8.9,0.81,100,9,84,99,-10.02036457849491
2025-10-30 08:00:00,2025-10-30 07:10:00,2296.27783203125,23.0,23.0,20.0,28.3,9.6,0.92,100,73,90,99,0.22829904870370932
2025-10-30 09:00:00,2025-10-30 08:10:00,4452.1376953125,110.0,110.0,90.0,93.0,10.6,0.61,100,64,4,99,9.813686415388592
2025-10-30 10:00:00,2025-10-30 09:10:00,13167.509765625,250.0,250.0,129.0,347.6,12.2,0.65,66,13,4,60,18.302197265701174
2025-10-30 11:00:00,2025-10-30 10:10:00,18988.09375,391.0,391.0,113.0,623.6,14.1,1.08,16,14,1,2,25.147050745488727
2025-10-30 12:00:00,2025-10-30 11:10:00,20053.783203125,458.0,458.0,103.0,708.0,15.6,1.32,1,1,0,0,29.71070898611969
2025-10-30 13:00:00,2025-10-30 12:10:00,19731.955078125,475.0,475.0,102.0,729.6,15.4,1.29,16,16,0,0,31.415463646200614
2025-10-30 14:00:00,2025-10-30 13:10:00,15829.015625,400.0,400.0,126.0,577.3,16.4,1.6,19,17,2,0,30.003170316946733
2025-10-30 15:00:00,2025-10-30 14:10:00,9599.654296875,298.0,298.0,108.0,482.3,16.6,1.92,75,75,0,0,25.68881693648222
2025-10-30 16:00:00,2025-10-30 15:10:00,5602.330078125,173.0,173.0,85.0,320.2,16.2,1.24,32,32,0,0,19.030781510383708
2025-10-30 17:00:00,2025-10-30 16:10:00,461.87255859375,74.0,74.0,36.0,272.1,14.9,0.57,16,12,4,0,10.669269391316652
2025-10-30 18:00:00,2025-10-30 17:10:00,208.4427947998047,2.0,2.0,2.0,0.0,13.9,0.35,2,2,0,0,1.1615093377502428
2025-10-30 19:00:00,2025-10-30 18:10:00,0.0,0.0,0.0,0.0,0.0,13.2,0.53,9,5,6,0,-9.050409988769095
2025-10-30 20:00:00,2025-10-30 19:10:00,0.0,0.0,0.0,0.0,0.0,12.6,0.43,64,56,60,0,-19.60242974587239
2025-10-30 21:00:00,2025-10-30 20:10:00,0.0,0.0,0.0,0.0,0.0,12.2,0.72,100,100,95,0,-30.143125445122138
2025-10-30 22:00:00,2025-10-30 21:10:00,0.0,0.0,0.0,0.0,0.0,11.6,0.51,100,100,100,0,-40.23834301128624
2025-10-30 23:00:00,2025-10-30 22:10:00,0.0,0.0,0.0,0.0,0.0,11.8,0.3,100,99,100,0,-49.21149804867942
2025-10-31 00:00:00,2025-10-30 23:10:00,0.0,0.0,0.0,0.0,0.0,11.4,0.71,100,53,100,0,-55.9014251756333
2025-10-31 01:00:00,2025-10-31 00:10:00,0.0,0.0,0.0,0.0,0.0,11.4,0.6,100,100,100,0,-58.64878590962629
2025-10-31 02:00:00,2025-10-31 01:10:00,0.0,0.0,0.0,0.0,0.0,11.6,0.99,100,100,100,0,-56.42222909701199
2025-10-31 03:00:00,2025-10-31 02:10:00,0.0,0.0,0.0,0.0,0.0,11.6,0.6,100,98,100,0,-50.07969339511257
2025-10-31 04:00:00,2025-10-31 03:10:00,0.0,0.0,0.0,0.0,0.0,11.4,0.3,100,96,100,0,-41.29434825105517
2025-10-31 05:00:00,2025-10-31 04:10:00,0.0,0.0,0.0,0.0,0.0,11.6,1.05,100,22,100,0,-31.292933634954775
2025-10-31 06:00:00,2025-10-31 05:10:00,0.0,0.0,0.0,0.0,0.0,11.6,0.51,100,50,100,0,-20.79264859543535
2025-10-31 07:00:00,2025-10-31 06:10:00,0.0,0.0,0.0,0.0,0.0,11.3,0.32,100,6,100,0,-10.245520612187434
2025-10-31 08:00:00,2025-10-31 07:10:00,1718.1827392578125,10.0,10.0,10.0,0.0,11.7,0.14,100,47,100,0,-0.007757454200864888
2025-10-31 09:00:00,2025-10-31 08:10:00,2710.5361328125,52.0,52.0,48.0,19.0,12.5,0.29,100,32,100,61,9.560188179016206
2025-10-31 10:00:00,2025-10-31 09:10:00,2689.44140625,71.0,71.0,71.0,0.0,13.1,0.28,100,34,100,10,18.02628426831449
2025-10-31 11:00:00,2025-10-31 10:10:00,3842.52587890625,137.0,137.0,127.0,22.7,14.6,0.27,100,16,100,14,24.84689853339938
2025-10-31 12:00:00,2025-10-31 11:10:00,3280.696044921875,134.0,134.0,117.0,34.2,15.2,0.91,100,100,100,26,29.390205952452504
2025-10-31 13:00:00,2025-10-31 12:10:00,7673.48193359375,166.0,166.0,114.0,102.7,17.0,1.17,46,0,44,4,31.08558982350133
2025-10-31 14:00:00,2025-10-31 13:10:00,12961.1552734375,308.0,308.0,144.0,349.1,17.6,1.35,100,0,92,95,29.678753968975148
2025-10-31 15:00:00,2025-10-31 14:10:00,7903.8349609375,257.0,257.0,135.0,313.4,17.5,1.5,100,9,100,99,25.381813588135913
2025-10-31 16:00:00,2025-10-31 15:10:00,3133.44970703125,138.0,138.0,99.0,144.3,17.1,1.63,100,3,99,100,18.74631994602565
2025-10-31 17:00:00,2025-10-31 16:10:00,261.955322265625,44.0,44.0,34.0,72.8,15.8,1.1,100,2,9,100,10.406518319765995
2025-10-31 18:00:00,2025-10-31 17:10:00,179.49668884277344,1.0,1.0,1.0,0.0,14.6,1.53,100,2,97,100,0.9161876485424961
2025-10-31 19:00:00,2025-10-31 18:10:00,0.0,0.0,0.0,0.0,0.0,14.1,1.19,100,7,11,100,-9.28431742734933
2025-10-31 20:00:00,2025-10-31 19:10:00,0.0,0.0,0.0,0.0,0.0,13.8,0.68,100,9,92,99,-19.832114305559706
2025-10-31 21:00:00,2025-10-31 20:10:00,0.0,0.0,0.0,0.0,0.0,13.6,0.63,100,34,98,100,-30.377202383942286
2025-10-31 22:00:00,2025-10-31 21:10:00,0.0,0.0,0.0,0.0,0.0,13.3,0.18,100,52,60,99,-40.48740817569265
2025-10-31 23:00:00,2025-10-31 22:10:00,0.0,0.0,0.0,0.0,0.0,13.2,0.45,96,12,41,94,-49.48757843853675
2025-11-01 00:00:00,2025-10-31 23:10:00,0.0,0.0,0.0,0.0,0.0,13.1,0.63,99,29,43,98,-56.211399821894005
2025-11-01 01:00:00,2025-11-01 00:10:00,0.0,0.0,0.0,0.0,0.0,12.1,0.7,100,100,84,100,-58.9769500996553
2025-11-01 02:00:00,2025-11-01 01:10:00,0.0,0.0,0.0,0.0,0.0,12.3,0.67,100,100,45,100,-56.73198785812012
2025-11-01 03:00:00,2025-11-01 02:10:00,0.0,0.0,0.0,0.0,0.0,12.3,0.81,100,100,100,94,-50.353309736312866
2025-11-01 04:00:00,2025-11-01 03:10:00,0.0,0.0,0.0,0.0,0.0,12.4,0.5,100,100,99,99,-41.53839259464667
2025-11-01 05:00:00,2025-11-01 04:10:00,0.0,0.0,0.0,0.0,0.0,12.3,0.5,100,100,99,98,-31.5200676680287
2025-11-01 06:00:00,2025-11-01 05:10:00,0.0,0.0,0.0,0.0,0.0,12.1,0.75,100,100,100,99,-21.014079478314077
2025-11-01 07:00:00,2025-11-01 06:10:00,0.0,0.0,0.0,0.0,0.0,12.1,0.51,100,100,92,98,-10.470293277470113
2025-11-01 08:00:00,2025-11-01 07:10:00,1336.45361328125,8.0,8.0,8.0,0.0,12.2,0.34,100,100,92,99,-0.2433810055190082
2025-11-01 09:00:00,2025-11-01 08:10:00,2618.896240234375,49.0,49.0,39.0,48.4,12.4,0.5,100,100,81,99,9.3073830435685
2025-11-01 10:00:00,2025-11-01 09:10:00,4002.24072265625,124.0,124.0,90.0,100.3,13.5,0.42,100,100,57,100,17.751563103669227
2025-11-01 11:00:00,2025-11-01 10:10:00,7113.59619140625,210.0,210.0,135.0,171.8,14.6,0.35,100,100,7,100,24.548677964062865
2025-11-01 12:00:00,2025-11-01 11:10:00,9511.6953125,327.0,327.0,188.0,282.6,15.6,0.45,100,64,3,100,29.072528212513095
2025-11-01 13:00:00,2025-11-01 12:10:00,9739.6513671875,293.0,293.0,178.0,229.2,15.5,0.25,100,16,5,100,30.7593819593557
2025-11-01 14:00:00,2025-11-01 13:10:00,5752.689453125,235.0,235.0,156.0,169.9,15.9,0.53,100,5,3,100,29.358590494671176
2025-11-01 15:00:00,2025-11-01 14:10:00,6424.8671875,219.0,219.0,123.0,249.6,16.4,0.49,98,11,2,98,25.079374812711297
2025-11-01 16:00:00,2025-11-01 15:10:00,3775.548828125,126.0,126.0,80.0,173.1,16.1,0.49,98,17,1,98,18.466577546681357
2025-11-01 17:00:00,2025-11-01 16:10:00,271.669921875,49.0,49.0,40.0,66.6,15.1,0.46,99,33,5,99,10.14859663643216
2025-11-01 18:00:00,2025-11-01 17:10:00,172.00767517089844,1.0,1.0,1.0,0.0,14.4,0.21,88,70,19,55,0.6758188313490047
2025-11-01 19:00:00,2025-11-01 18:10:00,0.0,0.0,0.0,0.0,0.0,14.5,0.51,100,100,14,91,-9.51311487228617
2025-11-01 20:00:00,2025-11-01 19:10:00,0.0,0.0,0.0,0.0,0.0,14.2,1.28,100,100,30,99,-20.05649680867236
2025-11-01 21:00:00,2025-11-01 20:10:00,0.0,0.0,0.0,0.0,0.0,13.9,1.03,100,100,42,67,-30.60576866915101
2025-11-01 22:00:00,2025-11-01 21:10:00,0.0,0.0,0.0,0.0,0.0,13.6,0.56,100,100,34,98,-40.73080327047702
2025-11-01 23:00:00,2025-11-01 22:10:00,0.0,0.0,0.0,0.0,0.0,13.5,0.5,100,100,28,84,-49.75806040377319
2025-11-02 00:00:00,2025-11-01 23:10:00,0.0,0.0,0.0,0.0,0.0,13.4,0.35,100,100,7,98,-56.516401055916
2025-11-02 01:00:00,2025-11-02 00:10:00,0.0,0.0,0.0,0.0,0.0,13.1,0.3,100,96,39,100,-59.30129184767819
2025-11-02 02:00:00,2025-11-02 01:10:00,0.0,0.0,0.0,0.0,0.0,12.6,0.46,100,97,10,99,-57.0389132716547
2025-11-02 03:00:00,2025-11-02 02:10:00,0.0,0.0,0.0,0.0,0.0,12.5,0.27,100,93,38,100,-50.62485635103667
2025-11-02 04:00:00,2025-11-02 03:10:00,0.0,0.0,0.0,0.0,0.0,12.1,0.35,99,16,73,96,-41.781031443302915
2025-11-02 05:00:00,2025-11-02 04:10:00,0.0,0.0,0.0,0.0,0.0,12.1,0.25,100,80,93,100,-31.746301093927976
2025-11-02 06:00:00,2025-11-02 05:10:00,0.0,0.0,0.0,0.0,0.0,12.2,0.41,100,100,90,100,-21.234926176773858
2025-11-02 07:00:00,2025-11-02 06:10:00,0.0,0.0,0.0,0.0,0.0,11.7,0.25,100,27,98,100,-10.694609879854095
2025-11-02 08:00:00,2025-11-02 07:10:00,1628.241455078125,4.0,4.0,4.0,0.0,11.9,0.05,100,99,95,100,-0.478484250461652
2025-11-02 09:00:00,2025-11-02 08:10:00,2291.92626953125,38.0,38.0,38.0,0.0,12.3,0.54,100,86,57,100,9.055373580206933
2025-11-02 10:00:00,2025-11-02 09:10:00,2709.56005859375,83.0,83.0,81.0,6.0,12.7,0.87,100,48,57,100,17.478149721022245
2025-11-02 11:00:00,2025-11-02 10:10:00,4823.1640625,163.0,163.0,154.0,20.8,13.6,0.46,100,32,98,100,24.252513039538055
2025-11-02 12:00:00,2025-11-02 11:10:00,3645.064453125,150.0,150.0,139.0,22.6,14.1,0.55,100,20,73,100,28.75779986329085
2025-11-02 13:00:00,2025-11-02 12:10:00,6574.45068359375,210.0,210.0,167.0,86.5,14.6,0.74,94,30,91,9,30.436958244128014
2025-11-02 14:00:00,2025-11-02 13:10:00,5202.0322265625,193.0,193.0,157.0,78.2,15.4,0.25,100,8,99,45,29.042791566533218
2025-11-02 15:00:00,2025-11-02 14:10:00,2568.193115234375,93.0,93.0,88.0,13.2,15.4,0.25,100,5,100,13,24.781607294179377
2025-11-02 16:00:00,2025-11-02 15:10:00,3151.747802734375,38.0,38.0,36.0,7.6,15.0,1.05,80,0,78,46,18.191656106168796
2025-11-02 17:00:00,2025-11-02 16:10:00,449.1795959472656,52.0,52.0,26.0,195.6,14.1,0.94,0,0,0,0,9.895600508667664
2025-11-02 18:00:00,2025-11-02 17:10:00,255.23924255371094,1.0,1.0,1.0,0.0,12.6,0.35,2,1,1,1,0.4404933232510832
2025-11-02 19:00:00,2025-11-02 18:10:00,0.0,0.0,0.0,0.0,0.0,12.6,0.76,3,0,3,0,-9.736716464788842
2025-11-02 20:00:00,2025-11-02 19:10:00,0.0,0.0,0.0,0.0,0.0,12.2,1.58,34,22,2,14,-20.275493246899437
2025-11-02 21:00:00,2025-11-02 20:10:00,0.0,0.0,0.0,0.0,0.0,11.4,1.5,99,97,2,70,-30.82873724308497
2025-11-02 22:00:00,2025-11-02 21:10:00,0.0,0.0,0.0,0.0,0.0,10.8,0.71,100,100,1,0,-40.968430336703335
2025-11-02 23:00:00,2025-11-02 22:10:00,0.0,0.0,0.0,0.0,0.0,10.2,0.69,97,97,1,0,-50.022825994079994
2025-11-03 00:00:00,2025-11-02 23:10:00,0.0,0.0,0.0,0.0,0.0,10.4,3.01,77,77,0,0,-56.81629443840107
2025-11-03 01:00:00,2025-11-03 00:10:00,0.0,0.0,0.0,0.0,0.0,10.2,3.23,29,29,0,0,-59.62169247024247
2025-11-03 02:00:00,2025-11-03 01:10:00,0.0,0.0,0.0,0.0,0.0,10.1,3.07,7,7,0,0,-57.34292204444125
2025-11-03 03:00:00,2025-11-03 02:10:00,0.0,0.0,0.0,0.0,0.0,10.3,2.76,2,2,0,0,-50.89427472480179
2025-11-03 04:00:00,2025-11-03 03:10:00,0.0,0.0,0.0,0.0,0.0,8.3,1.4,4,4,0,0,-42.022214725263346
2025-11-03 05:00:00,2025-11-03 04:10:00,0.0,0.0,0.0,0.0,0.0,6.4,1.56,8,8,0,0,-31.97158090001597
2025-11-03 06:00:00,2025-11-03 05:10:00,0.0,0.0,0.0,0.0,0.0,5.8,2.02,7,7,0,0,-21.455126473750926
2025-11-03 07:00:00,2025-11-03 06:10:00,0.0,0.0,0.0,0.0,0.0,5.8,0.63,2,2,0,0,-10.918395537715627
2025-11-03 08:00:00,2025-11-03 07:10:00,5919.876953125,27.0,27.0,14.0,133.0,6.9,0.57,3,3,0,0,-0.7129777521619948
2025-11-03 09:00:00,2025-11-03 08:10:00,13582.3603515625,154.0,154.0,51.0,519.9,9.3,1.1,2,2,0,0,8.804264133918618
2025-11-03 10:00:00,2025-11-03 09:10:00,18300.4765625,300.0,300.0,64.0,714.5,11.8,0.6,0,0,0,0,17.20616132889089
2025-11-03 11:00:00,2025-11-03 10:10:00,20996.09765625,408.0,408.0,73.0,783.9,14.4,0.39,1,0,0,1,23.9585283785648
2025-11-03 12:00:00,2025-11-03 11:10:00,21470.96484375,473.0,473.0,79.0,816.4,16.4,1.21,34,0,0,34,28.44614501833938
2025-11-03 13:00:00,2025-11-03 12:10:00,20287.130859375,482.0,482.0,82.0,812.4,18.5,0.98,100,0,0,100,30.118436416667073
2025-11-03 14:00:00,2025-11-03 13:10:00,16214.185546875,406.0,406.0,129.0,607.6,19.0,1.23,97,0,0,97,28.73146796035666
2025-11-03 15:00:00,2025-11-03 14:10:00,11597.7861328125,304.0,304.0,126.0,473.8,18.6,1.06,83,0,0,83,24.488616328936658
2025-11-03 16:00:00,2025-11-03 15:10:00,6225.96484375,193.0,193.0,85.0,419.9,17.5,0.85,26,0,0,26,17.92165554721882
2025-11-03 17:00:00,2025-11-03 16:10:00,477.158935546875,69.0,69.0,32.0,282.9,15.1,0.92,0,0,0,0,9.647623788633648
2025-11-03 18:00:00,2025-11-03 17:10:00,251.08338928222656,1.0,1.0,1.0,0.0,13.9,0.25,0,0,0,0,0.21029883170214367
2025-11-03 19:00:00,2025-11-03 18:10:00,0.0,0.0,0.0,0.0,0.0,13.1,0.51,0,0,0,0,-9.955039474948038
2025-11-03 20:00:00,2025-11-03 19:10:00,0.0,0.0,0.0,0.0,0.0,11.1,1.51,0,0,0,0,-20.489023122902438
2025-11-03 21:00:00,2025-11-03 20:10:00,0.0,0.0,0.0,0.0,0.0,10.0,0.75,0,0,0,0,-31.046024875143747
2025-11-03 22:00:00,2025-11-03 21:10:00,0.0,0.0,0.0,0.0,0.0,9.2,0.22,0,0,0,0,-41.20019530294691
2025-11-03 23:00:00,2025-11-03 22:10:00,0.0,0.0,0.0,0.0,0.0,8.3,0.43,0,0,0,0,-50.28176042452878
2025-11-04 00:00:00,2025-11-03 23:10:00,0.0,0.0,0.0,0.0,0.0,7.8,0.36,0,0,0,0,-57.11094662579361
2025-11-04 01:00:00,2025-11-04 00:10:00,0.0,0.0,0.0,0.0,0.0,7.4,0.16,0,0,0,0,-59.93803254674518
2025-11-04 02:00:00,2025-11-04 01:10:00,0.0,0.0,0.0,0.0,0.0,6.2,0.43,0,0,0,0,-57.64392996455012
2025-11-04 03:00:00,2025-11-04 02:10:00,0.0,0.0,0.0,0.0,0.0,5.0,0.71,0,0,0,0,-51.161505278511065
2025-11-04 04:00:00,2025-11-04 03:10:00,0.0,0.0,0.0,0.0,0.0,4.4,1.0,0,0,0,0,-42.261890890378204
2025-11-04 05:00:00,2025-11-04 04:10:00,0.0,0.0,0.0,0.0,0.0,4.2,0.95,0,0,0,0,-32.195852227406576
2025-11-04 06:00:00,2025-11-04 05:10:00,0.0,0.0,0.0,0.0,0.0,4.2,0.47,0,0,0,0,-21.674616089388927
2025-11-04 07:00:00,2025-11-04 06:10:00,0.0,0.0,0.0,0.0,0.0,3.6,0.16,0,0,0,0,-11.141573254759292
2025-11-04 08:00:00,2025-11-04 07:10:00,5435.6337890625,24.0,24.0,13.0,115.0,3.8,0.35,0,0,0,0,-0.9467700845306385
2025-11-04 09:00:00,2025-11-04 08:10:00,13020.6337890625,148.0,148.0,49.0,510.6,6.2,0.95,0,0,0,0,8.554160715099657
2025-11-04 10:00:00,2025-11-04 09:10:00,18348.220703125,287.0,287.0,65.0,681.2,9.6,0.27,0,0,0,0,16.935716280696695
2025-11-04 11:00:00,2025-11-04 10:10:00,21092.701171875,398.0,398.0,75.0,763.9,12.4,0.21,0,0,0,0,23.666849109693285
2025-11-04 12:00:00,2025-11-04 11:10:00,21471.65625,463.0,463.0,79.0,803.3,14.2,0.4,0,0,0,0,28.13768771818418
2025-11-04 13:00:00,2025-11-04 12:10:00,21624.462890625,475.0,475.0,80.0,809.8,15.4,0.38,0,0,0,0,29.80393369240558
2025-11-04 14:00:00,2025-11-04 13:10:00,19317.216796875,431.0,431.0,76.0,786.5,16.1,0.36,5,0,0,5,28.424729498179552
2025-11-04 15:00:00,2025-11-04 14:10:00,14222.814453125,339.0,339.0,70.0,724.5,16.1,0.35,48,0,0,48,24.200505780461107
2025-11-04 16:00:00,2025-11-04 15:10:00,7082.57568359375,207.0,207.0,58.0,588.9,15.8,0.22,23,0,0,23,17.656673882914443
2025-11-04 17:00:00,2025-11-04 16:10:00,393.01458740234375,67.0,67.0,29.0,295.3,13.5,0.47,1,0,0,1,9.404757976911931
2025-11-04 18:00:00,2025-11-04 17:10:00,221.61813354492188,1.0,1.0,1.0,0.0,11.6,1.15,16,0,0,16,-0.014679703287319273
2025-11-04 19:00:00,2025-11-04 18:10:00,0.0,0.0,0.0,0.0,0.0,10.1,0.78,0,0,0,0,-10.168004345040488
2025-11-04 20:00:00,2025-11-04 19:10:00,0.0,0.0,0.0,0.0,0.0,9.4,0.27,0,0,0,0,-20.697009505863306
2025-11-04 21:00:00,2025-11-04 20:10:00,0.0,0.0,0.0,0.0,0.0,8.6,0.18,0,0,0,0,-31.257552242008334
2025-11-04 22:00:00,2025-11-04 21:10:00,0.0,0.0,0.0,0.0,0.0,7.6,0.25,0,0,0,0,-41.42600811036114
2025-11-04 23:00:00,2025-11-04 22:10:00,0.0,0.0,0.0,0.0,0.0,6.8,0.25,0,0,0,0,-50.534752257520196
2025-11-05 00:00:00,2025-11-04 23:10:00,0.0,0.0,0.0,0.0,0.0,6.3,0.25,0,0,0,0,-57.400225537597244
2025-11-05 01:00:00,2025-11-05 00:10:00,0.0,0.0,0.0,0.0,0.0,4.8,0.76,0,0,0,0,-60.25019196173308
2025-11-05 02:00:00,2025-11-05 01:10:00,0.0,0.0,0.0,0.0,0.0,4.0,0.54,91,91,0,0,-57.941851893175325
2025-11-05 03:00:00,2025-11-05 02:10:00,0.0,0.0,0.0,0.0,0.0,4.1,0.14,79,79,0,0,-51.42648736194428
2025-11-05 04:00:00,2025-11-05 03:10:00,0.0,0.0,0.0,0.0,0.0,3.8,0.18,80,80,0,0,-42.5000069192673
2025-11-05 05:00:00,2025-11-05 04:10:00,0.0,0.0,0.0,0.0,0.0,3.7,0.29,74,74,0,0,-32.41905840217145
2025-11-05 06:00:00,2025-11-05 05:10:00,0.0,0.0,0.0,0.0,0.0,3.5,0.93,26,26,0,0,-21.89332873541577
2025-11-05 07:00:00,2025-11-05 06:10:00,0.0,0.0,0.0,0.0,0.0,2.0,1.24,98,98,0,0,-11.364063996694151
2025-11-05 08:00:00,2025-11-05 07:10:00,4128.46826171875,20.0,20.0,13.0,74.8,2.6,1.56,91,91,0,2,-1.1797679288984726
2025-11-05 09:00:00,2025-11-05 08:10:00,12717.83203125,131.0,131.0,62.0,363.8,4.8,1.05,5,0,0,5,8.305170888156743
2025-11-05 10:00:00,2025-11-05 09:10:00,17241.974609375,282.0,282.0,69.0,662.5,8.1,0.65,12,0,0,12,16.666933958458415
2025-11-05 11:00:00,2025-11-05 10:10:00,20545.58984375,393.0,393.0,77.0,755.4,10.9,0.78,16,0,0,16,23.377600763304724
2025-11-05 12:00:00,2025-11-05 11:10:00,21251.197265625,460.0,460.0,80.0,802.6,12.9,0.85,19,0,0,19,27.83255183995515
2025-11-05 13:00:00,2025-11-05 12:10:00,21365.9921875,470.0,470.0,83.0,800.9,14.6,1.11,0,0,0,0,29.493566690773388
2025-11-05 14:00:00,2025-11-05 13:10:00,19354.9296875,429.0,429.0,75.0,792.1,15.1,0.69,5,0,0,5,28.12268499074951
2025-11-05 15:00:00,2025-11-05 14:10:00,14791.6826171875,335.0,335.0,69.0,724.8,15.2,0.87,0,0,0,0,23.917378033953455
2025-11-05 16:00:00,2025-11-05 15:10:00,7291.96142578125,205.0,205.0,56.0,598.7,14.4,0.63,2,0,0,2,17.39680717888491
2025-11-05 17:00:00,2025-11-05 16:10:00,427.0622253417969,65.0,65.0,27.0,300.1,12.2,0.43,0,0,0,0,9.167092187850383
2025-11-05 18:00:00,2025-11-05 17:10:00,0.0,0.0,0.0,0.0,0.0,11.2,0.43,0,0,0,0,-0.2343601441379666
2025-11-05 19:00:00,2025-11-05 18:10:00,0.0,0.0,0.0,0.0,0.0,10.2,0.6,1,0,0,1,-10.375534728838675
2025-11-05 20:00:00,2025-11-05 19:10:00,0.0,0.0,0.0,0.0,0.0,9.6,0.25,1,0,0,1,-20.899379081852807
2025-11-05 21:00:00,2025-11-05 20:10:00,0.0,0.0,0.0,0.0,0.0,8.7,0.21,48,0,0,48,-31.463244001756028
2025-11-05 22:00:00,2025-11-05 21:10:00,0.0,0.0,0.0,0.0,0.0,7.7,0.38,77,0,0,77,-41.64578283209274
2025-11-05 23:00:00,2025-11-05 22:10:00,0.0,0.0,0.0,0.0,0.0,7.1,0.25,86,0,0,86,-50.78169358384893
2025-11-06 00:00:00,2025-11-05 23:10:00,0.0,0.0,0.0,0.0,0.0,6.8,0.11,73,0,0,73,-57.68400053157576
2025-11-06 01:00:00,2025-11-06 00:10:00,0.0,0.0,0.0,0.0,0.0,5.5,0.75,30,0,0,30,-60.55804995363517
2025-11-06 02:00:00,2025-11-06 01:10:00,0.0,0.0,0.0,0.0,0.0,4.3,0.97,66,0,0,66,-58.23660175873169
2025-11-06 03:00:00,2025-11-06 02:10:00,0.0,0.0,0.0,0.0,0.0,4.2,0.46,92,0,0,92,-51.68915924944765
2025-11-06 04:00:00,2025-11-06 03:10:00,0.0,0.0,0.0,0.0,0.0,4.0,0.2,98,0,0,98,-42.73650833558561
2025-11-06 05:00:00,2025-11-06 04:10:00,0.0,0.0,0.0,0.0,0.0,3.7,0.74,99,0,0,99,-32.641140970289484
2025-11-06 06:00:00,2025-11-06 05:10:00,0.0,0.0,0.0,0.0,0.0,3.4,1.0,100,100,0,98,-22.1111961735234
2025-11-06 07:00:00,2025-11-06 06:10:00,0.0,0.0,0.0,0.0,0.0,2.7,0.64,100,97,0,100,-11.585786771833622
2025-11-06 08:00:00,2025-11-06 07:10:00,2900.086181640625,16.0,16.0,14.0,21.9,2.8,1.11,100,88,0,100,-1.411876174145205
2025-11-06 09:00:00,2025-11-06 08:10:00,5534.07177734375,99.0,99.0,82.0,91.7,4.1,0.94,100,78,0,100,8.057403657417682
2025-11-06 10:00:00,2025-11-06 09:10:00,10241.3427734375,225.0,225.0,133.0,290.1,6.7,0.57,100,3,0,100,16.39993465477819
2025-11-06 11:00:00,2025-11-06 10:10:00,14107.84375,315.0,315.0,164.0,364.9,9.5,0.29,100,0,0,100,23.090909162692554
2025-11-06 12:00:00,2025-11-06 11:10:00,14610.037109375,369.0,369.0,183.0,396.6,11.8,0.76,100,0,5,100,27.530861006346964
2025-11-06 13:00:00,2025-11-06 12:10:00,14927.779296875,395.0,395.0,159.0,493.0,13.2,0.28,100,0,3,100,29.18745136198819
2025-11-06 14:00:00,2025-11-06 13:10:00,13268.818359375,357.0,357.0,154.0,458.8,14.4,0.14,100,0,1,100,27.82544217954766
2025-11-06 15:00:00,2025-11-06 14:10:00,10990.1533203125,301.0,301.0,102.0,548.7,14.8,0.43,95,0,0,95,23.639333950977633
2025-11-06 16:00:00,2025-11-06 15:10:00,4781.72314453125,165.0,165.0,85.0,326.8,14.0,0.79,100,0,5,100,17.14214951625237
2025-11-06 17:00:00,2025-11-06 16:10:00,231.45208740234375,49.0,49.0,37.0,96.3,12.0,0.76,100,0,78,100,8.934713116640916
2025-11-06 18:00:00,2025-11-06 17:10:00,0.0,0.0,0.0,0.0,0.0,11.2,0.11,84,0,0,84,-0.4486631878412729
2025-11-06 19:00:00,2025-11-06 18:10:00,0.0,0.0,0.0,0.0,0.0,9.7,0.4,27,0,2,25,-10.57755752685205
2025-11-06 20:00:00,2025-11-06 19:10:00,0.0,0.0,0.0,0.0,0.0,8.1,0.56,1,0,0,1,-21.096062198847516
2025-11-06 21:00:00,2025-11-06 20:10:00,0.0,0.0,0.0,0.0,0.0,6.9,0.81,0,0,0,0,-31.663028861524307
2025-11-06 22:00:00,2025-11-06 21:10:00,0.0,0.0,0.0,0.0,0.0,6.6,0.22,88,0,0,88,-41.85943778640274
2025-11-06 23:00:00,2025-11-06 22:10:00,0.0,0.0,0.0,0.0,0.0,5.8,0.93,5,0,0,5,-51.02248020199618
2025-11-07 00:00:00,2025-11-06 23:10:00,0.0,0.0,0.0,0.0,0.0,5.4,0.78,57,0,45,23,-57.96214258651968
2025-11-07 01:00:00,2025-11-07 00:10:00,0.0,0.0,0.0,0.0,0.0,5.4,0.68,89,0,18,88,-60.86148517021998
2025-11-07 02:00:00,2025-11-07 01:10:00,0.0,0.0,0.0,0.0,0.0,4.6,0.71,100,0,99,100,-58.52809255315557
2025-11-07 03:00:00,2025-11-07 02:10:00,0.0,0.0,0.0,0.0,0.0,5.1,0.67,94,0,94,2,-51.94945813766104
2025-11-07 04:00:00,2025-11-07 03:10:00,0.0,0.0,0.0,0.0,0.0,4.7,0.41,78,0,74,17,-42.9713392211832
2025-11-07 05:00:00,2025-11-07 04:10:00,0.0,0.0,0.0,0.0,0.0,4.3,0.36,96,0,95,67,-32.86203973608853
2025-11-07 06:00:00,2025-11-07 05:10:00,0.0,0.0,0.0,0.0,0.0,4.4,0.8,100,0,77,100,-22.328148277472813
2025-11-07 07:00:00,2025-11-07 06:10:00,0.0,0.0,0.0,0.0,0.0,4.2,1.1,100,0,9,100,-11.80665871532066
2025-11-07 08:00:00,2025-11-07 07:10:00,2843.574462890625,16.0,16.0,14.0,22.4,4.2,0.67,92,0,85,80,-1.6429980200064873
2025-11-07 09:00:00,2025-11-07 08:10:00,4344.80126953125,89.0,89.0,69.0,110.3,6.1,0.57,100,0,100,99,7.810969350644945
2025-11-07 10:00:00,2025-11-07 09:10:00,9460.44140625,168.0,168.0,141.0,86.3,8.3,0.47,98,0,98,75,16.134839453366
2025-11-07 11:00:00,2025-11-07 10:10:00,9589.666015625,240.0,240.0,157.0,202.8,10.2,1.03,100,0,100,52,22.80690031437469
2025-11-07 12:00:00,2025-11-07 11:10:00,4597.0068359375,119.0,119.0,118.0,2.2,10.3,0.99,100,0,100,60,27.232738494011958
2025-11-07 13:00:00,2025-11-07 12:10:00,5779.853515625,119.0,119.0,112.0,14.8,12.7,1.01,66,0,45,38,28.885702913286647
2025-11-07 14:00:00,2025-11-07 13:10:00,12495.9736328125,280.0,280.0,132.0,337.8,13.4,1.2,100,0,91,99,27.533107678404743
2025-11-07 15:00:00,2025-11-07 14:10:00,3856.12109375,175.0,175.0,148.0,75.3,13.6,1.0,100,0,86,100,23.366472824111796
2025-11-07 16:00:00,2025-11-07 15:10:00,3290.60205078125,107.0,107.0,92.0,62.3,12.9,0.52,100,0,100,48,16.892792955325973
2025-11-07 17:00:00,2025-11-07 16:10:00,418.4031982421875,28.0,28.0,28.0,0.0,11.9,0.18,100,0,100,16,8.707705008121751
2025-11-07 18:00:00,2025-11-07 17:10:00,0.0,0.0,0.0,0.0,0.0,10.7,0.1,2,0,2,0,-0.6575123952392928
2025-11-07 19:00:00,2025-11-07 18:10:00,0.0,0.0,0.0,0.0,0.0,9.1,1.41,0,0,0,0,-10.774002917440235
2025-11-07 20:00:00,2025-11-07 19:10:00,0.0,0.0,0.0,0.0,0.0,8.4,1.15,1,0,0,0,-21.28699290624374
2025-11-07 21:00:00,2025-11-07 20:10:00,0.0,0.0,0.0,0.0,0.0,7.4,1.07,2,0,0,2,-31.85683963839727
2025-11-07 22:00:00,2025-11-07 21:10:00,0.0,0.0,0.0,0.0,0.0,6.5,0.46,16,0,0,16,-42.0668956428621
2025-11-07 23:00:00,2025-11-07 22:10:00,0.0,0.0,0.0,0.0,0.0,6.0,0.21,2,0,0,2,-51.25701179471826
2025-11-08 00:00:00,2025-11-07 23:10:00,0.0,0.0,0.0,0.0,0.0,5.3,0.3,0,0,0,0,-58.23452449217775
2025-11-08 01:00:00,2025-11-08 00:10:00,0.0,0.0,0.0,0.0,0.0,4.1,0.72,0,0,0,0,-61.16037573106954
2025-11-08 02:00:00,2025-11-08 01:10:00,0.0,0.0,0.0,0.0,0.0,3.8,0.11,0,0,0,0,-58.816236330396436
2025-11-08 03:00:00,2025-11-08 02:10:00,0.0,0.0,0.0,0.0,0.0,3.5,0.25,0,0,0,0,-52.20732014511512
2025-11-08 04:00:00,2025-11-08 03:10:00,0.0,0.0,0.0,0.0,0.0,3.2,0.16,0,0,0,0,-43.2044422339346
2025-11-08 05:00:00,2025-11-08 04:10:00,0.0,0.0,0.0,0.0,0.0,3.0,0.07,0,0,0,0,-33.081692803919395
2025-11-08 06:00:00,2025-11-08 05:10:00,0.0,0.0,0.0,0.0,0.0,2.5,0.75,88,88,0,0,-22.54411309863699
2025-11-08 07:00:00,2025-11-08 06:10:00,0.0,0.0,0.0,0.0,0.0,1.6,0.4,83,83,0,0,-12.026595176671236
2025-11-08 08:00:00,2025-11-08 07:10:00,4253.77001953125,17.0,17.0,10.0,80.1,1.8,0.11,100,100,0,0,-1.8730350832455624
2025-11-08 09:00:00,2025-11-08 08:10:00,11580.9072265625,126.0,126.0,50.0,429.2,3.9,0.27,42,42,0,0,7.565979500447255
2025-11-08 10:00:00,2025-11-08 09:10:00,17367.251953125,262.0,262.0,72.0,616.1,7.3,0.18,16,16,0,0,15.87177010834564
2025-11-08 11:00:00,2025-11-08 10:10:00,20746.525390625,379.0,379.0,72.0,758.2,9.9,0.51,0,0,0,0,22.525700297805084
2025-11-08 12:00:00,2025-11-08 11:10:00,21463.662109375,444.0,444.0,76.0,800.1,11.4,0.63,0,0,0,0,26.938307141490284
2025-11-08 13:00:00,2025-11-08 12:10:00,21616.453125,456.0,456.0,77.0,806.8,12.6,0.21,0,0,0,0,28.5884357346613
2025-11-08 14:00:00,2025-11-08 13:10:00,19465.44140625,414.0,414.0,73.0,786.1,13.4,0.25,0,0,0,0,27.245786914745096
2025-11-08 15:00:00,2025-11-08 14:10:00,14745.0908203125,322.0,322.0,66.0,722.5,13.4,0.16,0,0,0,0,23.098892331619854
2025-11-08 16:00:00,2025-11-08 15:10:00,7163.4638671875,193.0,193.0,54.0,586.8,12.8,0.25,0,0,0,0,16.64882750003335
2025-11-08 17:00:00,2025-11-08 16:10:00,422.2181701660156,56.0,56.0,24.0,265.2,11.0,0.07,0,0,0,0,8.48614962728895
2025-11-08 18:00:00,2025-11-08 17:10:00,0.0,0.0,0.0,0.0,0.0,9.8,0.28,0,0,0,0,-0.8608342174451091
2025-11-08 19:00:00,2025-11-08 18:10:00,0.0,0.0,0.0,0.0,0.0,8.5,0.71,0,0,0,0,-10.964804383757503
2025-11-08 20:00:00,2025-11-08 19:10:00,0.0,0.0,0.0,0.0,0.0,7.4,0.85,0,0,0,0,-21.4721089887406
2025-11-08 21:00:00,2025-11-08 20:10:00,0.0,0.0,0.0,0.0,0.0,6.4,0.25,5,5,0,0,-32.04461331321564
2025-11-08 22:00:00,2025-11-08 21:10:00,0.0,0.0,0.0,0.0,0.0,5.6,0.41,13,13,0,0,-42.26808352100581
2025-11-08 23:00:00,2025-11-08 22:10:00,0.0,0.0,0.0,0.0,0.0,4.7,0.87,24,24,0,0,-51.48519210196334
2025-11-09 00:00:00,2025-11-08 23:10:00,0.0,0.0,0.0,0.0,0.0,4.3,0.7,21,21,0,0,-58.50102104586394
2025-11-09 01:00:00,2025-11-09 00:10:00,0.0,0.0,0.0,0.0,0.0,4.3,0.92,23,23,0,0,-61.45459929735841
2025-11-09 02:00:00,2025-11-09 01:10:00,0.0,0.0,0.0,0.0,0.0,3.4,0.93,36,36,0,0,-59.100944207091416
2025-11-09 03:00:00,2025-11-09 02:10:00,0.0,0.0,0.0,0.0,0.0,2.8,0.4,100,100,0,0,-52.462680313523364
2025-11-09 04:00:00,2025-11-09 03:10:00,0.0,0.0,0.0,0.0,0.0,2.5,0.18,100,100,0,0,-43.4357586280055
2025-11-09 05:00:00,2025-11-09 04:10:00,0.0,0.0,0.0,0.0,0.0,2.5,0.07,100,100,0,0,-33.30003662279271
2025-11-09 06:00:00,2025-11-09 05:10:00,0.0,0.0,0.0,0.0,0.0,2.2,0.25,100,100,0,0,-22.75901693468655
2025-11-09 07:00:00,2025-11-09 06:10:00,0.0,0.0,0.0,0.0,0.0,2.3,0.16,100,100,0,2,-12.245509810323481
2025-11-09 08:00:00,2025-11-09 07:10:00,3582.5849609375,13.0,13.0,9.0,46.9,3.5,0.49,100,100,0,0,-2.1018875063725893
2025-11-09 09:00:00,2025-11-09 08:10:00,10150.4658203125,107.0,107.0,56.0,295.0,5.1,0.39,100,100,0,0,7.322546723887127
2025-11-09 10:00:00,2025-11-09 09:10:00,14194.2216796875,236.0,236.0,91.0,476.9,7.1,0.21,17,17,0,0,15.610848922586197
2025-11-09 11:00:00,2025-11-09 10:10:00,19689.103515625,361.0,361.0,81.0,699.2,9.8,0.32,0,0,0,0,22.247435154653466
2025-11-09 12:00:00,2025-11-09 11:10:00,21433.435546875,431.0,431.0,75.0,781.6,11.6,0.18,0,0,0,0,26.64768925678313
2025-11-09 13:00:00,2025-11-09 12:10:00,21335.765625,442.0,442.0,78.0,782.1,12.4,0.35,0,0,0,0,28.295763324168465
2025-11-09 14:00:00,2025-11-09 13:10:00,18914.642578125,399.0,399.0,75.0,754.4,13.2,0.4,0,0,0,0,26.963584070493674
2025-11-09 15:00:00,2025-11-09 14:10:00,14194.1533203125,310.0,310.0,68.0,691.0,13.2,0.34,0,0,0,0,22.836688492151715
2025-11-09 16:00:00,2025-11-09 15:10:00,6816.4033203125,185.0,185.0,54.0,562.2,12.8,0.43,0,0,0,0,16.410341063075435
2025-11-09 17:00:00,2025-11-09 16:10:00,422.2181701660156,52.0,52.0,23.0,244.2,10.9,0.41,0,0,0,0,8.270126231493755
2025-11-09 18:00:00,2025-11-09 17:10:00,0.0,0.0,0.0,0.0,0.0,10.1,0.18,0,0,0,0,-1.0585580194171165
2025-11-09 19:00:00,2025-11-09 18:10:00,0.0,0.0,0.0,0.0,0.0,9.2,0.0,0,0,0,0,-11.149898736503946
2025-11-09 20:00:00,2025-11-09 19:10:00,0.0,0.0,0.0,0.0,0.0,8.0,0.14,0,0,0,0,-21.651351994487545
2025-11-09 21:00:00,2025-11-09 20:10:00,0.0,0.0,0.0,0.0,0.0,7.2,0.29,1,0,1,0,-32.22629107703975
2025-11-09 22:00:00,2025-11-09 21:10:00,0.0,0.0,0.0,0.0,0.0,6.7,0.11,1,0,1,0,-42.462933080854
2025-11-09 23:00:00,2025-11-09 22:10:00,0.0,0.0,0.0,0.0,0.0,6.1,0.28,0,0,0,0,-51.706929089119484
2025-11-10 00:00:00,2025-11-09 23:10:00,0.0,0.0,0.0,0.0,0.0,5.6,0.35,0,0,0,0,-58.761509255158266
2025-11-10 01:00:00,2025-11-10 00:10:00,0.0,0.0,0.0,0.0,0.0,4.7,0.43,0,0,0,0,-61.74403314921961
2025-11-10 02:00:00,2025-11-10 01:10:00,0.0,0.0,0.0,0.0,0.0,4.1,0.46,0,0,0,0,-59.38212636541953
2025-11-10 03:00:00,2025-11-10 02:10:00,0.0,0.0,0.0,0.0,0.0,3.8,0.46,0,0,0,0,-52.71547261059135
2025-11-10 04:00:00,2025-11-10 03:10:00,0.0,0.0,0.0,0.0,0.0,3.2,0.89,11,11,0,0,-43.66522827631658
2025-11-10 05:00:00,2025-11-10 04:10:00,0.0,0.0,0.0,0.0,0.0,2.6,0.79,98,98,0,0,-33.51700603370212
2025-11-10 06:00:00,2025-11-10 05:10:00,0.0,0.0,0.0,0.0,0.0,2.2,0.74,98,98,0,0,-22.97278440111578
2025-11-10 07:00:00,2025-11-10 06:10:00,0.0,0.0,0.0,0.0,0.0,1.5,0.49,94,94,0,0,-12.463314668873755
2025-11-10 08:00:00,2025-11-10 07:10:00,3335.033935546875,12.0,12.0,9.0,36.0,1.3,1.13,100,100,0,2,-2.3294540685912812
2025-11-10 09:00:00,2025-11-10 08:10:00,9987.828125,106.0,106.0,56.0,296.4,3.0,0.9,99,99,0,4,7.080784600580375
2025-11-10 10:00:00,2025-11-10 09:10:00,14378.16796875,237.0,237.0,87.0,500.4,5.4,0.72,20,6,0,14,15.352198625299964
2025-11-10 11:00:00,2025-11-10 10:10:00,19353.99609375,356.0,356.0,86.0,681.7,8.5,0.43,17,1,0,16,21.972230777820737
2025-11-10 12:00:00,2025-11-10 11:10:00,20773.7578125,430.0,430.0,78.0,780.4,11.1,0.47,84,0,0,84,26.361006524675364
2025-11-10 13:00:00,2025-11-10 12:10:00,17902.75,430.0,430.0,97.0,722.3,12.8,0.27,99,0,0,99,28.007798212874203
2025-11-10 14:00:00,2025-11-10 13:10:00,16280.970703125,383.0,383.0,102.0,660.7,13.7,0.18,100,0,0,100,26.68660202268189
2025-11-10 15:00:00,2025-11-10 14:10:00,11753.7822265625,267.0,267.0,125.0,410.1,13.5,0.43,83,0,0,83,22.579955619479378
2025-11-10 16:00:00,2025-11-10 15:10:00,4771.86865234375,157.0,157.0,78.0,344.6,12.5,0.36,100,0,0,100,16.177419431787406
2025-11-10 17:00:00,2025-11-10 16:10:00,302.52008056640625,46.0,46.0,29.0,145.4,10.4,0.07,100,0,0,100,8.059711544295967
2025-11-10 18:00:00,2025-11-10 17:10:00,0.0,0.0,0.0,0.0,0.0,9.8,0.11,100,0,0,100,-1.250616100711136
2025-11-10 19:00:00,2025-11-10 18:10:00,0.0,0.0,0.0,0.0,0.0,9.4,0.25,26,0,12,16,-11.32922613247766
2025-11-10 20:00:00,2025-11-10 19:10:00,0.0,0.0,0.0,0.0,0.0,8.6,0.14,25,0,16,12,-21.82466725741692
2025-11-10 21:00:00,2025-11-10 20:10:00,0.0,0.0,0.0,0.0,0.0,8.1,0.11,96,0,3,96,-32.40181837002818
2025-11-10 22:00:00,2025-11-10 21:10:00,0.0,0.0,0.0,0.0,0.0,7.5,0.1,54,0,0,54,-42.651380604735024
2025-11-10 23:00:00,2025-11-10 22:10:00,0.0,0.0,0.0,0.0,0.0,6.9,0.05,16,0,0,16,-51.922135109576494
2025-11-11 00:00:00,2025-11-10 23:10:00,0.0,0.0,0.0,0.0,0.0,6.4,0.05,0,0,0,0,-59.01586854602617
2025-11-11 01:00:00,2025-11-11 00:10:00,0.0,0.0,0.0,0.0,0.0,4.5,0.3,0,0,0,0,-62.0285542709715
2025-11-11 02:00:00,2025-11-11 01:10:00,0.0,0.0,0.0,0.0,0.0,3.8,0.5,2,0,0,2,-59.65969205814274
2025-11-11 03:00:00,2025-11-11 02:10:00,0.0,0.0,0.0,0.0,0.0,3.8,0.11,0,0,0,0,-52.96562993416365
2025-11-11 04:00:00,2025-11-11 03:10:00,0.0,0.0,0.0,0.0,0.0,3.8,0.22,41,0,0,41,-43.8927896949614
2025-11-11 05:00:00,2025-11-11 04:10:00,0.0,0.0,0.0,0.0,0.0,3.6,0.69,83,0,0,83,-33.73253431935261
2025-11-11 06:00:00,2025-11-11 05:10:00,0.0,0.0,0.0,0.0,0.0,3.7,0.51,20,0,0,20,-23.18533850530301
2025-11-11 07:00:00,2025-11-11 06:10:00,0.0,0.0,0.0,0.0,0.0,3.0,0.27,9,1,0,9,-12.67992029867827
2025-11-11 08:00:00,2025-11-11 07:10:00,4536.81982421875,12.0,12.0,8.0,49.2,3.0,0.29,1,1,0,0,-2.555632298650992
2025-11-11 09:00:00,2025-11-11 08:10:00,12811.5703125,110.0,110.0,49.0,370.7,4.4,0.71,0,0,0,0,6.840807549584791
2025-11-11 10:00:00,2025-11-11 09:10:00,18217.2890625,252.0,252.0,61.0,646.4,7.5,0.61,7,0,0,7,15.095942249147008
2025-11-11 11:00:00,2025-11-11 10:10:00,19828.572265625,360.0,360.0,70.0,740.3,10.3,0.7,9,0,0,9,21.700212800356965
2025-11-11 12:00:00,2025-11-11 11:10:00,21433.435546875,424.0,424.0,74.0,783.5,12.3,0.7,0,0,0,0,26.078379913915413
2025-11-11 13:00:00,2025-11-11 12:10:00,21222.583984375,436.0,436.0,73.0,794.7,13.7,0.64,7,0,0,7,27.72465188950676
2025-11-11 14:00:00,2025-11-11 13:10:00,18385.12109375,393.0,393.0,71.0,764.6,14.1,0.51,89,0,0,89,26.414942283788932
2025-11-11 15:00:00,2025-11-11 14:10:00,11060.43359375,294.0,294.0,78.0,631.0,13.7,0.62,100,0,0,100,22.32878627727411
2025-11-11 16:00:00,2025-11-11 15:10:00,4817.52685546875,165.0,165.0,71.0,416.7,12.8,0.93,100,0,0,100,15.95014623468409
2025-11-11 17:00:00,2025-11-11 16:10:00,274.32391357421875,41.0,41.0,30.0,95.6,10.5,0.71,100,0,0,100,7.854979730935854
2025-11-11 18:00:00,2025-11-11 17:10:00,0.0,0.0,0.0,0.0,0.0,10.6,1.45,100,0,6,100,-1.4369437134474448
2025-11-11 19:00:00,2025-11-11 18:10:00,0.0,0.0,0.0,0.0,0.0,10.6,1.1,45,8,28,16,-11.502730088939838
2025-11-11 20:00:00,2025-11-11 19:10:00,0.0,0.0,0.0,0.0,0.0,10.4,0.28,27,20,9,0,-21.992003913709674
2025-11-11 21:00:00,2025-11-11 20:10:00,0.0,0.0,0.0,0.0,0.0,9.8,0.16,36,36,0,0,-32.57114491252936
2025-11-11 22:00:00,2025-11-11 21:10:00,0.0,0.0,0.0,0.0,0.0,9.0,0.25,4,4,0,0,-42.83336706988253
2025-11-11 23:00:00,2025-11-11 22:10:00,0.0,0.0,0.0,0.0,0.0,7.8,0.47,4,4,0,0,-52.13072706057047
2025-11-12 00:00:00,2025-11-11 23:10:00,0.0,0.0,0.0,0.0,0.0,7.1,0.63,9,9,0,0,-59.26398097558313
2025-11-12 01:00:00,2025-11-12 00:10:00,0.0,0.0,0.0,0.0,0.0,6.0,0.5,16,16,0,0,-62.30803944446588
2025-11-12 02:00:00,2025-11-12 01:10:00,0.0,0.0,0.0,0.0,0.0,5.8,0.63,13,13,0,0,-59.93354961585218
2025-11-12 03:00:00,2025-11-12 02:10:00,0.0,0.0,0.0,0.0,0.0,4.8,0.79,23,23,0,0,-53.21308411752946
2025-11-12 04:00:00,2025-11-12 03:10:00,0.0,0.0,0.0,0.0,0.0,4.8,0.32,20,17,0,4,-44.1183800693304
2025-11-12 05:00:00,2025-11-12 04:10:00,0.0,0.0,0.0,0.0,0.0,4.8,0.11,64,60,0,9,-33.94655325600924
2025-11-12 06:00:00,2025-11-12 05:10:00,0.0,0.0,0.0,0.0,0.0,4.8,0.58,94,93,0,3,-23.396600722795096
2025-11-12 07:00:00,2025-11-12 06:10:00,0.0,0.0,0.0,0.0,0.0,3.7,0.76,84,84,0,0,-12.89523583749628
2025-11-12 08:00:00,2025-11-12 07:10:00,2985.21728515625,9.0,9.0,7.0,25.2,4.0,0.72,30,28,0,3,-2.780318589282602
2025-11-12 09:00:00,2025-11-12 08:10:00,7857.16015625,85.0,85.0,53.0,199.4,5.7,0.82,86,5,0,85,6.6027307053722755
2025-11-12 10:00:00,2025-11-12 09:10:00,13610.74609375,223.0,223.0,81.0,487.6,8.2,0.85,81,5,0,80,14.842203007084267
2025-11-12 11:00:00,2025-11-12 10:10:00,18658.23828125,326.0,326.0,81.0,632.4,10.4,0.57,28,2,0,27,21.43150648444769
2025-11-12 12:00:00,2025-11-12 11:10:00,19543.064453125,398.0,398.0,86.0,705.2,11.9,0.56,6,4,1,2,25.79992958436028
2025-11-12 13:00:00,2025-11-12 12:10:00,19424.962890625,411.0,411.0,91.0,707.1,12.8,0.21,14,1,0,14,27.446434724885325
2025-11-12 14:00:00,2025-11-12 13:10:00,16233.64453125,362.0,362.0,87.0,659.3,13.5,0.32,98,1,0,98,26.148704941855424
2025-11-12 15:00:00,2025-11-12 14:10:00,9232.125,251.0,251.0,98.0,452.1,13.3,0.57,100,2,0,100,22.083271233930887
2025-11-12 16:00:00,2025-11-12 15:10:00,4429.02880859375,149.0,149.0,64.0,382.9,12.5,0.63,98,0,0,98,15.728602908665854
2025-11-12 17:00:00,2025-11-12 16:10:00,353.8336181640625,38.0,38.0,25.0,114.7,10.4,0.21,98,0,0,98,7.656002375380221
2025-11-12 18:00:00,2025-11-12 17:10:00,0.0,0.0,0.0,0.0,0.0,10.1,0.56,100,0,0,100,-1.6174790775414851
2025-11-12 19:00:00,2025-11-12 18:10:00,0.0,0.0,0.0,0.0,0.0,9.9,0.25,98,0,0,98,-11.670357493824508
2025-11-12 20:00:00,2025-11-12 19:10:00,0.0,0.0,0.0,0.0,0.0,9.4,0.11,30,2,0,28,-22.153314912368238
2025-11-12 21:00:00,2025-11-12 20:10:00,0.0,0.0,0.0,0.0,0.0,8.4,0.35,98,4,0,98,-32.734224728220525
2025-11-12 22:00:00,2025-11-12 21:10:00,0.0,0.0,0.0,0.0,0.0,7.7,0.29,36,1,0,35,-43.008838211317
2025-11-12 23:00:00,2025-11-12 22:10:00,0.0,0.0,0.0,0.0,0.0,7.1,0.35,95,95,0,0,-52.332626531279956
2025-11-13 00:00:00,2025-11-12 23:10:00,0.0,0.0,0.0,0.0,0.0,6.6,0.57,97,97,0,5,-59.505731448634315
2025-11-13 01:00:00,2025-11-13 00:10:00,0.0,0.0,0.0,0.0,0.0,5.8,0.82,99,97,0,79,-62.58236535080145
2025-11-13 02:00:00,2025-11-13 01:10:00,0.0,0.0,0.0,0.0,0.0,5.4,0.71,90,69,0,67,-60.20360645645105
2025-11-13 03:00:00,2025-11-13 02:10:00,0.0,0.0,0.0,0.0,0.0,5.3,0.74,64,41,0,40,-53.457765935713006
2025-11-13 04:00:00,2025-11-13 03:10:00,0.0,0.0,0.0,0.0,0.0,5.2,0.78,86,35,0,78,-44.341935281696294
2025-11-13 05:00:00,2025-11-13 04:10:00,0.0,0.0,0.0,0.0,0.0,4.7,0.79,99,93,0,91,-34.158993167180235
2025-11-13 06:00:00,2025-11-13 05:10:00,0.0,0.0,0.0,0.0,0.0,4.4,0.57,96,13,0,96,-23.60649107550544
2025-11-13 07:00:00,2025-11-13 06:10:00,0.0,0.0,0.0,0.0,0.0,3.9,0.32,99,71,0,97,-13.109169113850418
2025-11-13 08:00:00,2025-11-13 07:10:00,2696.493896484375,10.0,10.0,8.0,25.9,3.8,0.15,100,97,0,89,-3.0034083128968567
2025-11-13 09:00:00,2025-11-13 08:10:00,10337.490234375,105.0,105.0,50.0,351.7,5.2,0.81,86,73,0,50,6.366669793176734
2025-11-13 10:00:00,2025-11-13 09:10:00,17119.400390625,239.0,239.0,62.0,616.7,7.8,0.68,33,0,0,33,14.591104169193343
2025-11-13 11:00:00,2025-11-13 10:10:00,19388.92578125,347.0,347.0,69.0,725.6,10.6,0.35,34,0,0,34,21.166236610633597
2025-11-13 12:00:00,2025-11-13 11:10:00,21176.74609375,409.0,409.0,75.0,762.2,12.6,0.41,38,0,0,38,25.525774794195964
2025-11-13 13:00:00,2025-11-13 12:10:00,19958.314453125,418.0,418.0,82.0,749.3,13.9,0.78,53,0,0,53,27.173255896196633
2025-11-13 14:00:00,2025-11-13 13:10:00,16639.384765625,368.0,368.0,91.0,670.5,14.4,0.73,83,0,0,83,25.88798860040775
2025-11-13 15:00:00,2025-11-13 14:10:00,12922.31640625,288.0,288.0,72.0,645.4,14.3,0.61,51,0,0,51,21.84349941744374
2025-11-13 16:00:00,2025-11-13 15:10:00,5670.54541015625,161.0,161.0,60.0,462.3,13.5,0.45,73,0,0,73,15.512868666857454
2025-11-13 17:00:00,2025-11-13 16:10:00,405.9150390625,40.0,40.0,22.0,161.3,11.7,0.1,23,0,0,23,7.462848458892015
2025-11-13 18:00:00,2025-11-13 17:10:00,0.0,0.0,0.0,0.0,0.0,11.9,0.21,78,8,0,77,-1.7921633932580487
2025-11-13 19:00:00,2025-11-13 18:10:00,0.0,0.0,0.0,0.0,0.0,11.1,1.15,93,35,0,89,-11.832058611842372
2025-11-13 20:00:00,2025-11-13 19:10:00,0.0,0.0,0.0,0.0,0.0,10.5,0.47,80,40,0,67,-22.308557019900356
2025-11-13 21:00:00,2025-11-13 20:10:00,0.0,0.0,0.0,0.0,0.0,9.5,0.71,80,28,0,72,-32.891016159170206
2025-11-13 22:00:00,2025-11-13 21:10:00,0.0,0.0,0.0,0.0,0.0,8.9,0.55,98,43,0,97,-43.17774457457056
2025-11-13 23:00:00,2025-11-13 22:10:00,0.0,0.0,0.0,0.0,0.0,8.2,0.36,98,62,0,96,-52.527759942146254
2025-11-14 00:00:00,2025-11-13 23:10:00,0.0,0.0,0.0,0.0,0.0,7.8,0.76,100,100,0,27,-59.741007937021955
2025-11-14 01:00:00,2025-11-14 00:10:00,0.0,0.0,0.0,0.0,0.0,7.1,0.95,100,100,0,100,-62.85140868062604
2025-11-14 02:00:00,2025-11-14 01:10:00,0.0,0.0,0.0,0.0,0.0,7.4,0.42,100,100,0,86,-60.46976909692428
2025-11-14 03:00:00,2025-11-14 02:10:00,0.0,0.0,0.0,0.0,0.0,7.4,0.69,100,100,1,92,-53.69960511258124
2025-11-14 04:00:00,2025-11-14 03:10:00,0.0,0.0,0.0,0.0,0.0,7.5,0.5,100,100,0,32,-44.563389940015476
2025-11-14 05:00:00,2025-11-14 04:10:00,0.0,0.0,0.0,0.0,0.0,7.9,1.1,100,100,6,91,-34.36978297884957
2025-11-14 06:00:00,2025-11-14 05:10:00,0.0,0.0,0.0,0.0,0.0,8.0,0.78,100,100,9,45,-23.814928211515298
2025-11-14 07:00:00,2025-11-14 06:10:00,0.0,0.0,0.0,0.0,0.0,8.1,0.82,100,100,14,33,-13.321626747781474
2025-11-14 08:00:00,2025-11-14 07:10:00,1492.291259765625,3.0,3.0,3.0,0.0,8.3,0.63,100,100,18,15,-3.224795938226705
2025-11-14 09:00:00,2025-11-14 08:10:00,2417.59033203125,34.0,34.0,33.0,6.6,8.8,0.57,100,100,13,84,6.1327410040068235
2025-11-14 10:00:00,2025-11-14 09:10:00,2895.54931640625,73.0,73.0,57.0,56.6,9.4,0.8,100,100,18,100,14.342768939719004
2025-11-14 11:00:00,2025-11-14 10:10:00,2725.235595703125,89.0,89.0,85.0,10.6,9.9,0.7,100,100,28,99,20.904527367426873
2025-11-14 12:00:00,2025-11-14 11:10:00,3299.093505859375,110.0,110.0,97.0,30.0,10.4,0.54,100,100,28,100,25.25603380734282
2025-11-14 13:00:00,2025-11-14 12:10:00,3302.012451171875,108.0,108.0,101.0,15.8,11.2,0.67,100,100,20,98,26.905223311193012
2025-11-14 14:00:00,2025-11-14 13:10:00,4321.8740234375,147.0,147.0,96.0,124.6,11.8,0.8,100,100,36,100,25.632890318233144
2025-11-14 15:00:00,2025-11-14 14:10:00,2362.9130859375,98.0,98.0,82.0,48.3,11.9,0.53,100,100,76,95,21.609557870337092
2025-11-14 16:00:00,2025-11-14 15:10:00,1645.46533203125,54.0,54.0,41.0,60.5,11.4,1.23,100,100,88,98,15.303020467050102
2025-11-14 17:00:00,2025-11-14 16:10:00,219.09442138671875,14.0,14.0,10.0,36.4,10.9,1.25,100,100,77,100,7.275584340066318
2025-11-14 18:00:00,2025-11-14 17:10:00,0.0,0.0,0.0,0.0,0.0,10.6,0.88,100,100,74,100,-1.9609408511614765
2025-11-14 19:00:00,2025-11-14 18:10:00,0.0,0.0,0.0,0.0,0.0,10.8,1.81,100,100,94,100,-11.987787086546907
2025-11-14 20:00:00,2025-11-14 19:10:00,0.0,0.0,0.0,0.0,0.0,10.5,1.68,100,100,100,100,-22.457690819145157
2025-11-14 21:00:00,2025-11-14 20:10:00,0.0,0.0,0.0,0.0,0.0,10.5,0.78,100,100,100,100,-33.04148187273999
2025-11-14 22:00:00,2025-11-14 21:10:00,0.0,0.0,0.0,0.0,0.0,10.2,0.7,100,80,100,96,-43.340041557864694
2025-11-14 23:00:00,2025-11-14 22:10:00,0.0,0.0,0.0,0.0,0.0,10.0,0.71,100,94,100,100,-52.716058674414036
2025-11-15 00:00:00,2025-11-14 23:10:00,0.0,0.0,0.0,0.0,0.0,9.8,0.6,100,97,100,98,-59.969701700718154
2025-11-15 01:00:00,2025-11-15 00:10:00,0.0,0.0,0.0,0.0,0.0,9.3,0.78,100,100,100,100,-63.115046253222935
2025-11-15 02:00:00,2025-11-15 01:10:00,0.0,0.0,0.0,0.0,0.0,9.5,0.65,100,100,100,15,-60.73194316746306
2025-11-15 03:00:00,2025-11-15 02:10:00,0.0,0.0,0.0,0.0,0.0,9.5,0.4,100,100,100,32,-53.938530328611286
2025-11-15 04:00:00,2025-11-15 03:10:00,0.0,0.0,0.0,0.0,0.0,9.5,0.14,100,100,94,18,-44.78267740770753
2025-11-15 05:00:00,2025-11-15 04:10:00,0.0,0.0,0.0,0.0,0.0,9.3,0.28,100,100,80,40,-34.578850275977615
2025-11-15 06:00:00,2025-11-15 05:10:00,0.0,0.0,0.0,0.0,0.0,9.2,0.78,100,100,100,32,-24.02182948617001
2025-11-15 07:00:00,2025-11-15 06:10:00,0.0,0.0,0.0,0.0,0.0,9.4,0.81,100,100,80,95,-13.53251425267651
2025-11-15 08:00:00,2025-11-15 07:10:00,1410.7982177734375,3.0,3.0,3.0,0.0,9.7,0.72,100,100,100,2,-3.4443751475982696
2025-11-15 09:00:00,2025-11-15 08:10:00,2072.996826171875,20.0,20.0,20.0,0.0,9.9,1.72,100,100,100,5,5.901060869607842
2025-11-15 10:00:00,2025-11-15 09:10:00,2220.2177734375,44.0,44.0,44.0,0.0,10.1,1.9,100,100,100,5,14.097320334546328
2025-11-15 11:00:00,2025-11-15 10:10:00,2510.684326171875,48.0,48.0,48.0,0.0,10.4,1.16,100,100,88,11,20.646502241486818
2025-11-15 12:00:00,2025-11-15 11:10:00,2578.11376953125,79.0,79.0,78.0,2.3,10.9,1.11,100,100,28,42,24.990823801158463
2025-11-15 13:00:00,2025-11-15 12:10:00,2778.991455078125,82.0,82.0,82.0,0.0,10.3,1.59,100,100,27,77,26.642443532387233
2025-11-15 14:00:00,2025-11-15 13:10:00,3179.2265625,112.0,112.0,107.0,12.3,11.0,2.02,98,92,9,67,25.383505549046117
2025-11-15 15:00:00,2025-11-15 14:10:00,2434.087890625,105.0,105.0,101.0,12.2,11.1,2.03,100,100,53,20,21.38153170465805
2025-11-15 16:00:00,2025-11-15 15:10:00,1729.4368896484375,61.0,61.0,54.0,33.1,11.1,1.35,100,100,69,36,15.099132980714996
2025-11-15 17:00:00,2025-11-15 16:10:00,306.39996337890625,7.0,7.0,7.0,0.0,10.6,1.01,100,100,28,38,7.094273736270247
2025-11-15 18:00:00,2025-11-15 17:10:00,0.0,0.0,0.0,0.0,0.0,10.4,0.75,100,100,13,31,-2.1237586395441492
2025-11-15 19:00:00,2025-11-15 18:10:00,0.0,0.0,0.0,0.0,0.0,10.9,1.25,59,54,6,5,-12.137499938450613
2025-11-15 20:00:00,2025-11-15 19:10:00,0.0,0.0,0.0,0.0,0.0,10.4,0.67,100,100,50,48,-22.600680702302107
2025-11-15 21:00:00,2025-11-15 20:10:00,0.0,0.0,0.0,0.0,0.0,9.9,0.4,100,100,52,89,-33.18558886028575
2025-11-15 22:00:00,2025-11-15 21:10:00,0.0,0.0,0.0,0.0,0.0,10.0,0.85,100,100,41,52,-43.49568944340781
2025-11-15 23:00:00,2025-11-15 22:10:00,0.0,0.0,0.0,0.0,0.0,9.2,0.25,100,100,17,51,-52.89745918891327
2025-11-16 00:00:00,2025-11-15 23:10:00,0.0,0.0,0.0,0.0,0.0,9.1,0.07,100,100,32,100,-60.19170750950876
2025-11-16 01:00:00,2025-11-16 00:10:00,0.0,0.0,0.0,0.0,0.0,9.2,0.73,99,65,48,95,-63.37315514454586
2025-11-16 02:00:00,2025-11-16 01:10:00,0.0,0.0,0.0,0.0,0.0,9.4,0.83,100,98,68,100,-60.99003342803559
2025-11-16 03:00:00,2025-11-16 02:10:00,0.0,0.0,0.0,0.0,0.0,9.1,0.5,100,100,44,100,-54.17446922917281
2025-11-16 04:00:00,2025-11-16 03:10:00,0.0,0.0,0.0,0.0,0.0,8.7,0.25,100,100,48,100,-44.99972983418092
2025-11-16 05:00:00,2025-11-16 04:10:00,0.0,0.0,0.0,0.0,0.0,8.8,0.56,100,100,94,100,-34.78612135999226
2025-11-16 06:00:00,2025-11-16 05:10:00,0.0,0.0,0.0,0.0,0.0,8.8,1.05,100,100,100,98,-24.227111044167035
2025-11-16 07:00:00,2025-11-16 06:10:00,0.0,0.0,0.0,0.0,0.0,8.9,0.8,100,100,100,100,-13.741736137854417
2025-11-16 08:00:00,2025-11-16 07:10:00,1172.490966796875,1.0,1.0,1.0,0.0,9.4,0.35,100,100,100,99,-3.662038954519961
2025-11-16 09:00:00,2025-11-16 08:10:00,1736.6204833984375,10.0,10.0,10.0,0.0,9.4,0.16,100,100,100,100,5.67174613765237
2025-11-16 10:00:00,2025-11-16 09:10:00,1771.5260009765625,15.0,15.0,15.0,0.0,9.5,0.85,100,100,100,100,13.854881059339803
2025-11-16 11:00:00,2025-11-16 10:10:00,2579.308837890625,64.0,64.0,64.0,0.0,9.9,0.86,100,100,100,100,20.39228390851519
2025-11-16 12:00:00,2025-11-16 11:10:00,2544.211181640625,84.0,84.0,80.0,9.4,10.5,0.4,100,100,100,100,24.73026077455001
2025-11-16 13:00:00,2025-11-16 12:10:00,2542.243896484375,90.0,90.0,89.0,2.3,10.3,0.6,100,100,100,100,26.38502170132197
2025-11-16 14:00:00,2025-11-16 13:10:00,2591.318359375,59.0,59.0,58.0,2.5,9.9,1.17,100,91,95,100,25.13992808108994
2025-11-16 15:00:00,2025-11-16 14:10:00,1507.24365234375,43.0,43.0,43.0,0.0,9.9,0.81,100,100,100,100,21.159504057034855
2025-11-16 16:00:00,2025-11-16 15:10:00,1209.7235107421875,10.0,10.0,10.0,0.0,9.5,0.94,100,100,100,100,14.901278562554761
2025-11-16 17:00:00,2025-11-16 16:10:00,222.59170532226562,14.0,14.0,14.0,0.0,9.1,0.7,100,41,8,100,6.918977706418602
2025-11-16 18:00:00,2025-11-16 17:10:00,0.0,0.0,0.0,0.0,0.0,8.4,0.8,100,100,19,100,-2.2805669494265226
2025-11-16 19:00:00,2025-11-16 18:10:00,0.0,0.0,0.0,0.0,0.0,10.0,1.27,100,64,32,100,-12.281157559295014
2025-11-16 20:00:00,2025-11-16 19:10:00,0.0,0.0,0.0,0.0,0.0,9.7,1.25,99,53,13,98,-22.737494858252937
2025-11-16 21:00:00,2025-11-16 20:10:00,0.0,0.0,0.0,0.0,0.0,9.1,0.74,60,25,5,45,-33.323308427664344
2025-11-16 22:00:00,2025-11-16 21:10:00,0.0,0.0,0.0,0.0,0.0,8.5,0.6,99,98,23,52,-43.64465341754165
2025-11-16 23:00:00,2025-11-16 22:10:00,0.0,0.0,0.0,0.0,0.0,8.4,1.74,100,80,9,99,-53.071903133149085
2025-11-17 00:00:00,2025-11-16 23:10:00,0.0,0.0,0.0,0.0,0.0,7.8,0.78,100,60,6,100,-60.406923864028116
2025-11-17 01:00:00,2025-11-17 00:10:00,0.0,0.0,0.0,0.0,0.0,8.9,1.34,100,100,51,100,-63.62561282432712
2025-11-17 02:00:00,2025-11-17 01:10:00,0.0,0.0,0.0,0.0,0.0,9.2,1.15,100,100,43,100,-61.24394378752038
2025-11-17 03:00:00,2025-11-17 02:10:00,0.0,0.0,0.0,0.0,0.0,9.4,0.45,100,100,13,95,-54.40734843319681
2025-11-17 04:00:00,2025-11-17 03:10:00,0.0,0.0,0.0,0.0,0.0,9.4,1.63,100,5,6,100,-45.21447818588328
2025-11-17 05:00:00,2025-11-17 04:10:00,0.0,0.0,0.0,0.0,0.0,8.4,1.14,98,1,0,98,-34.99152130700166
2025-11-17 06:00:00,2025-11-17 05:10:00,0.0,0.0,0.0,0.0,0.0,7.1,1.23,99,0,0,99,-24.430687902337652
2025-11-17 07:00:00,2025-11-17 06:10:00,0.0,0.0,0.0,0.0,0.0,7.8,1.24,100,8,26,100,-13.94919601159835
2025-11-17 08:00:00,2025-11-17 07:10:00,1471.5870361328125,5.0,5.0,5.0,0.0,7.8,1.03,95,30,8,92,-3.8776798212856503
2025-11-17 09:00:00,2025-11-17 08:10:00,6969.72509765625,79.0,79.0,58.0,146.2,9.2,1.51,34,28,0,9,5.444913647433232
2025-11-17 10:00:00,2025-11-17 09:10:00,17110.052734375,230.0,230.0,56.0,642.7,10.9,0.97,1,1,0,0,13.615573388564542
2025-11-17 11:00:00,2025-11-17 10:10:00,19894.251953125,337.0,337.0,64.0,744.5,12.6,0.53,2,1,2,0,20.141994125030685
2025-11-17 12:00:00,2025-11-17 11:10:00,21345.794921875,397.0,397.0,69.0,777.4,14.3,0.32,2,0,2,0,24.4744594566099
2025-11-17 13:00:00,2025-11-17 12:10:00,21199.310546875,413.0,413.0,69.0,795.2,15.0,1.3,4,0,1,3,26.13306146299339
2025-11-17 14:00:00,2025-11-17 13:10:00,18058.015625,365.0,365.0,74.0,731.1,15.6,1.19,19,0,15,12,24.902249976718256
2025-11-17 15:00:00,2025-11-17 14:10:00,11671.9775390625,255.0,255.0,85.0,530.3,15.5,1.58,5,0,5,1,20.943556043808385
2025-11-17 16:00:00,2025-11-17 15:10:00,5440.142578125,148.0,148.0,55.0,452.7,14.6,1.5,34,0,34,1,14.709527220558657
2025-11-17 17:00:00,2025-11-17 16:10:00,355.9906311035156,34.0,34.0,17.0,161.5,12.6,2.05,5,0,5,0,6.749754635013346
2025-11-17 18:00:00,2025-11-17 17:10:00,0.0,0.0,0.0,0.0,0.0,11.3,2.27,3,0,2,1,-2.4313189772318475
2025-11-17 19:00:00,2025-11-17 18:10:00,0.0,0.0,0.0,0.0,0.0,10.8,2.14,7,5,2,0,-12.41872370259746
2025-11-17 20:00:00,2025-11-17 19:10:00,0.0,0.0,0.0,0.0,0.0,10.1,2.15,2,2,1,0,-22.868105254293173
2025-11-17 21:00:00,2025-11-17 20:10:00,0.0,0.0,0.0,0.0,0.0,9.4,1.61,13,9,9,0,-33.45461617759387
2025-11-17 22:00:00,2025-11-17 21:10:00,0.0,0.0,0.0,0.0,0.0,9.2,1.21,34,3,32,0,-43.78690357953089
2025-11-17 23:00:00,2025-11-17 22:10:00,0.0,0.0,0.0,0.0,0.0,9.1,1.54,9,2,8,0,-53.23933743581677
2025-11-18 00:00:00,2025-11-17 23:10:00,0.0,0.0,0.0,0.0,0.0,8.1,0.46,8,3,5,0,-60.615253214825586
2025-11-18 01:00:00,2025-11-18 00:10:00,0.0,0.0,0.0,0.0,0.0,7.9,1.6,53,50,12,0,-63.872297302338005
2025-11-18 02:00:00,2025-11-18 01:10:00,0.0,0.0,0.0,0.0,0.0,7.8,1.95,100,100,20,0,-61.49357732554378
2025-11-18 03:00:00,2025-11-18 02:10:00,0.0,0.0,0.0,0.0,0.0,8.0,1.91,98,98,20,0,-54.63709354212284
2025-11-18 04:00:00,2025-11-18 03:10:00,0.0,0.0,0.0,0.0,0.0,7.8,0.96,100,100,18,0,-45.42685227766807
2025-11-18 05:00:00,2025-11-18 04:10:00,0.0,0.0,0.0,0.0,0.0,7.7,0.25,100,100,23,0,-35.19497402646883
2025-11-18 06:00:00,2025-11-18 05:10:00,0.0,0.0,0.0,0.0,0.0,7.8,0.65,98,98,41,0,-24.632474032832924
2025-11-18 07:00:00,2025-11-18 06:10:00,0.0,0.0,0.0,0.0,0.0,6.7,1.75,48,48,0,0,-14.154796684331599
2025-11-18 08:00:00,2025-11-18 07:10:00,2322.4306640625,5.0,5.0,4.0,14.8,5.6,0.92,83,82,34,0,-4.091189776294361
2025-11-18 09:00:00,2025-11-18 08:10:00,7919.244140625,72.0,72.0,47.0,176.5,6.8,1.3,11,11,0,0,5.220680206325252
2025-11-18 10:00:00,2025-11-18 09:10:00,5604.70263671875,109.0,109.0,68.0,153.7,7.8,0.65,66,66,7,0,13.37951904560254
2025-11-18 11:00:00,2025-11-18 10:10:00,6866.8193359375,175.0,175.0,73.0,281.2,9.2,0.85,100,100,100,0,19.895753621179452
2025-11-18 12:00:00,2025-11-18 11:10:00,5897.72021484375,198.0,198.0,101.0,232.0,10.1,2.9,100,95,100,0,24.223533215889812
2025-11-18 13:00:00,2025-11-18 12:10:00,5197.06494140625,151.0,151.0,112.0,90.9,10.8,3.07,60,48,23,0,25.886664890511298
2025-11-18 14:00:00,2025-11-18 13:10:00,9524.73828125,230.0,230.0,111.0,301.6,10.4,3.25,15,10,5,0,24.67056151200439
2025-11-18 15:00:00,2025-11-18 14:10:00,9486.4658203125,186.0,186.0,87.0,312.0,9.8,2.4,29,25,5,0,20.733766716244478
2025-11-18 16:00:00,2025-11-18 15:10:00,5551.15576171875,138.0,138.0,63.0,370.4,9.1,1.4,19,17,1,0,14.52394658652626
2025-11-18 17:00:00,2025-11-18 16:10:00,399.7843933105469,31.0,31.0,17.0,134.8,7.3,0.5,9,9,2,0,6.5866602173702224
2025-11-18 18:00:00,2025-11-18 17:10:00,0.0,0.0,0.0,0.0,0.0,6.8,0.83,6,5,1,0,-2.575970925247311
2025-11-18 19:00:00,2025-11-18 18:10:00,0.0,0.0,0.0,0.0,0.0,7.7,1.44,41,33,16,0,-12.5501654706131
2025-11-18 20:00:00,2025-11-18 19:10:00,0.0,0.0,0.0,0.0,0.0,7.3,1.5,82,78,23,0,-22.99248761242109
2025-11-18 21:00:00,2025-11-18 20:10:00,0.0,0.0,0.0,0.0,0.0,6.3,0.95,100,100,16,0,-33.579491983965475
2025-11-18 22:00:00,2025-11-18 21:10:00,0.0,0.0,0.0,0.0,0.0,5.9,0.65,100,100,8,0,-43.922414938859305
2025-11-18 23:00:00,2025-11-18 22:10:00,0.0,0.0,0.0,0.0,0.0,5.7,0.67,92,92,6,0,-53.39971438792419
2025-11-19 00:00:00,2025-11-18 23:10:00,0.0,0.0,0.0,0.0,0.0,5.5,0.58,57,55,27,0,-60.81660217807468
2025-11-19 01:00:00,2025-11-19 00:10:00,0.0,0.0,0.0,0.0,0.0,5.1,0.45,78,77,48,0,-64.11308728382735
2025-11-19 02:00:00,2025-11-19 01:10:00,0.0,0.0,0.0,0.0,0.0,4.8,0.56,82,80,58,0,-61.73883631719624
2025-11-19 03:00:00,2025-11-19 02:10:00,0.0,0.0,0.0,0.0,0.0,4.8,0.76,80,70,56,30,-54.86362914903527
2025-11-19 04:00:00,2025-11-19 03:10:00,0.0,0.0,0.0,0.0,0.0,4.8,0.62,71,59,52,22,-45.636780804283376
2025-11-19 05:00:00,2025-11-19 04:10:00,0.0,0.0,0.0,0.0,0.0,4.7,0.5,89,55,45,73,-35.39640232009864
2025-11-19 06:00:00,2025-11-19 05:10:00,0.0,0.0,0.0,0.0,0.0,4.7,0.5,98,95,38,56,-24.83238244643358
2025-11-19 07:00:00,2025-11-19 06:10:00,0.0,0.0,0.0,0.0,0.0,5.0,0.32,100,98,27,98,-14.358440271642765
2025-11-19 08:00:00,2025-11-19 07:10:00,1258.0806884765625,3.0,3.0,3.0,0.0,5.3,0.55,100,97,8,100,-4.302460530797943
2025-11-19 09:00:00,2025-11-19 08:10:00,3439.14013671875,45.0,45.0,37.0,57.3,5.5,0.43,100,99,20,71,4.999162467274983
2025-11-19 10:00:00,2025-11-19 09:10:00,3685.55322265625,94.0,94.0,81.0,49.4,5.8,0.61,96,95,23,6,13.146839084173777
2025-11-19 11:00:00,2025-11-19 10:10:00,5972.876953125,174.0,174.0,136.0,105.9,6.5,0.9,98,95,30,75,19.65368199473686
2025-11-19 12:00:00,2025-11-19 11:10:00,5189.15478515625,196.0,196.0,148.0,115.9,6.8,1.15,98,71,20,93,23.97759397042789
2025-11-19 13:00:00,2025-11-19 12:10:00,6170.2529296875,190.0,190.0,141.0,115.2,6.6,0.27,93,76,36,66,25.64593241008014
2025-11-19 14:00:00,2025-11-19 13:10:00,3412.169189453125,112.0,112.0,99.0,33.2,6.7,0.32,100,100,13,30,24.444951116428786
2025-11-19 15:00:00,2025-11-19 14:10:00,2167.31640625,81.0,81.0,66.0,47.7,6.7,1.06,100,100,16,61,20.530213015837557
2025-11-19 16:00:00,2025-11-19 15:10:00,1632.0159912109375,53.0,53.0,43.0,50.1,6.8,1.25,100,100,34,27,14.344601887025071
2025-11-19 17:00:00,2025-11-19 16:10:00,288.88824462890625,12.0,12.0,10.0,19.5,6.5,1.55,100,100,32,71,6.429747445953739
2025-11-19 18:00:00,2025-11-19 17:10:00,0.0,0.0,0.0,0.0,0.0,6.2,1.43,100,100,52,55,-2.714481999991511
2025-11-19 19:00:00,2025-11-19 18:10:00,0.0,0.0,0.0,0.0,0.0,5.9,1.46,100,100,27,70,-12.675453297866284
2025-11-19 20:00:00,2025-11-19 19:10:00,0.0,0.0,0.0,0.0,0.0,5.7,1.24,100,100,40,88,-23.110621380355727
2025-11-19 21:00:00,2025-11-19 20:10:00,0.0,0.0,0.0,0.0,0.0,5.6,0.82,100,100,34,8,-33.697919958245635
2025-11-19 22:00:00,2025-11-19 21:10:00,0.0,0.0,0.0,0.0,0.0,5.3,0.74,100,100,44,0,-44.05116740096855
2025-11-19 23:00:00,2025-11-19 22:10:00,0.0,0.0,0.0,0.0,0.0,5.2,0.9,100,100,63,0,-53.55299170978154
2025-11-20 00:00:00,2025-11-19 23:10:00,0.0,0.0,0.0,0.0,0.0,5.1,0.76,100,100,59,0,-61.010881746475825
2025-11-20 01:00:00,2025-11-20 00:10:00,0.0,0.0,0.0,0.0,0.0,5.4,0.96,100,100,97,0,-64.34786233410257
2025-11-20 02:00:00,2025-11-20 01:10:00,0.0,0.0,0.0,0.0,0.0,5.2,1.3,100,100,97,0,-61.979622260828734
2025-11-20 03:00:00,2025-11-20 02:10:00,0.0,0.0,0.0,0.0,0.0,4.9,1.48,100,100,84,0,-55.08687884793011
2025-11-20 04:00:00,2025-11-20 03:10:00,0.0,0.0,0.0,0.0,0.0,4.7,1.76,100,100,90,0,-45.844191371807334
2025-11-20 05:00:00,2025-11-20 04:10:00,0.0,0.0,0.0,0.0,0.0,4.3,1.11,100,100,80,1,-35.5957279407035
2025-11-20 06:00:00,2025-11-20 05:10:00,0.0,0.0,0.0,0.0,0.0,4.1,0.43,50,49,2,0,-25.030325275715374
2025-11-20 07:00:00,2025-11-20 06:10:00,0.0,0.0,0.0,0.0,0.0,3.7,0.85,90,90,0,0,-14.560028296876071
2025-11-20 08:00:00,2025-11-20 07:10:00,2410.6318359375,4.0,4.0,3.0,15.6,2.5,0.76,68,68,0,1,-4.511383594797513
2025-11-20 09:00:00,2025-11-20 08:10:00,4522.3671875,58.0,58.0,43.0,109.0,4.1,0.94,79,68,0,34,4.780476807569074
2025-11-20 10:00:00,2025-11-20 09:10:00,7792.6259765625,140.0,140.0,98.0,162.0,4.6,0.72,100,100,0,26,12.917653771264288
2025-11-20 11:00:00,2025-11-20 10:10:00,12949.5791015625,241.0,241.0,118.0,346.3,5.4,0.8,34,23,0,16,19.41589760645338
2025-11-20 12:00:00,2025-11-20 11:10:00,19190.84765625,374.0,374.0,99.0,669.7,6.8,0.36,43,2,0,42,23.736752098646015
2025-11-20 13:00:00,2025-11-20 12:10:00,21193.998046875,415.0,415.0,78.0,799.0,9.0,1.06,40,0,9,34,25.41096272638771
2025-11-20 14:00:00,2025-11-20 13:10:00,15274.6259765625,343.0,343.0,105.0,613.7,9.9,1.46,100,0,62,100,24.225505312697575
2025-11-20 15:00:00,2025-11-20 14:10:00,7056.88671875,198.0,198.0,114.0,270.0,9.6,1.37,100,0,91,100,20.332969729716982
2025-11-20 16:00:00,2025-11-20 15:10:00,2931.864013671875,98.0,98.0,82.0,81.3,9.1,1.03,98,0,22,98,14.17155591474773
2025-11-20 17:00:00,2025-11-20 16:10:00,276.48297119140625,25.0,25.0,23.0,19.8,7.0,0.89,100,0,4,100,6.2790665977385745
2025-11-20 18:00:00,2025-11-20 17:10:00,0.0,0.0,0.0,0.0,0.0,5.9,0.9,21,0,4,18,-2.846814408615807
2025-11-20 19:00:00,2025-11-20 18:10:00,0.0,0.0,0.0,0.0,0.0,5.4,0.8,42,4,40,0,-12.794560931420486
2025-11-20 20:00:00,2025-11-20 19:10:00,0.0,0.0,0.0,0.0,0.0,4.4,2.23,38,14,37,0,-23.222489697483656
2025-11-20 21:00:00,2025-11-20 20:10:00,0.0,0.0,0.0,0.0,0.0,3.5,1.01,73,2,73,0,-33.80988840815664
2025-11-20 22:00:00,2025-11-20 21:10:00,0.0,0.0,0.0,0.0,0.0,3.7,1.35,99,0,99,1,-44.1731457414494
2025-11-20 23:00:00,2025-11-20 22:10:00,0.0,0.0,0.0,0.0,0.0,3.5,2.73,97,9,96,11,-53.69913260320247
2025-11-21 00:00:00,2025-11-20 23:10:00,0.0,0.0,0.0,0.0,0.0,3.8,2.46,100,5,100,12,-61.1980074938595
2025-11-21 01:00:00,2025-11-21 00:10:00,0.0,0.0,0.0,0.0,0.0,4.9,1.03,100,3,100,24,-64.57650305214905
2025-11-21 02:00:00,2025-11-21 01:10:00,0.0,0.0,0.0,0.0,0.0,4.2,1.88,100,1,100,5,-62.21583590916656
2025-11-21 03:00:00,2025-11-21 02:10:00,0.0,0.0,0.0,0.0,0.0,3.8,0.21,100,2,100,0,-55.30676524307715
2025-11-21 04:00:00,2025-11-21 03:10:00,0.0,0.0,0.0,0.0,0.0,3.7,1.26,100,1,100,0,-46.04901052887423
2025-11-21 05:00:00,2025-11-21 04:10:00,0.0,0.0,0.0,0.0,0.0,3.2,1.06,98,0,98,1,-35.792871650827635
2025-11-21 06:00:00,2025-11-21 05:10:00,0.0,0.0,0.0,0.0,0.0,3.0,0.88,98,0,98,51,-25.226213857814294
2025-11-21 07:00:00,2025-11-21 06:10:00,0.0,0.0,0.0,0.0,0.0,2.8,2.46,98,1,98,46,-14.759461793014344
2025-11-21 08:00:00,2025-11-21 07:10:00,1646.4986572265625,2.0,2.0,2.0,0.0,2.8,1.6,89,2,88,23,-4.717850391820186
2025-11-21 09:00:00,2025-11-21 08:10:00,5440.57958984375,52.0,52.0,41.0,81.0,3.2,2.19,93,0,92,66,4.564739209122724
2025-11-21 10:00:00,2025-11-21 09:10:00,7261.9248046875,130.0,130.0,98.0,125.2,4.0,1.57,100,5,100,38,12.692082471757631
2025-11-21 11:00:00,2025-11-21 10:10:00,6422.455078125,171.0,171.0,139.0,91.0,4.7,1.19,100,5,100,2,19.1825174768945
2025-11-21 12:00:00,2025-11-21 11:10:00,7356.8994140625,240.0,240.0,153.0,213.7,5.6,0.61,100,9,100,4,23.50111635123373
2025-11-21 13:00:00,2025-11-21 12:10:00,7556.5263671875,165.0,165.0,146.0,45.4,6.7,1.43,89,7,80,62,25.18185274849111
2025-11-21 14:00:00,2025-11-21 13:10:00,5207.89501953125,209.0,209.0,154.0,143.0,3.9,2.77,100,78,98,76,24.01230865674845
2025-11-21 15:00:00,2025-11-21 14:10:00,5486.8271484375,154.0,154.0,105.0,159.0,4.2,0.36,79,15,74,14,20.142109446171812
2025-11-21 16:00:00,2025-11-21 15:10:00,1750.3995361328125,75.0,75.0,66.0,46.3,3.4,1.65,99,30,99,3,14.004869000236173
2025-11-21 17:00:00,2025-11-21 16:10:00,173.97061157226562,13.0,13.0,12.0,10.0,2.1,1.85,98,0,98,13,6.134665222514314
2025-11-21 18:00:00,2025-11-21 17:10:00,0.0,0.0,0.0,0.0,0.0,1.7,1.66,98,0,98,61,-2.9729333534722047
2025-11-21 19:00:00,2025-11-21 18:10:00,0.0,0.0,0.0,0.0,0.0,2.0,1.31,100,3,100,29,-12.907465408068436
2025-11-21 20:00:00,2025-11-21 19:10:00,0.0,0.0,0.0,0.0,0.0,2.1,2.27,100,0,100,27,-23.328079355958888
2025-11-21 21:00:00,2025-11-21 20:10:00,0.0,0.0,0.0,0.0,0.0,2.0,2.79,100,13,99,96,-33.91538978886472
2025-11-21 22:00:00,2025-11-21 21:10:00,0.0,0.0,0.0,0.0,0.0,2.0,2.13,100,45,100,79,-44.288339568769956
2025-11-21 23:00:00,2025-11-21 22:10:00,0.0,0.0,0.0,0.0,0.0,0.3,0.91,93,0,91,50,-53.838105788359606
2025-11-22 00:00:00,2025-11-21 23:10:00,0.0,0.0,0.0,0.0,0.0,0.2,1.08,36,4,27,13,-61.37789977196412
2025-11-22 01:00:00,2025-11-22 00:10:00,0.0,0.0,0.0,0.0,0.0,1.4,2.55,87,0,76,45,-64.79889125310547
2025-11-22 02:00:00,2025-11-22 01:10:00,0.0,0.0,0.0,0.0,0.0,0.9,1.93,24,0,10,21,-62.44737730401016
2025-11-22 03:00:00,2025-11-22 02:10:00,0.0,0.0,0.0,0.0,0.0,0.5,1.46,55,0,54,3,-55.52320995847684
2025-11-22 04:00:00,2025-11-22 03:10:00,0.0,0.0,0.0,0.0,0.0,-0.8,0.35,52,0,50,2,-46.251163797557744
2025-11-22 05:00:00,2025-11-22 04:10:00,0.0,0.0,0.0,0.0,0.0,-1.9,0.25,5,0,0,5,-35.987753280928594
2025-11-22 06:00:00,2025-11-22 05:10:00,0.0,0.0,0.0,0.0,0.0,-2.2,0.18,98,98,0,0,-25.419958816550707
2025-11-22 07:00:00,2025-11-22 06:10:00,0.0,0.0,0.0,0.0,0.0,-1.2,0.55,2,2,0,0,-14.956641403595404
2025-11-22 08:00:00,2025-11-22 07:10:00,3175.799560546875,4.0,4.0,3.0,16.6,-1.8,0.35,2,2,0,0,-4.921752372319363
2025-11-22 09:00:00,2025-11-22 08:10:00,12320.041015625,87.0,87.0,33.0,403.4,0.0,2.08,1,1,0,0,4.352065140519355
2025-11-22 10:00:00,2025-11-22 09:10:00,17087.443359375,219.0,219.0,56.0,647.0,2.3,0.95,1,1,0,0,12.470243534959483
2025-11-22 11:00:00,2025-11-22 10:10:00,20046.0234375,332.0,332.0,64.0,770.2,4.6,0.47,0,0,0,0,18.95365718492203
2025-11-22 12:00:00,2025-11-22 11:10:00,21706.994140625,398.0,398.0,67.0,820.1,6.6,0.45,0,0,0,0,23.270793764136133
2025-11-22 13:00:00,2025-11-22 12:10:00,21641.53125,411.0,411.0,69.0,823.9,7.4,1.35,0,0,0,0,24.95869751629112
2025-11-22 14:00:00,2025-11-22 13:10:00,19535.640625,371.0,371.0,66.0,799.2,7.9,1.5,0,0,0,0,23.805443678002902
2025-11-22 15:00:00,2025-11-22 14:10:00,14169.7578125,282.0,282.0,59.0,730.0,7.8,1.13,0,0,0,0,19.957702510311528
2025-11-22 16:00:00,2025-11-22 15:10:00,6261.2890625,157.0,157.0,46.0,578.6,6.9,1.07,0,0,0,0,13.844598983941541
2025-11-22 17:00:00,2025-11-22 16:10:00,250.6589813232422,32.0,32.0,14.0,182.3,4.8,1.35,0,0,0,0,5.996588132050145
2025-11-22 18:00:00,2025-11-22 17:10:00,0.0,0.0,0.0,0.0,0.0,3.6,1.07,0,0,0,0,-3.0928070249864414
2025-11-22 19:00:00,2025-11-22 18:10:00,0.0,0.0,0.0,0.0,0.0,3.6,0.21,0,0,0,0,-13.0141470286367
2025-11-22 20:00:00,2025-11-22 19:10:00,0.0,0.0,0.0,0.0,0.0,2.9,0.1,0,0,0,0,-23.42738075720123
2025-11-22 21:00:00,2025-11-22 20:10:00,0.0,0.0,0.0,0.0,0.0,2.0,0.11,0,0,0,0,-34.014420646947436
2025-11-22 22:00:00,2025-11-22 21:10:00,0.0,0.0,0.0,0.0,0.0,0.5,0.76,1,0,0,1,-44.39674327570222
2025-11-22 23:00:00,2025-11-22 22:10:00,0.0,0.0,0.0,0.0,0.0,-0.2,0.3,0,0,0,0,-53.969885524841985
2025-11-23 00:00:00,2025-11-22 23:10:00,0.0,0.0,0.0,0.0,0.0,-0.5,0.22,0,0,0,0,-61.550483897847904
2025-11-23 01:00:00,2025-11-23 00:10:00,0.0,0.0,0.0,0.0,0.0,-1.5,0.84,31,31,0,0,-65.01491015932747
2025-11-23 02:00:00,2025-11-23 01:10:00,0.0,0.0,0.0,0.0,0.0,-1.2,1.03,22,22,0,0,-62.67414581482526
2025-11-23 03:00:00,2025-11-23 02:10:00,0.0,0.0,0.0,0.0,0.0,-1.8,0.61,20,19,0,2,-55.73613364744381
2025-11-23 04:00:00,2025-11-23 03:10:00,0.0,0.0,0.0,0.0,0.0,-2.3,0.6,26,20,0,9,-46.45057570380298
2025-11-23 05:00:00,2025-11-23 04:10:00,0.0,0.0,0.0,0.0,0.0,-2.8,0.47,48,20,0,34,-36.18029178693383
2025-11-23 06:00:00,2025-11-23 05:10:00,0.0,0.0,0.0,0.0,0.0,-2.9,0.07,55,22,0,41,-25.611470143688322
2025-11-23 07:00:00,2025-11-23 06:10:00,0.0,0.0,0.0,0.0,0.0,-2.8,0.16,27,1,1,26,-15.151467482417093
2025-11-23 08:00:00,2025-11-23 07:10:00,2873.080322265625,3.0,3.0,2.0,17.0,-2.6,0.65,21,0,3,20,-5.122981125454809
2025-11-23 09:00:00,2025-11-23 08:10:00,12173.1669921875,79.0,79.0,37.0,318.1,-1.8,0.76,0,0,0,0,4.142569441022877
2025-11-23 10:00:00,2025-11-23 09:10:00,16999.841796875,213.0,213.0,53.0,644.0,0.3,0.25,2,0,2,0,12.252254183196841
2025-11-23 11:00:00,2025-11-23 10:10:00,17265.97265625,321.0,321.0,64.0,746.0,2.2,0.51,2,0,2,0,18.729430767960846
2025-11-23 12:00:00,2025-11-23 11:10:00,17960.462890625,387.0,387.0,68.0,797.0,3.5,0.78,95,0,0,95,23.045889572763596
2025-11-23 13:00:00,2025-11-23 12:10:00,16772.728515625,390.0,390.0,82.0,747.7,4.1,1.07,97,0,2,97,24.74159012768964
2025-11-23 14:00:00,2025-11-23 13:10:00,15490.7568359375,340.0,340.0,98.0,639.0,4.3,0.89,100,0,15,100,23.604990819927806
2025-11-23 15:00:00,2025-11-23 14:10:00,10044.162109375,246.0,246.0,95.0,498.6,3.8,0.73,83,0,7,82,19.77981697988418
2025-11-23 16:00:00,2025-11-23 15:10:00,5013.66064453125,144.0,144.0,53.0,480.2,3.0,0.89,70,0,3,69,13.690801188591703
2025-11-23 17:00:00,2025-11-23 16:10:00,137.74807739257812,29.0,29.0,15.0,143.4,1.5,1.11,92,0,8,92,5.864877390035824
2025-11-23 18:00:00,2025-11-23 17:10:00,0.0,0.0,0.0,0.0,0.0,1.1,1.18,97,0,31,96,-3.2064065929777334
2025-11-23 19:00:00,2025-11-23 18:10:00,0.0,0.0,0.0,0.0,0.0,1.1,0.05,100,2,24,100,-13.114589329608783
2025-11-23 20:00:00,2025-11-23 19:10:00,0.0,0.0,0.0,0.0,0.0,1.5,0.4,95,32,77,69,-23.520387864062783
2025-11-23 21:00:00,2025-11-23 20:10:00,0.0,0.0,0.0,0.0,0.0,1.1,0.56,99,45,75,95,-34.106981557453416
2025-11-23 22:00:00,2025-11-23 21:10:00,0.0,0.0,0.0,0.0,0.0,0.8,0.07,100,43,25,100,-44.498355979681875
2025-11-23 23:00:00,2025-11-23 22:10:00,0.0,0.0,0.0,0.0,0.0,0.4,0.71,99,69,55,93,-54.094451616576436
2025-11-24 00:00:00,2025-11-23 23:10:00,0.0,0.0,0.0,0.0,0.0,0.2,0.75,94,49,45,81,-61.715690330399696
2025-11-24 01:00:00,2025-11-24 00:10:00,0.0,0.0,0.0,0.0,0.0,-0.8,1.27,95,76,39,70,-65.22444459967787
2025-11-24 02:00:00,2025-11-24 01:10:00,0.0,0.0,0.0,0.0,0.0,-1.0,0.63,100,52,37,100,-62.89604018156089
2025-11-24 03:00:00,2025-11-24 02:10:00,0.0,0.0,0.0,0.0,0.0,-1.1,0.18,96,45,62,81,-55.94545600238547
2025-11-24 04:00:00,2025-11-24 03:10:00,0.0,0.0,0.0,0.0,0.0,-1.5,0.4,100,70,34,100,-46.647169807325106
2025-11-24 05:00:00,2025-11-24 04:10:00,0.0,0.0,0.0,0.0,0.0,-1.6,0.32,100,93,27,94,-36.37040530701083
2025-11-24 06:00:00,2025-11-24 05:10:00,0.0,0.0,0.0,0.0,0.0,-1.7,0.57,98,82,11,84,-25.800657279120898
2025-11-24 07:00:00,2025-11-24 06:10:00,0.0,0.0,0.0,0.0,0.0,-1.3,0.96,100,100,13,91,-15.343840191801613
2025-11-24 08:00:00,2025-11-24 07:10:00,1335.0177001953125,1.0,1.0,1.0,0.0,-1.2,0.3,100,100,34,100,-5.3214284890223915
2025-11-24 09:00:00,2025-11-24 08:10:00,2393.940185546875,17.0,17.0,17.0,0.0,-0.9,0.34,100,100,52,97,3.9363662067713623
2025-11-24 10:00:00,2025-11-24 09:10:00,2621.853271484375,43.0,43.0,43.0,0.0,-0.5,0.75,100,100,39,92,12.0382304026669
2025-11-24 11:00:00,2025-11-24 10:10:00,3404.764404296875,83.0,83.0,83.0,0.0,0.6,0.89,100,100,7,44,18.509950624191553
2025-11-24 12:00:00,2025-11-24 11:10:00,3868.87939453125,143.0,143.0,143.0,0.0,1.5,0.63,100,100,16,60,22.82650712754052
2025-11-24 13:00:00,2025-11-24 12:10:00,4325.001953125,151.0,151.0,140.0,26.9,1.5,1.26,100,100,48,53,24.530621666525487
2025-11-24 14:00:00,2025-11-24 13:10:00,2937.295654296875,91.0,91.0,88.0,8.0,1.7,0.83,100,100,20,18,23.41102838097207
2025-11-24 15:00:00,2025-11-24 14:10:00,2231.405029296875,78.0,78.0,77.0,3.3,1.5,0.71,100,100,23,92,19.608518581277263
2025-11-24 16:00:00,2025-11-24 15:10:00,1451.298583984375,37.0,37.0,37.0,0.0,1.1,0.6,100,100,51,99,13.543528391841173
2025-11-24 17:00:00,2025-11-24 16:10:00,203.97247314453125,6.0,6.0,6.0,0.0,1.0,1.06,100,100,55,100,5.739572302716835
2025-11-24 18:00:00,2025-11-24 17:10:00,0.0,0.0,0.0,0.0,0.0,0.9,1.15,100,100,84,100,-3.3137061965699153
2025-11-24 19:00:00,2025-11-24 18:10:00,0.0,0.0,0.0,0.0,0.0,1.6,1.25,100,100,66,100,-13.208779052279183
2025-11-24 20:00:00,2025-11-24 19:10:00,0.0,0.0,0.0,0.0,0.0,1.5,0.83,100,100,64,51,-23.607098148947916
2025-11-24 21:00:00,2025-11-24 20:10:00,0.0,0.0,0.0,0.0,0.0,1.3,0.84,95,95,7,1,-34.19307705440524
2025-11-24 22:00:00,2025-11-24 21:10:00,0.0,0.0,0.0,0.0,0.0,1.2,1.12,92,87,7,35,-44.59318145241223
2025-11-24 23:00:00,2025-11-24 22:10:00,0.0,0.0,0.0,0.0,0.0,0.8,1.48,88,74,27,41,-54.21178940039562
2025-11-25 00:00:00,2025-11-24 23:10:00,0.0,0.0,0.0,0.0,0.0,0.7,1.36,70,39,42,45,-61.873454834433645
2025-11-25 01:00:00,2025-11-25 00:10:00,0.0,0.0,0.0,0.0,0.0,0.6,0.89,33,13,26,5,-65.42738121658084
2025-11-25 02:00:00,2025-11-25 01:10:00,0.0,0.0,0.0,0.0,0.0,0.2,1.17,91,89,20,11,-63.11295856206338
2025-11-25 03:00:00,2025-11-25 02:10:00,0.0,0.0,0.0,0.0,0.0,-0.4,1.12,74,74,0,1,-56.1510957648835
2025-11-25 04:00:00,2025-11-25 03:10:00,0.0,0.0,0.0,0.0,0.0,-0.9,0.53,98,98,3,0,-46.84086873092178
2025-11-25 05:00:00,2025-11-25 04:10:00,0.0,0.0,0.0,0.0,0.0,-0.9,2.45,100,100,0,0,-36.55801121741248
2025-11-25 06:00:00,2025-11-25 05:10:00,0.0,0.0,0.0,0.0,0.0,-1.1,2.41,100,100,1,0,-25.98742918979983
2025-11-25 07:00:00,2025-11-25 06:10:00,0.0,0.0,0.0,0.0,0.0,-0.8,1.08,99,99,1,0,-15.533659599206633
2025-11-25 08:00:00,2025-11-25 07:10:00,1700.652099609375,2.0,2.0,2.0,0.0,-1.3,0.81,100,100,2,0,-5.516986657318077
2025-11-25 09:00:00,2025-11-25 08:10:00,7453.99462890625,59.0,59.0,35.0,186.8,-0.6,1.48,100,100,1,0,3.7335686793497462
2025-11-25 10:00:00,2025-11-25 09:10:00,9995.0302734375,167.0,167.0,76.0,376.7,0.4,1.46,98,98,1,0,11.828286836700931
2025-11-25 11:00:00,2025-11-25 10:10:00,13276.9150390625,272.0,272.0,108.0,485.6,2.5,0.89,34,34,1,0,18.295327416805623
2025-11-25 12:00:00,2025-11-25 11:10:00,17535.25390625,362.0,362.0,90.0,690.7,4.4,0.81,7,6,0,0,22.612747810910864
2025-11-25 13:00:00,2025-11-25 12:10:00,21236.33203125,392.0,392.0,75.0,781.0,6.1,0.4,2,2,1,0,24.325881131387682
2025-11-25 14:00:00,2025-11-25 13:10:00,17765.29296875,348.0,348.0,77.0,726.2,7.3,0.25,2,2,0,0,23.223632455947936
2025-11-25 15:00:00,2025-11-25 14:10:00,14214.712890625,271.0,271.0,59.0,711.7,8.2,0.45,1,1,0,0,19.44387066573079
2025-11-25 16:00:00,2025-11-25 15:10:00,5714.34765625,149.0,149.0,43.0,572.4,7.6,1.12,0,0,0,0,13.402830799181842
2025-11-25 17:00:00,2025-11-25 16:10:00,249.2434844970703,29.0,29.0,14.0,156.9,6.3,1.72,0,0,0,0,5.620709410144051
2025-11-25 18:00:00,2025-11-25 17:10:00,0.0,0.0,0.0,0.0,0.0,5.8,2.03,9,0,1,8,-3.41468293283915
2025-11-25 19:00:00,2025-11-25 18:10:00,0.0,0.0,0.0,0.0,0.0,6.1,2.76,0,0,0,0,-13.296706109659103
2025-11-25 20:00:00,2025-11-25 19:10:00,0.0,0.0,0.0,0.0,0.0,4.6,1.91,0,0,0,0,-23.687512538191807
2025-11-25 21:00:00,2025-11-25 20:10:00,0.0,0.0,0.0,0.0,0.0,3.2,1.58,36,0,36,1,-34.27271555512977
2025-11-25 22:00:00,2025-11-25 21:10:00,0.0,0.0,0.0,0.0,0.0,2.5,1.3,16,1,16,0,-44.68122803909208
2025-11-25 23:00:00,2025-11-25 22:10:00,0.0,0.0,0.0,0.0,0.0,2.0,0.54,7,5,2,0,-54.32188971816031
2025-11-26 00:00:00,2025-11-25 23:10:00,0.0,0.0,0.0,0.0,0.0,1.2,0.7,3,3,0,0,-62.023718630899666
2025-11-26 01:00:00,2025-11-26 00:10:00,0.0,0.0,0.0,0.0,0.0,1.8,1.26,100,0,100,72,-65.623608680269
2025-11-26 02:00:00,2025-11-26 01:10:00,0.0,0.0,0.0,0.0,0.0,1.8,1.24,100,0,100,84,-63.32479858448781
2025-11-26 03:00:00,2025-11-26 02:10:00,0.0,0.0,0.0,0.0,0.0,1.7,0.58,57,0,52,48,-56.35297073622456
2025-11-26 04:00:00,2025-11-26 03:10:00,0.0,0.0,0.0,0.0,0.0,1.5,0.88,98,0,93,96,-47.03159418917656
2025-11-26 05:00:00,2025-11-26 04:10:00,0.0,0.0,0.0,0.0,0.0,1.0,1.03,99,0,90,99,-36.74302618728387
2025-11-26 06:00:00,2025-11-26 05:10:00,0.0,0.0,0.0,0.0,0.0,1.0,0.65,76,0,68,53,-26.1716944472349
2025-11-26 07:00:00,2025-11-26 06:10:00,0.0,0.0,0.0,0.0,0.0,1.2,0.89,59,0,46,41,-15.720825771988908
2025-11-26 08:00:00,2025-11-26 07:10:00,1760.2130126953125,2.0,2.0,2.0,0.0,0.6,0.82,74,0,70,55,-5.709548286736592
2025-11-26 09:00:00,2025-11-26 08:10:00,8045.03564453125,63.0,63.0,39.0,189.4,2.8,1.04,72,0,69,43,3.534289136926209
2025-11-26 10:00:00,2025-11-26 09:10:00,12165.58203125,191.0,191.0,69.0,512.2,5.5,0.88,66,0,53,34,11.622536681600735
2025-11-26 11:00:00,2025-11-26 10:10:00,16183.21484375,278.0,278.0,97.0,541.2,8.4,0.63,48,0,34,30,18.085669980455336
2025-11-26 12:00:00,2025-11-26 11:10:00,19621.017578125,366.0,366.0,87.0,714.2,10.9,0.72,30,0,30,0,22.404710955916833
2025-11-26 13:00:00,2025-11-26 12:10:00,18759.345703125,386.0,386.0,81.0,756.9,12.6,1.1,99,0,99,4,24.1274553654059
2025-11-26 14:00:00,2025-11-26 13:10:00,14680.4775390625,319.0,319.0,113.0,556.0,13.5,1.41,87,0,87,3,23.04287687793052
2025-11-26 15:00:00,2025-11-26 14:10:00,10518.61328125,234.0,234.0,105.0,436.5,12.8,1.54,11,0,6,5,19.28593416579585
2025-11-26 16:00:00,2025-11-26 15:10:00,5320.17529296875,144.0,144.0,48.0,524.1,10.8,1.75,31,0,27,6,13.268756017097664
2025-11-26 17:00:00,2025-11-26 16:10:00,227.41732788085938,27.0,27.0,14.0,137.4,7.8,1.46,40,0,37,30,5.508322477960457
2025-11-26 18:00:00,2025-11-26 17:10:00,0.0,0.0,0.0,0.0,0.0,6.3,1.27,0,0,0,0,-3.509316844343712
2025-11-26 19:00:00,2025-11-26 18:10:00,0.0,0.0,0.0,0.0,0.0,6.2,1.33,12,0,12,0,-13.378363551357548
2025-11-26 20:00:00,2025-11-26 19:10:00,0.0,0.0,0.0,0.0,0.0,4.2,0.69,2,0,2,0,-23.76163535301465
2025-11-26 21:00:00,2025-11-26 20:10:00,0.0,0.0,0.0,0.0,0.0,2.8,0.38,2,0,2,0,-34.34590927883458
2025-11-26 22:00:00,2025-11-26 21:10:00,0.0,0.0,0.0,0.0,0.0,2.0,1.58,2,0,2,0,-44.762508567718534
2025-11-26 23:00:00,2025-11-26 22:10:00,0.0,0.0,0.0,0.0,0.0,1.2,1.04,0,0,0,0,-54.42474887247418
2025-11-27 00:00:00,2025-11-26 23:10:00,0.0,0.0,0.0,0.0,0.0,1.1,1.13,0,0,0,0,-62.16642853180192
2025-11-27 01:00:00,2025-11-27 00:10:00,0.0,0.0,0.0,0.0,0.0,1.5,0.7,2,2,0,0,-65.81301790953849
2025-11-27 02:00:00,2025-11-27 01:10:00,0.0,0.0,0.0,0.0,0.0,0.2,1.0,6,6,0,0,-63.53145740513466
2025-11-27 03:00:00,2025-11-27 02:10:00,0.0,0.0,0.0,0.0,0.0,-0.6,1.16,5,5,0,0,-56.55099778857061
2025-11-27 04:00:00,2025-11-27 03:10:00,0.0,0.0,0.0,0.0,0.0,-0.9,0.75,1,1,0,0,-47.21926701656231
2025-11-27 05:00:00,2025-11-27 04:10:00,0.0,0.0,0.0,0.0,0.0,-0.9,1.19,1,1,0,0,-36.925366232340906
2025-11-27 06:00:00,2025-11-27 05:10:00,0.0,0.0,0.0,0.0,0.0,-1.1,0.47,1,1,0,0,-26.353361303423362
2025-11-27 07:00:00,2025-11-27 06:10:00,0.0,0.0,0.0,0.0,0.0,-1.6,0.99,1,1,0,0,-15.905238870144345
2025-11-27 08:00:00,2025-11-27 07:10:00,2283.487548828125,1.0,1.0,1.0,0.0,-1.8,0.75,0,0,0,0,-5.8990065989211455
2025-11-27 09:00:00,2025-11-27 08:10:00,12188.3671875,73.0,73.0,29.0,352.1,-0.3,1.36,0,0,0,0,3.3386387881233763
2025-11-27 10:00:00,2025-11-27 09:10:00,17029.1640625,203.0,203.0,51.0,647.2,2.5,1.06,0,0,0,0,11.421091585195958
2025-11-27 11:00:00,2025-11-27 10:10:00,20627.91015625,314.0,314.0,61.0,763.8,5.6,0.55,0,0,0,0,17.881085230026567
2025-11-27 12:00:00,2025-11-27 11:10:00,21693.572265625,380.0,380.0,66.0,810.1,8.4,0.1,0,0,0,0,22.20249376646685
2025-11-27 13:00:00,2025-11-27 12:10:00,21624.771484375,395.0,395.0,67.0,819.7,10.1,1.19,0,0,0,0,23.935428987120257
2025-11-27 14:00:00,2025-11-27 13:10:00,19341.552734375,356.0,356.0,65.0,790.8,10.6,1.06,0,0,0,0,22.868833160751397
2025-11-27 15:00:00,2025-11-27 14:10:00,14031.0205078125,268.0,268.0,57.0,719.3,10.4,1.05,0,0,0,0,19.13476755207773
2025-11-27 16:00:00,2025-11-27 15:10:00,5649.064453125,146.0,146.0,44.0,562.6,8.8,0.99,0,0,0,0,13.141349026451211
2025-11-27 17:00:00,2025-11-27 16:10:00,269.9345397949219,27.0,27.0,13.0,149.3,6.4,0.78,0,0,0,0,5.40244248965271
2025-11-27 18:00:00,2025-11-27 17:10:00,0.0,0.0,0.0,0.0,0.0,5.8,0.29,0,0,0,0,-3.5975909056796294
2025-11-27 19:00:00,2025-11-27 18:10:00,0.0,0.0,0.0,0.0,0.0,5.2,0.41,0,0,0,0,-13.453747526666318
2025-11-27 20:00:00,2025-11-27 19:10:00,0.0,0.0,0.0,0.0,0.0,3.8,0.46,0,0,0,0,-23.829474247381455
2025-11-27 21:00:00,2025-11-27 20:10:00,0.0,0.0,0.0,0.0,0.0,2.6,0.56,0,0,0,0,-34.41267415987609
2025-11-27 22:00:00,2025-11-27 21:10:00,0.0,0.0,0.0,0.0,0.0,1.5,0.38,2,0,0,2,-44.83704024897836
2025-11-27 23:00:00,2025-11-27 22:10:00,0.0,0.0,0.0,0.0,0.0,1.0,0.25,1,0,0,1,-54.52036856615939
2025-11-28 00:00:00,2025-11-27 23:10:00,0.0,0.0,0.0,0.0,0.0,0.6,0.72,12,0,0,12,-62.30153705850853
2025-11-28 01:00:00,2025-11-28 00:10:00,0.0,0.0,0.0,0.0,0.0,-0.9,0.97,7,0,0,7,-65.99550229820801
2025-11-28 02:00:00,2025-11-28 01:10:00,0.0,0.0,0.0,0.0,0.0,-1.4,0.25,0,0,0,0,-63.732831772164765
2025-11-28 03:00:00,2025-11-28 02:10:00,0.0,0.0,0.0,0.0,0.0,-1.8,0.6,0,0,0,0,-56.74509287700084
2025-11-28 04:00:00,2025-11-28 03:10:00,0.0,0.0,0.0,0.0,0.0,-2.3,1.01,0,0,0,0,-47.40380719498794
2025-11-28 05:00:00,2025-11-28 04:10:00,0.0,0.0,0.0,0.0,0.0,-2.4,0.52,0,0,0,0,-37.10494676735965
2025-11-28 06:00:00,2025-11-28 05:10:00,0.0,0.0,0.0,0.0,0.0,-2.4,0.71,0,0,0,0,-26.532337765084165
2025-11-28 07:00:00,2025-11-28 06:10:00,0.0,0.0,0.0,0.0,0.0,-2.6,1.21,0,0,0,0,-16.086799236868888
2025-11-28 08:00:00,2025-11-28 07:10:00,2236.88330078125,1.0,1.0,1.0,0.0,-3.2,0.94,0,0,0,0,-6.08525548129808
2025-11-28 09:00:00,2025-11-28 08:10:00,12113.7041015625,72.0,72.0,28.0,357.0,-1.6,0.73,0,0,0,0,3.146727668782133
2025-11-28 10:00:00,2025-11-28 09:10:00,17029.1640625,202.0,202.0,51.0,652.0,1.2,0.75,0,0,0,0,11.224061548260458
2025-11-28 11:00:00,2025-11-28 10:10:00,19072.76953125,312.0,312.0,61.0,765.1,3.8,0.16,0,0,0,0,17.681678071856734
2025-11-28 12:00:00,2025-11-28 11:10:00,21611.142578125,379.0,379.0,66.0,813.8,5.8,0.07,0,0,0,0,22.00619123940761
2025-11-28 13:00:00,2025-11-28 12:10:00,21497.591796875,395.0,395.0,67.0,825.4,7.3,0.27,23,0,0,23,23.749884322533994
2025-11-28 14:00:00,2025-11-28 13:10:00,18528.080078125,353.0,353.0,69.0,776.9,7.9,0.35,88,0,0,88,22.701570442167466
2025-11-28 15:00:00,2025-11-28 14:10:00,10857.8447265625,258.0,258.0,72.0,638.7,7.2,0.16,97,0,0,97,18.990426790306437
2025-11-28 16:00:00,2025-11-28 15:10:00,4852.970703125,133.0,133.0,61.0,401.1,5.0,0.11,30,0,0,30,13.02065215609534
2025-11-28 17:00:00,2025-11-28 16:10:00,292.66357421875,26.0,26.0,14.0,129.1,2.7,0.28,94,0,0,94,5.303097639199072
2025-11-28 18:00:00,2025-11-28 17:10:00,0.0,0.0,0.0,0.0,0.0,2.0,0.27,98,0,0,98,-3.6794910092031996
2025-11-28 19:00:00,2025-11-28 18:10:00,0.0,0.0,0.0,0.0,0.0,1.5,0.27,97,0,0,97,-13.522857246078228
2025-11-28 20:00:00,2025-11-28 19:10:00,0.0,0.0,0.0,0.0,0.0,1.3,0.0,88,0,0,88,-23.891040143106824
2025-11-28 21:00:00,2025-11-28 20:10:00,0.0,0.0,0.0,0.0,0.0,0.6,0.2,66,0,0,66,-34.47302975618943
2025-11-28 22:00:00,2025-11-28 21:10:00,0.0,0.0,0.0,0.0,0.0,-0.1,0.32,54,0,0,54,-44.90484456730223
2025-11-28 23:00:00,2025-11-28 22:10:00,0.0,0.0,0.0,0.0,0.0,-0.2,0.67,55,0,2,54,-54.608755825793494
2025-11-29 00:00:00,2025-11-28 23:10:00,0.0,0.0,0.0,0.0,0.0,-0.4,0.72,39,0,0,39,-62.429002542238194
2025-11-29 01:00:00,2025-11-29 00:10:00,0.0,0.0,0.0,0.0,0.0,-0.5,0.72,84,0,0,84,-66.17095794635733
2025-11-29 02:00:00,2025-11-29 01:10:00,0.0,0.0,0.0,0.0,0.0,-0.4,0.18,95,0,20,95,-63.92881809566447
2025-11-29 03:00:00,2025-11-29 02:10:00,0.0,0.0,0.0,0.0,0.0,-0.4,0.29,99,0,78,99,-56.93517105269989
2025-11-29 04:00:00,2025-11-29 03:10:00,0.0,0.0,0.0,0.0,0.0,-0.6,0.18,91,0,5,91,-47.58513388086369
2025-11-29 05:00:00,2025-11-29 04:10:00,0.0,0.0,0.0,0.0,0.0,-0.9,0.35,95,0,3,95,-37.28168265744102
2025-11-29 06:00:00,2025-11-29 05:10:00,0.0,0.0,0.0,0.0,0.0,-1.2,0.63,92,0,3,92,-26.708531666097826
2025-11-29 07:00:00,2025-11-29 06:10:00,0.0,0.0,0.0,0.0,0.0,-1.4,0.29,4,0,2,2,-16.265407486804364
2025-11-29 08:00:00,2025-11-29 07:10:00,2226.4599609375,1.0,1.0,1.0,0.0,-1.6,0.25,0,0,0,0,-6.268189584847564
2025-11-29 09:00:00,2025-11-29 08:10:00,12222.994140625,66.0,66.0,26.0,329.0,0.0,0.9,0,0,0,0,2.9586645417609816
2025-11-29 10:00:00,2025-11-29 09:10:00,16645.18359375,191.0,191.0,50.0,617.3,2.5,0.6,0,0,0,0,11.031554828916391
2025-11-29 11:00:00,2025-11-29 10:10:00,18857.01171875,298.0,298.0,61.0,729.3,4.8,0.25,0,0,0,0,17.487551317515553
2025-11-29 12:00:00,2025-11-29 11:10:00,20930.833984375,364.0,364.0,66.0,780.7,6.7,0.11,0,0,0,0,21.81589608851294
2025-11-29 13:00:00,2025-11-29 12:10:00,21315.21484375,379.0,379.0,67.0,790.4,8.1,0.35,0,0,0,0,23.570901338453698
2025-11-29 14:00:00,2025-11-29 13:10:00,18848.306640625,341.0,341.0,64.0,762.7,8.6,0.38,0,0,0,0,22.541155427788073
2025-11-29 15:00:00,2025-11-29 14:10:00,12996.8916015625,256.0,256.0,57.0,688.1,7.7,0.25,0,0,0,0,18.852965298783207
2025-11-29 16:00:00,2025-11-29 15:10:00,5346.38720703125,138.0,138.0,43.0,534.2,5.3,0.18,0,0,0,0,12.906705056709427
2025-11-29 17:00:00,2025-11-29 16:10:00,221.16806030273438,24.0,24.0,11.0,141.0,3.5,0.3,0,0,0,0,5.210313324051944
2025-11-29 18:00:00,2025-11-29 17:10:00,0.0,0.0,0.0,0.0,0.0,2.6,0.52,0,0,0,0,-3.7550059500567614
2025-11-29 19:00:00,2025-11-29 18:10:00,0.0,0.0,0.0,0.0,0.0,1.9,0.36,41,0,0,41,-13.585694941466619
2025-11-29 20:00:00,2025-11-29 19:10:00,0.0,0.0,0.0,0.0,0.0,1.8,0.18,99,0,0,99,-23.946347162548133
2025-11-29 21:00:00,2025-11-29 20:10:00,0.0,0.0,0.0,0.0,0.0,1.5,0.05,100,0,0,100,-34.526999153371364
2025-11-29 22:00:00,2025-11-29 21:10:00,0.0,0.0,0.0,0.0,0.0,1.0,0.18,100,0,0,100,-44.9659471637112
2025-11-29 23:00:00,2025-11-29 22:10:00,0.0,0.0,0.0,0.0,0.0,1.1,0.21,100,0,0,100,-54.689922909737625
2025-11-30 00:00:00,2025-11-29 23:10:00,0.0,0.0,0.0,0.0,0.0,1.0,0.18,100,0,0,100,-62.54878920564133
2025-11-30 01:00:00,2025-11-30 00:10:00,0.0,0.0,0.0,0.0,0.0,-1.0,0.41,100,0,0,100,-66.33928389529692
2025-11-30 02:00:00,2025-11-30 01:10:00,0.0,0.0,0.0,0.0,0.0,-1.3,0.21,100,0,0,100,-64.1193125245475
2025-11-30 03:00:00,2025-11-30 02:10:00,0.0,0.0,0.0,0.0,0.0,-1.2,0.25,100,0,1,100,-57.121146477612434
2025-11-30 04:00:00,2025-11-30 03:10:00,0.0,0.0,0.0,0.0,0.0,-1.0,0.21,72,0,27,65,-47.76316543179773
2025-11-30 05:00:00,2025-11-30 04:10:00,0.0,0.0,0.0,0.0,0.0,-1.2,0.7,100,0,7,100,-37.45548826804458
2025-11-30 06:00:00,2025-11-30 05:10:00,0.0,0.0,0.0,0.0,0.0,-0.4,1.06,100,0,5,100,-26.88185073807664
2025-11-30 07:00:00,2025-11-30 06:10:00,0.0,0.0,0.0,0.0,0.0,-0.6,0.84,99,0,63,99,-16.440964591854986
2025-11-30 08:00:00,2025-11-30 07:10:00,1417.8345947265625,1.0,1.0,1.0,0.0,-0.5,0.84,100,0,80,100,-6.447704418980331
2025-11-30 09:00:00,2025-11-30 08:10:00,3673.33984375,44.0,44.0,40.0,33.4,0.9,1.0,100,0,36,100,2.7745567998996865
2025-11-30 10:00:00,2025-11-30 09:10:00,8299.0224609375,141.0,141.0,98.0,190.9,2.5,1.12,100,0,12,100,10.84367785014411
2025-11-30 11:00:00,2025-11-30 10:10:00,8961.3681640625,212.0,212.0,140.0,223.6,4.0,0.85,100,0,69,100,17.298805600259904
2025-11-30 12:00:00,2025-11-30 11:10:00,6942.6650390625,243.0,243.0,185.0,153.1,5.2,0.75,100,0,60,100,21.63169867050109
2025-11-30 13:00:00,2025-11-30 12:10:00,7416.0517578125,257.0,257.0,177.0,204.0,5.8,0.65,100,0,46,100,23.39855757722275
2025-11-30 14:00:00,2025-11-30 13:10:00,12794.4619140625,270.0,270.0,139.0,362.9,6.5,0.92,97,0,11,96,22.387652335847754
2025-11-30 15:00:00,2025-11-30 14:10:00,7284.4794921875,200.0,200.0,113.0,302.8,6.1,0.58,99,0,34,99,18.722433906256814
2025-11-30 16:00:00,2025-11-30 15:10:00,2886.773193359375,97.0,97.0,73.0,136.2,4.2,0.25,100,0,37,100,12.799544674865952
2025-11-30 17:00:00,2025-11-30 16:10:00,260.5605163574219,16.0,16.0,14.0,21.9,2.2,0.41,100,0,79,100,5.124112138399355
2025-11-30 18:00:00,2025-11-30 17:10:00,0.0,0.0,0.0,0.0,0.0,2.0,0.21,100,0,80,100,-3.824127410629036
2025-11-30 19:00:00,2025-11-30 18:10:00,0.0,0.0,0.0,0.0,0.0,2.0,0.32,100,0,81,100,-13.642265825152117
2025-11-30 20:00:00,2025-11-30 19:10:00,0.0,0.0,0.0,0.0,0.0,2.7,0.35,100,0,92,100,-23.99541255923648
2025-11-30 21:00:00,2025-11-30 20:10:00,0.0,0.0,0.0,0.0,0.0,2.9,0.32,100,0,97,100,-34.57460886492364
2025-11-30 22:00:00,2025-11-30 21:10:00,0.0,0.0,0.0,0.0,0.0,3.2,0.43,100,2,100,100,-45.02037771113235
2025-11-30 23:00:00,2025-11-30 22:10:00,0.0,0.0,0.0,0.0,0.0,3.2,0.3,100,5,99,99,-54.763887201211865
2025-12-01 00:00:00,2025-11-30 23:10:00,0.0,0.0,0.0,0.0,0.0,3.2,0.25,99,0,99,74,-62.66086722453789
2025-12-01 01:00:00,2025-12-01 00:10:00,0.0,0.0,0.0,0.0,0.0,2.7,0.4,82,0,82,9,-66.50038236509897
2025-12-01 02:00:00,2025-12-01 01:10:00,0.0,0.0,0.0,0.0,0.0,2.5,0.5,80,0,80,0,-64.30421103078602
2025-12-01 03:00:00,2025-12-01 02:10:00,0.0,0.0,0.0,0.0,0.0,2.4,0.72,63,13,58,1,-57.302932440924586
2025-12-01 04:00:00,2025-12-01 03:10:00,0.0,0.0,0.0,0.0,0.0,2.2,0.78,81,61,59,1,-47.937819433070096
2025-12-01 05:00:00,2025-12-01 04:10:00,0.0,0.0,0.0,0.0,0.0,2.8,1.24,100,100,95,0,-37.62627751381437
2025-12-01 06:00:00,2025-12-01 05:10:00,0.0,0.0,0.0,0.0,0.0,2.9,1.3,100,100,100,0,-27.052202679014535
2025-12-01 07:00:00,2025-12-01 06:10:00,0.0,0.0,0.0,0.0,0.0,3.0,0.25,100,100,100,0,-16.613371964481765
2025-12-01 08:00:00,2025-12-01 07:10:00,0.0,0.0,0.0,0.0,0.0,3.8,0.18,100,100,100,0,-6.62369644340827
2025-12-01 09:00:00,2025-12-01 08:10:00,1644.6927490234375,10.0,10.0,10.0,0.0,4.0,0.94,100,100,100,0,2.5945103722601606
2025-12-01 10:00:00,2025-12-01 09:10:00,2146.5107421875,36.0,36.0,34.0,9.0,4.4,0.82,100,98,100,0,10.660535110505169
2025-12-01 11:00:00,2025-12-01 10:10:00,2329.127197265625,54.0,54.0,54.0,0.0,5.0,0.88,100,100,100,0,17.115539294268313
2025-12-01 12:00:00,2025-12-01 11:10:00,2348.387451171875,84.0,84.0,78.0,16.0,5.9,0.72,100,100,100,0,21.453686913188772
2025-12-01 13:00:00,2025-12-01 12:10:00,2352.98486328125,96.0,96.0,87.0,23.1,4.8,1.57,100,100,100,0,23.23292809295472
2025-12-01 14:00:00,2025-12-01 13:10:00,2075.760009765625,50.0,50.0,49.0,2.8,5.2,1.7,100,100,100,0,22.2411228429148
2025-12-01 15:00:00,2025-12-01 14:10:00,1194.6158447265625,30.0,30.0,30.0,0.0,5.2,1.66,100,100,100,0,18.598880810288225
2025-12-01 16:00:00,2025-12-01 15:10:00,1169.26123046875,23.0,23.0,23.0,0.0,5.1,1.5,100,100,100,0,12.699205227339977
2025-12-01 17:00:00,2025-12-01 16:10:00,24.561796188354492,5.0,5.0,5.0,0.0,4.7,1.03,100,100,100,0,5.044513866657564
2025-12-01 18:00:00,2025-12-01 17:10:00,0.0,0.0,0.0,0.0,0.0,4.8,0.2,100,100,100,0,-3.8868499445741524
2025-12-01 19:00:00,2025-12-01 18:10:00,0.0,0.0,0.0,0.0,0.0,5.2,1.46,100,100,98,0,-13.692578048077891
2025-12-01 20:00:00,2025-12-01 19:10:00,0.0,0.0,0.0,0.0,0.0,5.3,0.93,100,100,88,0,-24.03825664679309
2025-12-01 21:00:00,2025-12-01 20:10:00,0.0,0.0,0.0,0.0,0.0,5.3,0.18,100,100,92,0,-34.61588872917517
2025-12-01 22:00:00,2025-12-01 21:10:00,0.0,0.0,0.0,0.0,0.0,5.3,0.32,100,100,44,0,-45.068169782903034
2025-12-01 23:00:00,2025-12-01 22:10:00,0.0,0.0,0.0,0.0,0.0,4.9,0.71,100,100,30,0,-54.8306710870942
2025-12-02 00:00:00,2025-12-01 23:10:00,0.0,0.0,0.0,0.0,0.0,4.1,1.01,96,95,21,1,-62.765212769041014
2025-12-02 01:00:00,2025-12-02 00:10:00,0.0,0.0,0.0,0.0,0.0,4.2,0.4,100,100,2,0,-66.654158993403
2025-12-02 02:00:00,2025-12-02 01:10:00,0.0,0.0,0.0,0.0,0.0,4.6,0.67,100,100,2,0,-64.4834095014622
2025-12-02 03:00:00,2025-12-02 02:10:00,0.0,0.0,0.0,0.0,0.0,4.2,1.12,100,100,5,0,-57.48044137777618
2025-12-02 04:00:00,2025-12-02 03:10:00,0.0,0.0,0.0,0.0,0.0,3.8,1.47,100,100,16,0,-48.10901272406528
2025-12-02 05:00:00,2025-12-02 04:10:00,0.0,0.0,0.0,0.0,0.0,3.7,1.46,100,100,100,0,-37.7939639062468
2025-12-02 06:00:00,2025-12-02 05:10:00,0.0,0.0,0.0,0.0,0.0,3.5,1.14,100,100,10,0,-27.21949521999029
2025-12-02 07:00:00,2025-12-02 06:10:00,0.0,0.0,0.0,0.0,0.0,3.9,0.67,100,100,9,0,-16.782531538403603
2025-12-02 08:00:00,2025-12-02 07:10:00,0.0,0.0,0.0,0.0,0.0,4.2,0.43,100,100,63,0,-6.796063156916598
2025-12-02 09:00:00,2025-12-02 08:10:00,2648.609130859375,21.0,21.0,18.0,25.7,4.8,0.72,100,98,80,0,2.418629633742811
2025-12-02 10:00:00,2025-12-02 09:10:00,5123.66552734375,100.0,100.0,78.0,100.4,5.7,0.67,91,88,25,0,10.482229098174633
2025-12-02 11:00:00,2025-12-02 10:10:00,12062.0966796875,209.0,209.0,106.0,325.8,6.8,0.39,52,38,30,0,16.93784843675352
2025-12-02 12:00:00,2025-12-02 11:10:00,13591.5341796875,296.0,296.0,123.0,463.2,8.5,0.54,48,28,43,0,21.281946245888108
2025-12-02 13:00:00,2025-12-02 12:10:00,14080.0732421875,311.0,311.0,111.0,516.3,8.2,0.1,92,8,91,0,23.074085389372904
2025-12-02 14:00:00,2025-12-02 13:10:00,11649.443359375,244.0,244.0,126.0,330.7,9.3,0.52,89,12,89,0,22.101626030628797
2025-12-02 15:00:00,2025-12-02 14:10:00,10818.2578125,184.0,184.0,86.0,345.3,9.4,0.65,43,0,43,0,18.482351536168295
2025-12-02 16:00:00,2025-12-02 15:10:00,4652.82080078125,93.0,93.0,51.0,242.1,8.6,0.25,20,2,20,0,12.605718175681316
2025-12-02 17:00:00,2025-12-02 16:10:00,298.4037170410156,17.0,17.0,12.0,55.4,6.8,0.7,30,5,27,0,4.9715354771546725
2025-12-02 18:00:00,2025-12-02 17:10:00,0.0,0.0,0.0,0.0,0.0,5.8,0.92,29,21,13,0,-3.9431709605054786
2025-12-02 19:00:00,2025-12-02 18:10:00,0.0,0.0,0.0,0.0,0.0,5.3,0.11,23,9,20,0,-13.736642657307058
2025-12-02 20:00:00,2025-12-02 19:10:00,0.0,0.0,0.0,0.0,0.0,4.7,0.22,52,16,45,2,-24.0749027264765
2025-12-02 21:00:00,2025-12-02 20:10:00,0.0,0.0,0.0,0.0,0.0,4.3,0.16,100,15,98,91,-34.65087180340991
2025-12-02 22:00:00,2025-12-02 21:10:00,0.0,0.0,0.0,0.0,0.0,4.2,0.2,100,10,100,95,-45.10936071521872
2025-12-02 23:00:00,2025-12-02 22:10:00,0.0,0.0,0.0,0.0,0.0,4.1,0.71,100,7,98,88,-54.89030182323359
2025-12-03 00:00:00,2025-12-02 23:10:00,0.0,0.0,0.0,0.0,0.0,4.0,0.96,100,8,100,66,-62.86180802347578
2025-12-03 01:00:00,2025-12-03 00:10:00,0.0,0.0,0.0,0.0,0.0,4.7,1.14,100,9,100,0,-66.80052307409504
2025-12-03 02:00:00,2025-12-03 01:10:00,0.0,0.0,0.0,0.0,0.0,4.7,0.78,100,28,100,0,-64.656803839122
2025-12-03 03:00:00,2025-12-03 02:10:00,0.0,0.0,0.0,0.0,0.0,4.9,0.3,100,38,100,65,-57.65358489064518
2025-12-03 04:00:00,2025-12-03 03:10:00,0.0,0.0,0.0,0.0,0.0,4.7,0.34,100,100,100,88,-48.276661424879975
2025-12-03 05:00:00,2025-12-03 04:10:00,0.0,0.0,0.0,0.0,0.0,4.6,0.25,100,100,100,1,-37.95846060028193
2025-12-03 06:00:00,2025-12-03 05:10:00,0.0,0.0,0.0,0.0,0.0,4.3,0.53,100,100,100,9,-27.38363618992367
2025-12-03 07:00:00,2025-12-03 06:10:00,0.0,0.0,0.0,0.0,0.0,4.1,0.74,100,100,100,95,-16.948345846656363
2025-12-03 08:00:00,2025-12-03 07:10:00,0.0,0.0,0.0,0.0,0.0,4.2,0.25,100,21,100,99,-6.9647031829636425
2025-12-03 09:00:00,2025-12-03 08:10:00,2131.81005859375,19.0,19.0,19.0,0.0,4.8,0.65,100,100,100,9,2.2470173181599544
2025-12-03 10:00:00,2025-12-03 09:10:00,2291.778076171875,38.0,38.0,38.0,0.0,5.3,0.75,100,92,100,10,10.308860208367467
2025-12-03 11:00:00,2025-12-03 10:10:00,2220.580810546875,37.0,37.0,37.0,0.0,5.6,0.81,100,100,100,81,16.765826653044893
2025-12-03 12:00:00,2025-12-03 11:10:00,2564.561279296875,56.0,56.0,56.0,0.0,5.9,0.64,100,98,100,5,21.116559532149218
2025-12-03 13:00:00,2025-12-03 12:10:00,2430.809326171875,47.0,47.0,47.0,0.0,7.1,1.0,100,40,100,40,22.92209935936309
2025-12-03 14:00:00,2025-12-03 13:10:00,2561.64892578125,50.0,50.0,49.0,2.8,7.3,0.41,100,80,100,35,21.969218333563237
2025-12-03 15:00:00,2025-12-03 14:10:00,1670.6695556640625,34.0,34.0,34.0,0.0,7.3,0.25,100,58,100,99,18.37288889645778
2025-12-03 16:00:00,2025-12-03 15:10:00,1314.9234619140625,24.0,24.0,24.0,0.0,7.2,0.45,100,100,100,100,12.519112201076624
2025-12-03 17:00:00,2025-12-03 16:10:00,194.64505004882812,3.0,3.0,3.0,0.0,6.5,1.35,100,100,100,100,4.9051911159747075
2025-12-03 18:00:00,2025-12-03 17:10:00,0.0,0.0,0.0,0.0,0.0,6.3,0.87,100,100,100,100,-3.9930907054707534
2025-12-03 19:00:00,2025-12-03 18:10:00,0.0,0.0,0.0,0.0,0.0,6.6,0.36,100,100,100,100,-13.774473553049452
2025-12-03 20:00:00,2025-12-03 19:10:00,0.0,0.0,0.0,0.0,0.0,6.6,0.81,100,100,100,100,-24.10537701370163
2025-12-03 21:00:00,2025-12-03 20:10:00,0.0,0.0,0.0,0.0,0.0,6.5,0.9,100,100,100,100,-34.67959425572871
2025-12-03 22:00:00,2025-12-03 21:10:00,0.0,0.0,0.0,0.0,0.0,6.3,0.76,100,100,100,100,-45.14399146430523
2025-12-03 23:00:00,2025-12-03 22:10:00,0.0,0.0,0.0,0.0,0.0,6.2,1.06,100,100,100,98,-54.94281138717222
2025-12-04 00:00:00,2025-12-03 23:10:00,0.0,0.0,0.0,0.0,0.0,6.1,1.51,100,100,100,98,-62.950641184697574
2025-12-04 01:00:00,2025-12-04 00:10:00,0.0,0.0,0.0,0.0,0.0,6.3,1.62,100,100,100,99,-66.93938779435913
2025-12-04 02:00:00,2025-12-04 01:10:00,0.0,0.0,0.0,0.0,0.0,6.6,1.35,100,100,100,98,-64.82429007089047
2025-12-04 03:00:00,2025-12-04 02:10:00,0.0,0.0,0.0,0.0,0.0,6.4,1.03,100,100,100,99,-57.822273773884824
2025-12-04 04:00:00,2025-12-04 03:10:00,0.0,0.0,0.0,0.0,0.0,6.2,0.9,100,100,100,91,-48.44068096335636
2025-12-04 05:00:00,2025-12-04 04:10:00,0.0,0.0,0.0,0.0,0.0,6.2,0.43,100,100,100,88,-38.11968043992572
2025-12-04 06:00:00,2025-12-04 05:10:00,0.0,0.0,0.0,0.0,0.0,6.0,0.4,100,100,100,92,-27.544533578408068
2025-12-04 07:00:00,2025-12-04 06:10:00,0.0,0.0,0.0,0.0,0.0,5.8,1.3,100,100,100,56,-17.110718096983273
2025-12-04 08:00:00,2025-12-04 07:10:00,0.0,0.0,0.0,0.0,0.0,6.0,0.74,100,100,98,34,-7.12951635205483
2025-12-04 09:00:00,2025-12-04 08:10:00,3496.568115234375,23.0,23.0,20.0,26.4,6.2,0.95,100,3,99,34,2.079774434833014
2025-12-04 10:00:00,2025-12-04 09:10:00,3208.169677734375,66.0,66.0,61.0,23.4,7.1,1.25,99,11,99,1,10.140526664231835
2025-12-04 11:00:00,2025-12-04 10:10:00,2888.374267578125,68.0,68.0,67.0,3.2,7.4,1.23,100,35,100,7,16.599565084724933
2025-12-04 12:00:00,2025-12-04 11:10:00,6042.203125,147.0,147.0,99.0,130.2,8.6,1.1,100,13,100,6,20.95760700494725
2025-12-04 13:00:00,2025-12-04 12:10:00,4797.33251953125,109.0,109.0,102.0,18.3,8.1,0.85,100,1,100,0,22.777037226345126
2025-12-04 14:00:00,2025-12-04 13:10:00,4284.560546875,148.0,148.0,113.0,99.1,8.6,0.45,100,28,100,0,21.843953488311612
2025-12-04 15:00:00,2025-12-04 14:10:00,3543.904541015625,83.0,83.0,80.0,10.7,8.4,0.29,91,71,65,17,18.27053295122457
2025-12-04 16:00:00,2025-12-04 15:10:00,3570.882568359375,79.0,79.0,36.0,251.2,7.9,0.39,63,19,58,3,12.439413179536176
2025-12-04 17:00:00,2025-12-04 16:10:00,255.4647674560547,14.0,14.0,11.0,33.6,6.9,0.57,100,2,99,91,4.845492100940173
2025-12-04 18:00:00,2025-12-04 17:10:00,0.0,0.0,0.0,0.0,0.0,6.9,0.21,100,0,99,96,-4.036612248305412
2025-12-04 19:00:00,2025-12-04 18:10:00,0.0,0.0,0.0,0.0,0.0,6.4,0.35,100,2,30,100,-13.806087445412198
2025-12-04 20:00:00,2025-12-04 19:10:00,0.0,0.0,0.0,0.0,0.0,6.3,0.68,99,10,27,98,-24.12970856386155
2025-12-04 21:00:00,2025-12-04 20:10:00,0.0,0.0,0.0,0.0,0.0,6.0,0.49,98,6,7,98,-34.70209525517238
2025-12-04 22:00:00,2025-12-04 21:10:00,0.0,0.0,0.0,0.0,0.0,4.8,0.67,76,3,0,75,-45.172106459118766
2025-12-04 23:00:00,2025-12-04 22:10:00,0.0,0.0,0.0,0.0,0.0,3.7,0.89,100,100,2,61,-54.98823631926674
2025-12-05 00:00:00,2025-12-04 23:10:00,0.0,0.0,0.0,0.0,0.0,2.9,0.96,100,100,0,97,-63.03170643861816
2025-12-05 01:00:00,2025-12-05 00:10:00,0.0,0.0,0.0,0.0,0.0,3.7,0.85,100,86,95,100,-67.0706704685066
2025-12-05 02:00:00,2025-12-05 01:10:00,0.0,0.0,0.0,0.0,0.0,4.1,0.72,100,64,72,100,-64.9857644667778
2025-12-05 03:00:00,2025-12-05 02:10:00,0.0,0.0,0.0,0.0,0.0,3.8,0.54,86,47,48,49,-57.9864180419253
2025-12-05 04:00:00,2025-12-05 03:10:00,0.0,0.0,0.0,0.0,0.0,3.4,0.62,96,30,56,91,-48.60098610282279
2025-12-05 05:00:00,2025-12-05 04:10:00,0.0,0.0,0.0,0.0,0.0,2.9,0.49,97,23,95,92,-38.277536003040396
2025-12-05 06:00:00,2025-12-05 05:10:00,0.0,0.0,0.0,0.0,0.0,2.3,0.28,100,23,95,100,-27.70209559666862
2025-12-05 07:00:00,2025-12-05 06:10:00,0.0,0.0,0.0,0.0,0.0,2.2,0.25,98,94,75,39,-17.269552244552116
2025-12-05 08:00:00,2025-12-05 07:10:00,0.0,0.0,0.0,0.0,0.0,2.1,0.5,88,88,2,0,-7.290403780855328
2025-12-05 09:00:00,2025-12-05 08:10:00,8927.333984375,48.0,48.0,24.0,213.8,3.1,1.12,41,40,6,0,1.9170001887632897
2025-12-05 10:00:00,2025-12-05 09:10:00,14540.0380859375,153.0,153.0,61.0,436.6,5.2,0.81,20,19,2,0,9.977324441271003
2025-12-05 11:00:00,2025-12-05 10:10:00,15332.41796875,242.0,242.0,80.0,525.7,7.2,0.74,5,2,2,0,16.439152320896454
2025-12-05 12:00:00,2025-12-05 11:10:00,18185.783203125,304.0,304.0,97.0,565.2,9.1,0.86,5,2,5,0,20.80516620440898
2025-12-05 13:00:00,2025-12-05 12:10:00,19057.587890625,323.0,323.0,84.0,627.4,10.0,0.28,3,0,3,0,22.638963487568994
2025-12-05 14:00:00,2025-12-05 13:10:00,17583.720703125,315.0,315.0,65.0,711.5,10.9,0.18,0,0,0,0,21.725882483897553
2025-12-05 15:00:00,2025-12-05 14:10:00,12359.150390625,231.0,231.0,62.0,604.7,10.9,0.21,1,1,1,0,18.175320969058113
2025-12-05 16:00:00,2025-12-05 15:10:00,4983.84228515625,127.0,127.0,42.0,499.5,9.8,0.56,0,0,0,0,12.366644157448162
2025-12-05 17:00:00,2025-12-05 16:10:00,281.34735107421875,21.0,21.0,11.0,112.6,7.7,0.62,14,0,1,13,4.792446915722147
2025-12-05 18:00:00,2025-12-05 17:10:00,0.0,0.0,0.0,0.0,0.0,6.9,0.43,19,0,2,17,-4.073741462948509
2025-12-05 19:00:00,2025-12-05 18:10:00,0.0,0.0,0.0,0.0,0.0,6.6,0.4,8,0,2,6,-13.831503811058663
2025-12-05 20:00:00,2025-12-05 19:10:00,0.0,0.0,0.0,0.0,0.0,5.6,0.32,2,0,2,0,-24.14792919777333
2025-12-05 21:00:00,2025-12-05 20:10:00,0.0,0.0,0.0,0.0,0.0,4.7,0.27,39,0,1,39,-34.71841686062637
2025-12-05 22:00:00,2025-12-05 21:10:00,0.0,0.0,0.0,0.0,0.0,3.9,0.15,6,0,1,5,-45.19375345038664
2025-12-05 23:00:00,2025-12-05 22:10:00,0.0,0.0,0.0,0.0,0.0,3.3,0.25,100,0,1,100,-55.02661755328175
2025-12-06 00:00:00,2025-12-05 23:10:00,0.0,0.0,0.0,0.0,0.0,2.5,0.56,17,0,2,16,-63.10500391495974
2025-12-06 01:00:00,2025-12-06 00:10:00,0.0,0.0,0.0,0.0,0.0,1.6,0.57,13,6,0,6,-67.19429276691434
2025-12-06 02:00:00,2025-12-06 01:10:00,0.0,0.0,0.0,0.0,0.0,1.0,0.35,64,48,0,30,-65.1411236675591
2025-12-06 03:00:00,2025-12-06 02:10:00,0.0,0.0,0.0,0.0,0.0,0.2,0.47,98,98,0,23,-58.14592696168228
2025-12-06 04:00:00,2025-12-06 03:10:00,0.0,0.0,0.0,0.0,0.0,-0.2,0.46,100,100,2,53,-48.75749097085607
2025-12-06 05:00:00,2025-12-06 04:10:00,0.0,0.0,0.0,0.0,0.0,-0.4,0.57,99,99,1,2,-38.43193964546628
2025-12-06 06:00:00,2025-12-06 05:10:00,0.0,0.0,0.0,0.0,0.0,-0.8,0.27,100,100,10,34,-27.856230736718878
2025-12-06 07:00:00,2025-12-06 06:10:00,0.0,0.0,0.0,0.0,0.0,-0.9,0.65,98,97,2,19,-17.424753062016162
2025-12-06 08:00:00,2025-12-06 07:10:00,0.0,0.0,0.0,0.0,0.0,-1.2,0.56,98,95,1,48,-7.447267948026384
2025-12-06 09:00:00,2025-12-06 08:10:00,7660.2119140625,44.0,44.0,24.0,180.4,-0.4,0.27,99,98,5,60,1.758791904410871
2025-12-06 10:00:00,2025-12-06 09:10:00,10106.35546875,144.0,144.0,67.0,370.1,1.5,0.69,99,94,33,90,9.819347195342086
2025-12-06 11:00:00,2025-12-06 10:10:00,13273.787109375,213.0,213.0,105.0,353.3,3.8,0.63,77,12,2,74,16.284674332648656
2025-12-06 12:00:00,2025-12-06 11:10:00,16438.921875,323.0,323.0,91.0,637.4,6.6,0.25,99,0,11,99,20.659311918169063
2025-12-06 13:00:00,2025-12-06 12:10:00,18701.275390625,341.0,341.0,90.0,662.2,7.9,0.18,90,0,2,90,22.50793985943873
2025-12-06 14:00:00,2025-12-06 13:10:00,16759.79296875,316.0,316.0,74.0,691.8,8.8,0.25,71,0,14,70,21.61505351361131
2025-12-06 15:00:00,2025-12-06 14:10:00,11531.0908203125,228.0,228.0,77.0,542.6,8.8,0.91,66,0,14,59,18.08728738894584
2025-12-06 16:00:00,2025-12-06 15:10:00,4735.18603515625,123.0,123.0,48.0,443.0,7.4,0.68,40,0,8,37,12.300825327550802
2025-12-06 17:00:00,2025-12-06 16:10:00,254.01258850097656,21.0,21.0,11.0,113.0,5.3,0.79,2,0,2,0,4.746061204076163
2025-12-06 18:00:00,2025-12-06 17:10:00,0.0,0.0,0.0,0.0,0.0,4.8,0.45,29,0,1,28,-4.104487011794024
2025-12-06 19:00:00,2025-12-06 18:10:00,0.0,0.0,0.0,0.0,0.0,4.6,0.28,98,0,2,98,-13.85074484994564
2025-12-06 20:00:00,2025-12-06 19:10:00,0.0,0.0,0.0,0.0,0.0,3.8,0.97,93,0,0,93,-24.16007342705442
2025-12-06 21:00:00,2025-12-06 20:10:00,0.0,0.0,0.0,0.0,0.0,3.2,0.83,100,0,0,100,-34.72860390901698
2025-12-06 22:00:00,2025-12-06 21:10:00,0.0,0.0,0.0,0.0,0.0,2.8,1.15,79,0,19,78,-45.208983356807536
2025-12-06 23:00:00,2025-12-06 22:10:00,0.0,0.0,0.0,0.0,0.0,3.0,0.3,100,0,9,100,-55.05800023759872
2025-12-07 00:00:00,2025-12-06 23:10:00,0.0,0.0,0.0,0.0,0.0,3.2,0.16,99,0,9,99,-63.170539620472766
2025-12-07 01:00:00,2025-12-07 00:10:00,0.0,0.0,0.0,0.0,0.0,1.8,0.25,100,0,27,100,-67.3101809383443
2025-12-07 02:00:00,2025-12-07 01:10:00,0.0,0.0,0.0,0.0,0.0,1.2,0.21,89,1,63,70,-65.29026482255651
2025-12-07 03:00:00,2025-12-07 02:10:00,0.0,0.0,0.0,0.0,0.0,1.0,0.25,98,2,57,96,-58.30070908973807
2025-12-07 04:00:00,2025-12-07 03:10:00,0.0,0.0,0.0,0.0,0.0,0.6,0.3,100,2,24,100,-48.91010908940685
2025-12-07 05:00:00,2025-12-07 04:10:00,0.0,0.0,0.0,0.0,0.0,0.5,0.3,100,3,12,100,-38.58280354466473
2025-12-07 06:00:00,2025-12-07 05:10:00,0.0,0.0,0.0,0.0,0.0,0.2,0.22,100,3,38,100,-28.006847828811676
2025-12-07 07:00:00,2025-12-07 06:10:00,0.0,0.0,0.0,0.0,0.0,-0.1,0.43,100,47,2,100,-17.57622620695769
2025-12-07 08:00:00,2025-12-07 07:10:00,0.0,0.0,0.0,0.0,0.0,-0.4,0.2,94,38,51,80,-7.6000127667888675
2025-12-07 09:00:00,2025-12-07 08:10:00,6411.94091796875,42.0,42.0,24.0,164.4,0.3,0.99,91,28,38,80,1.6052449530993664
2025-12-07 10:00:00,2025-12-07 09:10:00,11902.90625,144.0,144.0,66.0,379.5,2.0,0.62,89,0,73,60,9.666686194269154
2025-12-07 11:00:00,2025-12-07 10:10:00,13087.0419921875,243.0,243.0,80.0,537.4,4.4,0.79,95,0,83,72,16.13621441078223
2025-12-07 12:00:00,2025-12-07 11:10:00,11936.71875,245.0,245.0,121.0,342.6,6.1,0.36,98,0,81,91,20.52011612444146
2025-12-07 13:00:00,2025-12-07 12:10:00,14025.84765625,282.0,282.0,125.0,416.2,7.7,0.52,98,0,66,95,22.38402522496639
2025-12-07 14:00:00,2025-12-07 13:10:00,9594.2099609375,174.0,174.0,128.0,132.0,7.3,0.72,81,0,79,11,21.51151192837677
2025-12-07 15:00:00,2025-12-07 14:10:00,9810.9775390625,179.0,179.0,83.0,346.4,7.2,0.0,62,0,59,16,18.00646378310099
2025-12-07 16:00:00,2025-12-07 15:10:00,4482.89599609375,107.0,107.0,55.0,308.5,5.4,0.05,63,0,16,56,12.241974005381113
2025-12-07 17:00:00,2025-12-07 16:10:00,303.57470703125,19.0,19.0,11.0,90.7,3.7,0.16,71,0,36,55,4.706337764214246
2025-12-07 18:00:00,2025-12-07 17:10:00,0.0,0.0,0.0,0.0,0.0,3.1,0.34,48,0,4,45,-4.1288603291371375
2025-12-07 19:00:00,2025-12-07 18:10:00,0.0,0.0,0.0,0.0,0.0,2.8,0.16,63,0,12,58,-13.86383544229389
2025-12-07 20:00:00,2025-12-07 19:10:00,0.0,0.0,0.0,0.0,0.0,3.0,0.05,92,0,3,92,-24.166178379721092
2025-12-07 21:00:00,2025-12-07 20:10:00,0.0,0.0,0.0,0.0,0.0,2.9,0.25,99,0,4,99,-34.73270390329293
2025-12-07 22:00:00,2025-12-07 21:10:00,0.0,0.0,0.0,0.0,0.0,2.8,0.43,97,0,7,96,-45.21785010922639
2025-12-07 23:00:00,2025-12-07 22:10:00,0.0,0.0,0.0,0.0,0.0,2.8,0.96,76,0,2,75,-55.08243354824156
2025-12-08 00:00:00,2025-12-07 23:10:00,0.0,0.0,0.0,0.0,0.0,2.5,0.7,14,0,1,13,-63.228325351067724
2025-12-08 01:00:00,2025-12-08 00:10:00,0.0,0.0,0.0,0.0,0.0,2.3,0.18,3,0,1,2,-67.41826602387873
2025-12-08 02:00:00,2025-12-08 01:10:00,0.0,0.0,0.0,0.0,0.0,1.9,0.21,20,0,0,20,-65.4330857375797
2025-12-08 03:00:00,2025-12-08 02:10:00,0.0,0.0,0.0,0.0,0.0,1.5,0.05,38,0,0,38,-58.45067231487986
2025-12-08 04:00:00,2025-12-08 03:10:00,0.0,0.0,0.0,0.0,0.0,1.2,0.25,99,0,0,99,-49.058753406657104
2025-12-08 05:00:00,2025-12-08 04:10:00,0.0,0.0,0.0,0.0,0.0,0.6,1.01,99,0,0,99,-38.730039743096
2025-12-08 06:00:00,2025-12-08 05:10:00,0.0,0.0,0.0,0.0,0.0,1.0,1.2,99,0,0,99,-28.153856097303713
2025-12-08 07:00:00,2025-12-08 06:10:00,0.0,0.0,0.0,0.0,0.0,1.4,1.5,39,0,0,39,-17.723878286773296
2025-12-08 08:00:00,2025-12-08 07:10:00,0.0,0.0,0.0,0.0,0.0,1.0,0.6,31,0,0,31,-7.748543654235815
2025-12-08 09:00:00,2025-12-08 08:10:00,11537.6181640625,45.0,45.0,20.0,231.0,1.9,0.28,0,0,0,0,1.4564526840493908
2025-12-08 10:00:00,2025-12-08 09:10:00,16661.24609375,159.0,159.0,49.0,541.6,3.2,0.7,0,0,0,0,9.519430253094628
2025-12-08 11:00:00,2025-12-08 10:10:00,19167.345703125,264.0,264.0,62.0,670.9,5.2,0.45,0,0,0,0,15.993853106844835
2025-12-08 12:00:00,2025-12-08 11:10:00,20531.865234375,333.0,333.0,62.0,753.0,7.4,0.5,0,0,0,0,20.38764793788558
2025-12-08 13:00:00,2025-12-08 12:10:00,21044.34375,351.0,351.0,64.0,764.1,9.2,0.38,0,0,0,0,22.267275583455675
2025-12-08 14:00:00,2025-12-08 13:10:00,17947.28125,318.0,318.0,62.0,737.7,10.1,0.29,0,0,0,0,21.415300191752927
2025-12-08 15:00:00,2025-12-08 14:10:00,12562.544921875,239.0,239.0,55.0,666.2,10.1,0.18,0,0,0,0,17.932878820835946
2025-12-08 16:00:00,2025-12-08 15:10:00,4937.8896484375,126.0,126.0,41.0,506.3,8.4,0.3,0,0,0,0,12.19010460626621
2025-12-08 17:00:00,2025-12-08 16:10:00,269.913818359375,20.0,20.0,10.0,113.7,6.3,0.45,0,0,0,0,4.673276543333079
2025-12-08 18:00:00,2025-12-08 17:10:00,0.0,0.0,0.0,0.0,0.0,5.3,0.55,0,0,0,0,-4.146875604761054
2025-12-08 19:00:00,2025-12-08 18:10:00,0.0,0.0,0.0,0.0,0.0,4.0,1.07,13,0,0,13,-13.87080310593103
2025-12-08 20:00:00,2025-12-08 19:10:00,0.0,0.0,0.0,0.0,0.0,3.6,0.53,9,0,0,9,-24.16628372628029
2025-12-08 21:00:00,2025-12-08 20:10:00,0.0,0.0,0.0,0.0,0.0,3.1,0.47,13,0,0,13,-34.73076690066869
2025-12-08 22:00:00,2025-12-08 21:10:00,0.0,0.0,0.0,0.0,0.0,2.8,0.27,77,0,0,77,-45.22041049358784
2025-12-08 23:00:00,2025-12-08 22:10:00,0.0,0.0,0.0,0.0,0.0,2.7,0.35,100,0,0,100,-55.09997049496315
2025-12-09 00:00:00,2025-12-08 23:10:00,0.0,0.0,0.0,0.0,0.0,2.8,0.64,100,0,0,100,-63.27837858352197
2025-12-09 01:00:00,2025-12-09 00:10:00,0.0,0.0,0.0,0.0,0.0,2.2,0.45,97,2,0,97,-67.51848406069372
2025-12-09 02:00:00,2025-12-09 01:10:00,0.0,0.0,0.0,0.0,0.0,2.1,0.22,23,0,0,23,-65.56948503319809
2025-12-09 03:00:00,2025-12-09 02:10:00,0.0,0.0,0.0,0.0,0.0,1.5,0.32,0,0,0,0,-58.59572390659068
2025-12-09 04:00:00,2025-12-09 03:10:00,0.0,0.0,0.0,0.0,0.0,1.0,0.27,99,99,0,0,-49.20333633100051
2025-12-09 05:00:00,2025-12-09 04:10:00,0.0,0.0,0.0,0.0,0.0,0.8,0.15,100,100,0,0,-38.87356019156876
2025-12-09 06:00:00,2025-12-09 05:10:00,0.0,0.0,0.0,0.0,0.0,0.2,0.21,100,100,0,0,-28.297165215074024
2025-12-09 07:00:00,2025-12-09 06:10:00,0.0,0.0,0.0,0.0,0.0,-0.2,0.49,96,96,0,0,-17.867616921080288
2025-12-09 08:00:00,2025-12-09 07:10:00,0.0,0.0,0.0,0.0,0.0,-0.6,0.35,100,100,0,0,-7.892767597434837
2025-12-09 09:00:00,2025-12-09 08:10:00,7763.69580078125,38.0,38.0,22.0,149.6,0.4,0.57,100,100,0,0,1.3125063590273538
2025-12-09 10:00:00,2025-12-09 09:10:00,11988.4375,140.0,140.0,61.0,393.5,2.0,0.71,98,98,0,2,9.377665672981319
2025-12-09 11:00:00,2025-12-09 10:10:00,16875.240234375,247.0,247.0,76.0,572.0,3.9,0.72,7,7,0,0,15.857668177518814
2025-12-09 12:00:00,2025-12-09 11:10:00,18723.0390625,315.0,315.0,78.0,661.9,6.1,0.41,4,4,0,0,20.261973558341275
2025-12-09 13:00:00,2025-12-09 12:10:00,19966.875,343.0,343.0,70.0,729.9,8.4,0.21,0,0,0,0,22.15774400251183
2025-12-09 14:00:00,2025-12-09 13:10:00,17704.76171875,315.0,315.0,64.0,725.8,9.3,0.25,0,0,0,0,21.32645783667601
2025-12-09 15:00:00,2025-12-09 14:10:00,12727.42578125,236.0,236.0,55.0,657.4,9.0,0.3,0,0,0,0,17.866558233578775
2025-12-09 16:00:00,2025-12-09 15:10:00,5034.32373046875,125.0,125.0,41.0,501.9,7.1,0.05,0,0,0,0,12.145228622931105
2025-12-09 17:00:00,2025-12-09 16:10:00,269.913818359375,20.0,20.0,10.0,114.0,4.8,0.46,0,0,0,0,4.646874632330729
2025-12-09 18:00:00,2025-12-09 17:10:00,0.0,0.0,0.0,0.0,0.0,4.5,0.3,0,0,0,0,-4.1585497676953525
2025-12-09 19:00:00,2025-12-09 18:10:00,0.0,0.0,0.0,0.0,0.0,4.2,0.3,0,0,0,0,-13.871677954128103
2025-12-09 20:00:00,2025-12-09 19:10:00,0.0,0.0,0.0,0.0,0.0,4.3,0.14,0,0,0,0,-24.16043160656788
2025-12-09 21:00:00,2025-12-09 20:10:00,0.0,0.0,0.0,0.0,0.0,4.4,0.21,2,2,0,0,-34.72284540158152
2025-12-09 22:00:00,2025-12-09 21:10:00,0.0,0.0,0.0,0.0,0.0,4.0,0.76,11,11,0,0,-45.21672399345382
2025-12-09 23:00:00,2025-12-09 22:10:00,0.0,0.0,0.0,0.0,0.0,3.5,0.87,19,19,0,0,-55.110667721664754
2025-12-10 00:00:00,2025-12-09 23:10:00,0.0,0.0,0.0,0.0,0.0,3.2,0.82,27,27,0,0,-63.320722347626294
2025-12-10 01:00:00,2025-12-10 00:10:00,0.0,0.0,0.0,0.0,0.0,2.7,0.49,16,16,0,0,-67.61077627390141
2025-12-10 02:00:00,2025-12-10 01:10:00,0.0,0.0,0.0,0.0,0.0,2.4,0.15,48,48,0,0,-65.69936231342137
2025-12-10 03:00:00,2025-12-10 02:10:00,0.0,0.0,0.0,0.0,0.0,2.2,0.34,46,46,0,0,-58.73577057009415
2025-12-10 04:00:00,2025-12-10 03:10:00,0.0,0.0,0.0,0.0,0.0,1.9,0.35,75,75,0,0,-49.34376976755728
2025-12-10 05:00:00,2025-12-10 04:10:00,0.0,0.0,0.0,0.0,0.0,1.6,0.47,80,80,0,0,-39.01327679281828
2025-12-10 06:00:00,2025-12-10 05:10:00,0.0,0.0,0.0,0.0,0.0,1.5,0.73,84,84,0,0,-28.436685356655985
2025-12-10 07:00:00,2025-12-10 06:10:00,0.0,0.0,0.0,0.0,0.0,1.2,1.06,67,67,0,0,-18.00735080174288
2025-12-10 08:00:00,2025-12-10 07:10:00,0.0,0.0,0.0,0.0,0.0,1.2,1.19,71,71,0,0,-8.032593216378002
2025-12-10 09:00:00,2025-12-10 08:10:00,6893.681640625,27.0,27.0,16.0,104.0,1.6,1.09,46,46,0,0,1.173495090580957
2025-12-10 10:00:00,2025-12-10 09:10:00,13520.8896484375,128.0,128.0,56.0,362.6,3.3,1.1,9,9,0,0,9.24147618376504
2025-12-10 11:00:00,2025-12-10 10:10:00,16404.76171875,244.0,244.0,72.0,579.2,5.1,0.98,11,11,0,0,15.727734532394942
2025-12-10 12:00:00,2025-12-10 11:10:00,19256.525390625,318.0,318.0,77.0,676.4,6.9,0.86,3,3,0,0,20.143156222500515
2025-12-10 13:00:00,2025-12-10 12:10:00,19960.078125,348.0,348.0,72.0,740.7,8.4,0.29,0,0,0,0,22.05548057247172
2025-12-10 14:00:00,2025-12-10 13:10:00,18004.498046875,320.0,320.0,65.0,739.7,9.1,0.25,1,1,0,0,21.245021424046584
2025-12-10 15:00:00,2025-12-10 14:10:00,12333.5576171875,237.0,237.0,61.0,640.9,8.9,0.25,3,3,0,0,17.807524781134706
2025-12-10 16:00:00,2025-12-10 15:10:00,4872.2890625,123.0,123.0,43.0,479.1,6.8,0.2,3,3,0,0,12.107354603804751
2025-12-10 17:00:00,2025-12-10 16:10:00,280.3696594238281,20.0,20.0,10.0,114.1,4.8,0.21,0,0,0,0,4.627126260754521
2025-12-10 18:00:00,2025-12-10 17:10:00,0.0,0.0,0.0,0.0,0.0,4.3,0.28,0,0,0,0,-4.1639024701628795
2025-12-10 19:00:00,2025-12-10 18:10:00,0.0,0.0,0.0,0.0,0.0,4.0,0.32,73,0,0,73,-13.866492654032687
2025-12-10 20:00:00,2025-12-10 19:10:00,0.0,0.0,0.0,0.0,0.0,3.5,0.6,99,0,0,99,-24.148666557561544
2025-12-10 21:00:00,2025-12-10 20:10:00,0.0,0.0,0.0,0.0,0.0,2.8,0.92,100,0,0,100,-34.7089942397887
2025-12-10 22:00:00,2025-12-10 21:10:00,0.0,0.0,0.0,0.0,0.0,2.3,1.12,100,0,0,100,-45.20685263284589
2025-12-10 23:00:00,2025-12-10 22:10:00,0.0,0.0,0.0,0.0,0.0,2.0,0.98,100,0,0,100,-55.11458530243563
2025-12-11 00:00:00,2025-12-10 23:10:00,0.0,0.0,0.0,0.0,0.0,1.7,0.61,94,0,0,94,-63.35538507982757
2025-12-11 01:00:00,2025-12-11 00:10:00,0.0,0.0,0.0,0.0,0.0,2.0,0.07,18,0,0,18,-67.69508925473289
2025-12-11 02:00:00,2025-12-11 01:10:00,0.0,0.0,0.0,0.0,0.0,1.4,0.07,49,1,0,48,-65.82261834475278
2025-12-11 03:00:00,2025-12-11 02:10:00,0.0,0.0,0.0,0.0,0.0,0.8,0.45,60,2,1,59,-58.870718508548144
2025-12-11 04:00:00,2025-12-11 03:10:00,0.0,0.0,0.0,0.0,0.0,0.6,0.51,100,2,0,100,-49.479965157650085
2025-12-11 05:00:00,2025-12-11 04:10:00,0.0,0.0,0.0,0.0,0.0,0.5,0.3,98,0,0,98,-39.14910144558901
2025-12-11 06:00:00,2025-12-11 05:10:00,0.0,0.0,0.0,0.0,0.0,0.2,0.21,100,98,0,99,-28.5723272502625
2025-12-11 07:00:00,2025-12-11 06:10:00,0.0,0.0,0.0,0.0,0.0,-0.8,0.05,100,99,2,88,-18.14298975063414
2025-12-11 08:00:00,2025-12-11 07:10:00,0.0,0.0,0.0,0.0,0.0,-1.0,0.16,100,100,0,34,-8.167930823854025
2025-12-11 09:00:00,2025-12-11 08:10:00,7463.5322265625,38.0,38.0,21.0,162.4,-0.3,0.36,100,100,0,11,1.0395057838184791
2025-12-11 10:00:00,2025-12-11 09:10:00,12151.6669921875,142.0,142.0,61.0,412.3,1.8,0.4,99,99,0,13,9.110942890145123
2025-12-11 11:00:00,2025-12-11 10:10:00,16336.921875,255.0,255.0,68.0,633.8,4.6,0.18,92,87,0,40,15.604124185155195
2025-12-11 12:00:00,2025-12-11 11:10:00,15142.39453125,321.0,321.0,84.0,668.2,6.9,0.47,65,59,0,13,20.031256158576586
2025-12-11 13:00:00,2025-12-11 12:10:00,18778.134765625,342.0,342.0,80.0,705.6,9.0,0.75,88,0,0,88,21.96053236334346
2025-12-11 14:00:00,2025-12-11 13:10:00,16389.451171875,309.0,309.0,78.0,671.9,9.6,0.56,58,0,0,58,21.171024503267077
2025-12-11 15:00:00,2025-12-11 14:10:00,12238.0400390625,231.0,231.0,65.0,605.8,9.4,0.14,0,0,0,0,17.755798219296945
2025-12-11 16:00:00,2025-12-11 15:10:00,4870.34130859375,122.0,122.0,43.0,473.9,7.5,0.3,0,0,0,0,12.076488132112067
2025-12-11 17:00:00,2025-12-11 16:10:00,257.9317626953125,20.0,20.0,11.0,102.8,5.6,0.22,0,0,0,0,4.614022792034353
2025-12-11 18:00:00,2025-12-11 17:10:00,0.0,0.0,0.0,0.0,0.0,4.8,0.42,0,0,0,0,-4.162956071715813
2025-12-11 19:00:00,2025-12-11 18:10:00,0.0,0.0,0.0,0.0,0.0,4.3,0.45,0,0,0,0,-13.855282385782452
2025-12-11 20:00:00,2025-12-11 19:10:00,0.0,0.0,0.0,0.0,0.0,4.1,0.22,0,0,0,0,-24.1310354423748
2025-12-11 21:00:00,2025-12-11 20:10:00,0.0,0.0,0.0,0.0,0.0,3.8,0.05,99,99,0,0,-34.68927047400208
2025-12-11 22:00:00,2025-12-11 21:10:00,0.0,0.0,0.0,0.0,0.0,3.4,0.16,99,99,0,1,-45.19086082014066
2025-12-11 23:00:00,2025-12-11 22:10:00,0.0,0.0,0.0,0.0,0.0,2.9,0.35,98,98,0,0,-55.11178653449862
2025-12-12 00:00:00,2025-12-11 23:10:00,0.0,0.0,0.0,0.0,0.0,2.2,0.74,96,96,0,0,-63.38240045960053
2025-12-12 01:00:00,2025-12-12 00:10:00,0.0,0.0,0.0,0.0,0.0,1.3,0.63,92,92,0,0,-67.77137512339735
2025-12-12 02:00:00,2025-12-12 01:10:00,0.0,0.0,0.0,0.0,0.0,1.4,0.65,100,100,0,0,-65.9391552454578
2025-12-12 03:00:00,2025-12-12 02:10:00,0.0,0.0,0.0,0.0,0.0,0.9,0.97,99,99,0,0,-59.000473492972674
2025-12-12 04:00:00,2025-12-12 03:10:00,0.0,0.0,0.0,0.0,0.0,0.3,1.04,98,98,0,2,-49.61183352167892
2025-12-12 05:00:00,2025-12-12 04:10:00,0.0,0.0,0.0,0.0,0.0,0.2,0.9,97,97,0,0,-39.28094608951259
2025-12-12 06:00:00,2025-12-12 05:10:00,0.0,0.0,0.0,0.0,0.0,0.2,0.97,98,98,0,1,-28.704002228899043
2025-12-12 07:00:00,2025-12-12 06:10:00,0.0,0.0,0.0,0.0,0.0,-0.4,0.75,99,99,0,4,-18.274444775267327
2025-12-12 08:00:00,2025-12-12 07:10:00,0.0,0.0,0.0,0.0,0.0,-0.5,0.75,100,100,0,5,-8.298692482333648
2025-12-12 09:00:00,2025-12-12 08:10:00,6040.8134765625,32.0,32.0,21.0,106.1,0.3,1.36,100,100,0,1,0.9106230816738349
2025-12-12 10:00:00,2025-12-12 09:10:00,12159.318359375,125.0,125.0,63.0,318.7,2.2,1.17,100,100,0,0,8.98614422148904
2025-12-12 11:00:00,2025-12-12 10:10:00,14219.740234375,229.0,229.0,79.0,511.4,4.3,0.65,98,98,0,0,15.486906208179652
2025-12-12 12:00:00,2025-12-12 11:10:00,16956.201171875,303.0,303.0,87.0,611.5,6.3,0.41,38,38,0,0,19.926330544024793
2025-12-12 13:00:00,2025-12-12 12:10:00,18506.07421875,335.0,335.0,73.0,707.8,8.4,0.43,23,23,0,0,21.872943384341507
2025-12-12 14:00:00,2025-12-12 13:10:00,16125.373046875,304.0,304.0,70.0,682.2,9.9,0.0,15,15,0,0,21.104497574832862
2025-12-12 15:00:00,2025-12-12 14:10:00,12327.552734375,230.0,230.0,59.0,625.1,10.2,0.29,1,1,0,0,17.711395268914817
2025-12-12 16:00:00,2025-12-12 15:10:00,4773.40185546875,123.0,123.0,42.0,486.4,8.7,0.34,2,2,0,0,12.052631805847913
2025-12-12 17:00:00,2025-12-12 16:10:00,271.6501159667969,20.0,20.0,10.0,114.2,6.6,0.16,2,2,0,0,4.607552719066566
2025-12-12 18:00:00,2025-12-12 17:10:00,0.0,0.0,0.0,0.0,0.0,5.8,0.05,3,3,0,0,-4.155735623547887
2025-12-12 19:00:00,2025-12-12 18:10:00,0.0,0.0,0.0,0.0,0.0,5.5,0.41,4,4,0,0,-13.838084802362484
2025-12-12 20:00:00,2025-12-12 19:10:00,0.0,0.0,0.0,0.0,0.0,5.1,0.29,4,4,0,0,-24.10758738061133
2025-12-12 21:00:00,2025-12-12 20:10:00,0.0,0.0,0.0,0.0,0.0,4.6,0.14,3,3,0,0,-34.66373328142396
2025-12-12 22:00:00,2025-12-12 21:10:00,0.0,0.0,0.0,0.0,0.0,3.7,0.49,2,2,0,0,-45.16881519370989
2025-12-12 23:00:00,2025-12-12 22:10:00,0.0,0.0,0.0,0.0,0.0,2.8,0.56,1,1,0,0,-55.102337729334074
2025-12-13 00:00:00,2025-12-12 23:10:00,0.0,0.0,0.0,0.0,0.0,2.1,0.92,1,1,0,0,-63.40180722994092
2025-12-13 01:00:00,2025-12-13 00:10:00,0.0,0.0,0.0,0.0,0.0,0.6,0.45,98,98,0,0,-67.83959167504968
2025-12-13 02:00:00,2025-12-13 01:10:00,0.0,0.0,0.0,0.0,0.0,0.2,0.83,91,91,0,0,-66.04887668475513
2025-12-13 03:00:00,2025-12-13 02:10:00,0.0,0.0,0.0,0.0,0.0,0.2,1.12,77,77,0,0,-59.12494094047201
2025-12-13 04:00:00,2025-12-13 03:10:00,0.0,0.0,0.0,0.0,0.0,-0.2,0.91,100,100,0,0,-49.73928550584026
2025-12-13 05:00:00,2025-12-13 04:10:00,0.0,0.0,0.0,0.0,0.0,-0.1,0.85,100,100,0,0,-39.40872275108484
2025-12-13 06:00:00,2025-12-13 05:10:00,0.0,0.0,0.0,0.0,0.0,-0.6,0.94,98,98,2,0,-28.831622280775157
2025-12-13 07:00:00,2025-12-13 06:10:00,0.0,0.0,0.0,0.0,0.0,-0.9,0.72,98,98,0,0,-18.401628122445135
2025-12-13 08:00:00,2025-12-13 07:10:00,0.0,0.0,0.0,0.0,0.0,-1.2,0.76,100,100,0,0,-8.424792057973791
2025-12-13 09:00:00,2025-12-13 08:10:00,7275.53564453125,35.0,35.0,18.0,165.6,-0.3,1.15,100,100,3,2,0.7869293135863904
2025-12-13 10:00:00,2025-12-13 09:10:00,13088.572265625,137.0,137.0,57.0,415.2,1.8,1.12,100,100,0,0,8.867155885214402
2025-12-13 11:00:00,2025-12-13 10:10:00,15691.017578125,241.0,241.0,73.0,575.9,4.1,0.96,24,24,0,0,15.37614669058151
2025-12-13 12:00:00,2025-12-13 11:10:00,18384.49609375,313.0,313.0,77.0,670.6,6.5,0.43,15,15,0,0,19.828433466361986
2025-12-13 13:00:00,2025-12-13 12:10:00,19295.77734375,339.0,339.0,70.0,728.7,9.0,0.55,1,1,0,0,21.792754546097807
2025-12-13 14:00:00,2025-12-13 13:10:00,17730.8203125,313.0,313.0,63.0,730.3,10.1,0.36,1,1,0,0,21.04546805507953
2025-12-13 15:00:00,2025-12-13 14:10:00,12325.6494140625,237.0,237.0,56.0,662.5,10.0,0.27,1,1,0,0,17.67432958652806
2025-12-13 16:00:00,2025-12-13 15:10:00,4818.0712890625,126.0,126.0,40.0,516.5,7.8,0.22,0,0,0,0,12.0357852187341
2025-12-13 17:00:00,2025-12-13 16:10:00,271.6501159667969,21.0,21.0,10.0,125.6,5.6,0.21,0,0,0,0,4.6077016602239675
2025-12-13 18:00:00,2025-12-13 17:10:00,0.0,0.0,0.0,0.0,0.0,4.9,0.0,0,0,0,0,-4.142268852952868
2025-12-13 19:00:00,2025-12-13 18:10:00,0.0,0.0,0.0,0.0,0.0,4.6,0.16,0,0,0,0,-13.814939990250796
2025-12-13 20:00:00,2025-12-13 19:10:00,0.0,0.0,0.0,0.0,0.0,4.2,0.43,0,0,0,0,-24.07837368023376
2025-12-13 21:00:00,2025-12-13 20:10:00,0.0,0.0,0.0,0.0,0.0,3.8,0.7,0,0,0,0,-34.63244385351508
2025-12-13 22:00:00,2025-12-13 21:10:00,0.0,0.0,0.0,0.0,0.0,3.2,1.12,1,1,0,0,-45.14078446995223
2025-12-13 23:00:00,2025-12-13 22:10:00,0.0,0.0,0.0,0.0,0.0,2.5,1.21,2,2,0,0,-55.0863080032252
2025-12-14 00:00:00,2025-12-13 23:10:00,0.0,0.0,0.0,0.0,0.0,1.7,1.05,2,2,0,0,-63.41364900351083
2025-12-14 01:00:00,2025-12-14 00:10:00,0.0,0.0,0.0,0.0,0.0,1.1,1.1,1,1,0,0,-67.89970250742088
2025-12-14 02:00:00,2025-12-14 01:10:00,0.0,0.0,0.0,0.0,0.0,0.6,0.42,1,1,0,0,-66.15168809149336
2025-12-14 03:00:00,2025-12-14 02:10:00,0.0,0.0,0.0,0.0,0.0,0.3,0.22,1,1,0,0,-59.24402600128214
2025-12-14 04:00:00,2025-12-14 03:10:00,0.0,0.0,0.0,0.0,0.0,-0.1,0.3,9,9,0,0,-49.862231433136024
2025-12-14 05:00:00,2025-12-14 04:10:00,0.0,0.0,0.0,0.0,0.0,0.1,0.25,0,0,0,0,-39.532343591056176
2025-12-14 06:00:00,2025-12-14 05:10:00,0.0,0.0,0.0,0.0,0.0,0.1,0.21,0,0,0,0,-28.955100099237217
2025-12-14 07:00:00,2025-12-14 06:10:00,0.0,0.0,0.0,0.0,0.0,-1.5,0.85,80,80,0,0,-18.52445333008895
2025-12-14 08:00:00,2025-12-14 07:10:00,0.0,0.0,0.0,0.0,0.0,-1.6,0.91,79,79,0,0,-8.546145271860508
2025-12-14 09:00:00,2025-12-14 08:10:00,8040.2998046875,36.0,36.0,18.0,177.0,-0.3,0.95,82,82,0,0,0.6685044475108473
2025-12-14 10:00:00,2025-12-14 09:10:00,14378.2744140625,147.0,147.0,49.0,513.2,1.6,0.67,31,31,0,0,8.754050823701336
2025-12-14 11:00:00,2025-12-14 10:10:00,18230.890625,257.0,257.0,59.0,682.3,4.1,0.11,14,14,0,0,15.271908699665955
2025-12-14 12:00:00,2025-12-14 11:10:00,20215.169921875,327.0,327.0,62.0,755.7,6.1,0.4,7,7,0,0,19.73761588712333
2025-12-14 13:00:00,2025-12-14 12:10:00,21132.220703125,348.0,348.0,62.0,776.6,7.8,0.6,0,0,0,0,21.720003625624567
2025-12-14 14:00:00,2025-12-14 13:10:00,18596.58984375,317.0,317.0,60.0,751.9,8.4,0.49,0,0,0,0,20.993960243186002
2025-12-14 15:00:00,2025-12-14 14:10:00,12542.3349609375,240.0,240.0,54.0,681.3,7.7,0.3,0,0,0,0,17.644611736679273
2025-12-14 16:00:00,2025-12-14 15:10:00,4827.6337890625,128.0,128.0,40.0,528.2,5.1,0.27,0,0,0,0,12.025944942266902
2025-12-14 17:00:00,2025-12-14 16:10:00,330.1541748046875,21.0,21.0,10.0,125.4,2.8,0.4,0,0,0,0,4.614452355878346
2025-12-14 18:00:00,2025-12-14 17:10:00,0.0,0.0,0.0,0.0,0.0,2.4,0.07,0,0,0,0,-4.122586147885622
2025-12-14 19:00:00,2025-12-14 18:10:00,0.0,0.0,0.0,0.0,0.0,1.8,0.34,0,0,0,0,-13.785890430874122
2025-12-14 20:00:00,2025-12-14 19:10:00,0.0,0.0,0.0,0.0,0.0,1.3,0.25,0,0,0,0,-24.043447771073037
2025-12-14 21:00:00,2025-12-14 20:10:00,0.0,0.0,0.0,0.0,0.0,1.0,0.67,0,0,0,0,-34.595465294287635
2025-12-14 22:00:00,2025-12-14 21:10:00,0.0,0.0,0.0,0.0,0.0,1.0,0.6,0,0,0,0,-45.106839294317346
2025-12-14 23:00:00,2025-12-14 22:10:00,0.0,0.0,0.0,0.0,0.0,1.5,0.35,1,0,1,0,-55.063769068427426
2025-12-15 00:00:00,2025-12-14 23:10:00,0.0,0.0,0.0,0.0,0.0,1.7,0.16,46,2,37,15,-63.41797405608229
2025-12-15 01:00:00,2025-12-15 00:10:00,0.0,0.0,0.0,0.0,0.0,0.1,0.95,35,34,0,2,-67.95167712881573
2025-12-15 02:00:00,2025-12-15 01:10:00,0.0,0.0,0.0,0.0,0.0,-0.9,1.27,62,62,0,0,-66.24749687172225
2025-12-15 03:00:00,2025-12-15 02:10:00,0.0,0.0,0.0,0.0,0.0,-1.0,1.05,74,74,0,0,-59.35763365513007
2025-12-15 04:00:00,2025-12-15 03:10:00,0.0,0.0,0.0,0.0,0.0,-1.0,0.79,100,98,0,88,-49.98058135911544
2025-12-15 05:00:00,2025-12-15 04:10:00,0.0,0.0,0.0,0.0,0.0,-1.1,0.35,100,95,2,100,-39.65172095355409
2025-12-15 06:00:00,2025-12-15 05:10:00,0.0,0.0,0.0,0.0,0.0,-0.6,0.68,90,75,2,60,-29.07434913245516
2025-12-15 07:00:00,2025-12-15 06:10:00,0.0,0.0,0.0,0.0,0.0,-1.7,0.29,100,98,0,98,-18.64283527742303
2025-12-15 08:00:00,2025-12-15 07:10:00,0.0,0.0,0.0,0.0,0.0,-1.9,0.28,100,100,4,88,-8.662669748622742
2025-12-15 09:00:00,2025-12-15 08:10:00,5644.09130859375,28.0,28.0,19.0,89.3,-1.3,0.81,100,100,0,50,0.5554260451609082
2025-12-15 10:00:00,2025-12-15 09:10:00,10771.6669921875,123.0,123.0,64.0,311.7,0.2,0.25,100,100,0,100,8.646899174676495
2025-12-15 11:00:00,2025-12-15 10:10:00,11849.818359375,217.0,217.0,101.0,401.7,2.3,0.45,100,50,1,100,15.174252245798233
2025-12-15 12:00:00,2025-12-15 11:10:00,9776.7900390625,209.0,209.0,165.0,125.9,3.8,0.11,100,48,0,100,19.653925608988537
2025-12-15 13:00:00,2025-12-15 12:10:00,10185.56640625,259.0,259.0,161.0,266.7,4.2,0.86,100,69,5,100,21.654725234098997
2025-12-15 14:00:00,2025-12-15 13:10:00,7039.47265625,191.0,191.0,127.0,187.5,4.7,0.95,100,56,2,100,20.949995290531163
2025-12-15 15:00:00,2025-12-15 14:10:00,4153.76025390625,127.0,127.0,83.0,161.2,4.2,0.29,100,79,38,100,17.622249166015703
2025-12-15 16:00:00,2025-12-15 15:10:00,2519.66259765625,67.0,67.0,45.0,131.8,2.8,0.32,100,100,100,98,12.023104508967714
2025-12-15 17:00:00,2025-12-15 16:10:00,115.49988555908203,9.0,9.0,8.0,11.4,1.9,0.35,100,100,100,100,4.627784665531177
2025-12-15 18:00:00,2025-12-15 17:10:00,0.0,0.0,0.0,0.0,0.0,2.2,0.0,100,100,100,38,-4.096720541566576
2025-12-15 19:00:00,2025-12-15 18:10:00,0.0,0.0,0.0,0.0,0.0,2.2,0.36,100,100,93,86,-13.750980962877223
2025-12-15 20:00:00,2025-12-15 19:10:00,0.0,0.0,0.0,0.0,0.0,2.5,1.08,100,100,79,61,-24.002865140076185
2025-12-15 21:00:00,2025-12-15 20:10:00,0.0,0.0,0.0,0.0,0.0,2.5,0.76,100,100,100,95,-34.5528625213789
2025-12-15 22:00:00,2025-12-15 21:10:00,0.0,0.0,0.0,0.0,0.0,2.7,1.08,100,100,100,100,-45.06705209587036
2025-12-15 23:00:00,2025-12-15 22:10:00,0.0,0.0,0.0,0.0,0.0,3.1,1.31,100,100,100,100,-55.03479502611252
2025-12-16 00:00:00,2025-12-15 23:10:00,0.0,0.0,0.0,0.0,0.0,2.8,0.43,100,99,100,100,-63.41483510901609
2025-12-16 01:00:00,2025-12-16 00:10:00,0.0,0.0,0.0,0.0,0.0,2.4,1.07,100,100,100,100,-67.9954910453579
2025-12-16 02:00:00,2025-12-16 01:10:00,0.0,0.0,0.0,0.0,0.0,2.7,1.02,100,100,100,100,-66.33621263440985
2025-12-16 03:00:00,2025-12-16 02:10:00,0.0,0.0,0.0,0.0,0.0,2.8,1.26,100,100,100,100,-59.46566881733921
2025-12-16 04:00:00,2025-12-16 03:10:00,0.0,0.0,0.0,0.0,0.0,3.2,1.66,100,94,100,100,-50.09424513278183
2025-12-16 05:00:00,2025-12-16 04:10:00,0.0,0.0,0.0,0.0,0.0,3.4,2.1,100,90,100,100,-39.76676741726153
2025-12-16 06:00:00,2025-12-16 05:10:00,0.0,0.0,0.0,0.0,0.0,3.3,1.01,100,100,100,100,-29.18928363310463
2025-12-16 07:00:00,2025-12-16 06:10:00,0.0,0.0,0.0,0.0,0.0,3.8,2.25,100,100,100,100,-18.75669023369845
2025-12-16 08:00:00,2025-12-16 07:10:00,0.0,0.0,0.0,0.0,0.0,2.5,1.64,100,100,100,100,-8.774285062561395
2025-12-16 09:00:00,2025-12-16 08:10:00,1538.407958984375,3.0,3.0,3.0,0.0,2.2,2.11,100,100,100,100,0.4477692203782219
2025-12-16 10:00:00,2025-12-16 09:10:00,1826.1363525390625,14.0,14.0,14.0,0.0,2.4,1.11,100,100,100,100,8.54576823499948
2025-12-16 11:00:00,2025-12-16 10:10:00,1934.9378662109375,19.0,19.0,19.0,0.0,2.5,1.95,100,100,100,100,15.083234250657254
2025-12-16 12:00:00,2025-12-16 11:10:00,1900.002197265625,32.0,32.0,32.0,0.0,2.8,3.01,100,100,100,100,19.577407246100183
2025-12-16 13:00:00,2025-12-16 12:10:00,2066.6953125,32.0,32.0,32.0,0.0,2.8,1.08,100,95,100,100,21.596950787533842
2025-12-16 14:00:00,2025-12-16 13:10:00,1918.4259033203125,31.0,31.0,31.0,0.0,3.2,1.68,100,100,100,100,20.913591172497952
2025-12-16 15:00:00,2025-12-16 14:10:00,1148.880615234375,29.0,29.0,29.0,0.0,3.2,2.54,100,100,100,100,17.607246179293835
2025-12-16 16:00:00,2025-12-16 15:10:00,1148.616455078125,16.0,16.0,16.0,0.0,3.2,1.8,100,100,100,100,12.02725439695392
2025-12-16 17:00:00,2025-12-16 16:10:00,166.9078826904297,3.0,3.0,3.0,0.0,3.2,1.8,100,100,100,100,4.647675565657663
2025-12-16 18:00:00,2025-12-16 17:10:00,0.0,0.0,0.0,0.0,0.0,3.5,1.59,100,100,100,100,-4.0647076970563445
2025-12-16 19:00:00,2025-12-16 18:10:00,0.0,0.0,0.0,0.0,0.0,3.8,0.87,100,100,100,100,-13.710258745187653
2025-12-16 20:00:00,2025-12-16 19:10:00,0.0,0.0,0.0,0.0,0.0,4.1,0.83,100,99,100,100,-23.956683268363765
2025-12-16 21:00:00,2025-12-16 20:10:00,0.0,0.0,0.0,0.0,0.0,4.3,0.99,100,100,100,100,-34.504702170121234
2025-12-16 22:00:00,2025-12-16 21:10:00,0.0,0.0,0.0,0.0,0.0,4.4,1.09,100,100,100,100,-45.02149694588868
2025-12-16 23:00:00,2025-12-16 22:10:00,0.0,0.0,0.0,0.0,0.0,4.5,1.53,100,100,100,100,-54.99946216217348
2025-12-17 00:00:00,2025-12-16 23:10:00,0.0,0.0,0.0,0.0,0.0,4.5,1.7,100,100,100,100,-63.40428910257939
2025-12-17 01:00:00,2025-12-17 00:10:00,0.0,0.0,0.0,0.0,0.0,4.8,1.41,100,100,100,100,-68.03112582656098
2025-12-17 02:00:00,2025-12-17 01:10:00,0.0,0.0,0.0,0.0,0.0,5.2,1.38,100,28,100,100,-66.41774742439377
2025-12-17 03:00:00,2025-12-17 02:10:00,0.0,0.0,0.0,0.0,0.0,5.2,1.17,100,81,100,100,-59.568036455052216
2025-12-17 04:00:00,2025-12-17 03:10:00,0.0,0.0,0.0,0.0,0.0,5.2,1.33,100,92,100,100,-50.20313246308148
2025-12-17 05:00:00,2025-12-17 04:10:00,0.0,0.0,0.0,0.0,0.0,5.1,1.56,100,0,100,100,-39.87739584897204
2025-12-17 06:00:00,2025-12-17 05:10:00,0.0,0.0,0.0,0.0,0.0,4.9,1.25,100,4,100,100,-29.299818708290292
2025-12-17 07:00:00,2025-12-17 06:10:00,0.0,0.0,0.0,0.0,0.0,4.7,0.97,100,27,100,100,-18.865935905650343
2025-12-17 08:00:00,2025-12-17 07:10:00,0.0,0.0,0.0,0.0,0.0,5.2,1.0,100,0,100,100,-8.880912781447044
2025-12-17 09:00:00,2025-12-17 08:10:00,2195.1591796875,9.0,9.0,9.0,0.0,5.4,1.4,100,0,100,99,0.3456066005085407
2025-12-17 10:00:00,2025-12-17 09:10:00,3583.42041015625,45.0,45.0,45.0,0.0,6.2,1.82,100,0,100,48,8.450722427772583
2025-12-17 11:00:00,2025-12-17 10:10:00,3869.86083984375,94.0,94.0,87.0,24.5,7.3,1.51,100,0,100,22,14.998908518841688
2025-12-17 12:00:00,2025-12-17 11:10:00,3099.849365234375,79.0,79.0,78.0,2.9,7.8,1.56,100,9,100,32,19.50810219758973
2025-12-17 13:00:00,2025-12-17 12:10:00,4574.98193359375,149.0,149.0,110.0,106.5,8.2,0.91,100,13,100,98,21.54670848039147
2025-12-17 14:00:00,2025-12-17 13:10:00,7732.572265625,150.0,150.0,104.0,134.9,9.0,0.81,91,3,62,88,20.884762662815444
2025-12-17 15:00:00,2025-12-17 14:10:00,3370.0458984375,107.0,107.0,89.0,65.9,9.0,0.68,100,0,100,82,17.59960391739845
2025-12-17 16:00:00,2025-12-17 15:10:00,2961.823974609375,65.0,65.0,51.0,83.5,8.6,0.29,89,19,86,7,12.038382015951095
2025-12-17 17:00:00,2025-12-17 16:10:00,267.8937072753906,12.0,12.0,10.0,22.6,7.2,0.6,70,10,66,0,4.67409914837817
2025-12-17 18:00:00,2025-12-17 17:10:00,0.0,0.0,0.0,0.0,0.0,6.9,0.55,70,12,65,0,-4.026585891713248
2025-12-17 19:00:00,2025-12-17 18:10:00,0.0,0.0,0.0,0.0,0.0,6.9,0.05,77,46,55,0,-13.663773220838198
2025-12-17 20:00:00,2025-12-17 19:10:00,0.0,0.0,0.0,0.0,0.0,6.7,0.18,48,16,38,0,-23.9049615701387
2025-12-17 21:00:00,2025-12-17 20:10:00,0.0,0.0,0.0,0.0,0.0,6.3,0.16,100,100,25,0,-34.451052500785565
2025-12-17 22:00:00,2025-12-17 21:10:00,0.0,0.0,0.0,0.0,0.0,5.9,0.07,100,100,44,0,-44.97024942092771
2025-12-17 23:00:00,2025-12-17 22:10:00,0.0,0.0,0.0,0.0,0.0,4.8,0.81,100,100,17,0,-54.95784874690404
2025-12-18 00:00:00,2025-12-17 23:10:00,0.0,0.0,0.0,0.0,0.0,4.4,1.08,100,100,9,0,-63.386396961942275
2025-12-18 01:00:00,2025-12-18 00:10:00,0.0,0.0,0.0,0.0,0.0,4.1,0.34,99,99,2,0,-68.05856914852076
2025-12-18 02:00:00,2025-12-18 01:10:00,0.0,0.0,0.0,0.0,0.0,4.9,0.21,100,100,0,0,-66.49201596149246
2025-12-18 03:00:00,2025-12-18 02:10:00,0.0,0.0,0.0,0.0,0.0,4.6,0.22,100,100,0,0,-59.6646417138665
2025-12-18 04:00:00,2025-12-18 03:10:00,0.0,0.0,0.0,0.0,0.0,4.2,0.52,100,100,9,0,-50.30715299137018
2025-12-18 05:00:00,2025-12-18 04:10:00,0.0,0.0,0.0,0.0,0.0,4.7,0.69,99,99,59,0,-39.98351945983865
2025-12-18 06:00:00,2025-12-18 05:10:00,0.0,0.0,0.0,0.0,0.0,4.8,0.78,100,100,99,0,-29.405870369959406
2025-12-18 07:00:00,2025-12-18 06:10:00,0.0,0.0,0.0,0.0,0.0,5.4,0.5,100,100,98,0,-18.970491483888125
2025-12-18 08:00:00,2025-12-18 07:10:00,0.0,0.0,0.0,0.0,0.0,5.8,0.95,100,100,81,0,-8.98247650814947
2025-12-18 09:00:00,2025-12-18 08:10:00,2273.7666015625,10.0,10.0,10.0,0.0,5.9,1.15,100,100,80,0,0.2490082906568657
2025-12-18 10:00:00,2025-12-18 09:10:00,4256.26025390625,66.0,66.0,51.0,81.1,6.6,1.12,100,100,77,0,8.361823272684953
2025-12-18 11:00:00,2025-12-18 10:10:00,4488.74365234375,109.0,109.0,87.0,77.1,7.2,0.82,100,100,86,0,14.921325712786246
2025-12-18 12:00:00,2025-12-18 11:10:00,5715.9013671875,141.0,141.0,111.0,86.5,7.8,0.65,100,100,66,0,19.446048624318337
2025-12-18 13:00:00,2025-12-18 12:10:00,9242.0322265625,172.0,172.0,118.0,147.6,7.4,0.25,100,100,63,0,21.504023262192387
2025-12-18 14:00:00,2025-12-18 13:10:00,6694.853515625,141.0,141.0,97.0,129.1,7.9,0.5,59,45,55,0,20.86352131052519
2025-12-18 15:00:00,2025-12-18 14:10:00,4930.7158203125,106.0,106.0,88.0,65.8,7.9,0.58,34,12,32,0,17.599320337487573
2025-12-18 16:00:00,2025-12-18 15:10:00,2942.032958984375,50.0,50.0,45.0,29.7,7.4,0.67,43,40,30,0,12.056471694870948
2025-12-18 17:00:00,2025-12-18 16:10:00,225.36895751953125,9.0,9.0,8.0,11.2,6.6,0.5,74,72,47,0,4.707026621078422
2025-12-18 18:00:00,2025-12-18 17:10:00,0.0,0.0,0.0,0.0,0.0,6.4,0.43,83,81,45,0,-3.9823960014336057
2025-12-18 19:00:00,2025-12-18 18:10:00,0.0,0.0,0.0,0.0,0.0,6.1,1.53,100,100,58,3,-13.611576081490051
2025-12-18 20:00:00,2025-12-18 19:10:00,0.0,0.0,0.0,0.0,0.0,6.0,0.59,100,100,58,0,-23.84776133346068
2025-12-18 21:00:00,2025-12-18 20:10:00,0.0,0.0,0.0,0.0,0.0,6.2,0.47,100,100,59,0,-34.3919833091329
2025-12-18 22:00:00,2025-12-18 21:10:00,0.0,0.0,0.0,0.0,0.0,6.2,0.5,100,100,54,0,-44.91338647072857
2025-12-18 23:00:00,2025-12-18 22:10:00,0.0,0.0,0.0,0.0,0.0,6.1,0.57,100,100,77,0,-54.91003483948614
2025-12-19 00:00:00,2025-12-18 23:10:00,0.0,0.0,0.0,0.0,0.0,5.7,0.55,100,100,70,0,-63.36122335770913
2025-12-19 01:00:00,2025-12-19 00:10:00,0.0,0.0,0.0,0.0,0.0,5.7,0.99,100,100,99,0,-68.07781481425785
2025-12-19 02:00:00,2025-12-19 01:10:00,0.0,0.0,0.0,0.0,0.0,6.2,0.79,100,100,94,0,-66.5589358845426
2025-12-19 03:00:00,2025-12-19 02:10:00,0.0,0.0,0.0,0.0,0.0,6.1,0.83,100,100,91,0,-59.75539005509493
2025-12-19 04:00:00,2025-12-19 03:10:00,0.0,0.0,0.0,0.0,0.0,6.2,0.74,100,100,79,0,-50.40621637022315
2025-12-19 05:00:00,2025-12-19 04:10:00,0.0,0.0,0.0,0.0,0.0,6.2,0.72,100,100,64,0,-40.08505186462491
2025-12-19 06:00:00,2025-12-19 05:10:00,0.0,0.0,0.0,0.0,0.0,6.1,1.04,100,100,48,0,-29.50735558605376
2025-12-19 07:00:00,2025-12-19 06:10:00,0.0,0.0,0.0,0.0,0.0,6.3,0.56,100,100,77,0,-19.070277688423488
2025-12-19 08:00:00,2025-12-19 07:10:00,0.0,0.0,0.0,0.0,0.0,6.4,0.43,100,100,20,0,-9.078901920268207
2025-12-19 09:00:00,2025-12-19 08:10:00,3139.748779296875,12.0,12.0,9.0,30.7,6.7,0.94,100,100,29,0,0.15804184068538857
2025-12-19 10:00:00,2025-12-19 09:10:00,4425.1396484375,57.0,57.0,51.0,32.7,7.2,1.38,98,98,5,0,8.279129359494036
2025-12-19 11:00:00,2025-12-19 10:10:00,11272.662109375,157.0,157.0,96.0,214.6,8.4,1.29,100,100,2,0,14.850533330937377
2025-12-19 12:00:00,2025-12-19 11:10:00,11222.435546875,216.0,216.0,114.0,294.6,9.4,1.26,47,43,4,2,19.391281428830528
2025-12-19 13:00:00,2025-12-19 12:10:00,15393.86328125,299.0,299.0,93.0,563.4,9.9,1.41,58,54,7,2,21.46891681716227
2025-12-19 14:00:00,2025-12-19 13:10:00,11730.48046875,247.0,247.0,103.0,422.3,10.2,1.37,55,10,45,9,20.849875419652882
2025-12-19 15:00:00,2025-12-19 14:10:00,9747.83984375,173.0,173.0,81.0,335.8,9.9,1.06,33,9,21,9,17.60639019537324
2025-12-19 16:00:00,2025-12-19 15:10:00,3916.718994140625,120.0,120.0,51.0,408.0,8.9,0.91,93,1,25,91,12.081504671081522
2025-12-19 17:00:00,2025-12-19 16:10:00,194.30287170410156,21.0,21.0,14.0,78.3,7.2,1.78,26,13,16,1,4.746426307107273
2025-12-19 18:00:00,2025-12-19 17:10:00,0.0,0.0,0.0,0.0,0.0,6.6,1.1,80,4,78,1,-3.9321814845621446
2025-12-19 19:00:00,2025-12-19 18:10:00,0.0,0.0,0.0,0.0,0.0,7.1,1.1,85,8,80,18,-13.55372123258066
2025-12-19 20:00:00,2025-12-19 19:10:00,0.0,0.0,0.0,0.0,0.0,7.3,0.92,98,8,98,7,-23.785145662874104
2025-12-19 21:00:00,2025-12-19 20:10:00,0.0,0.0,0.0,0.0,0.0,6.8,0.92,95,6,95,0,-34.32756584037086
2025-12-19 22:00:00,2025-12-19 21:10:00,0.0,0.0,0.0,0.0,0.0,6.2,0.92,62,0,62,0,-44.850986291284244
2025-12-19 23:00:00,2025-12-19 22:10:00,0.0,0.0,0.0,0.0,0.0,5.8,0.99,36,1,33,5,-54.85610209812994
2025-12-20 00:00:00,2025-12-19 23:10:00,0.0,0.0,0.0,0.0,0.0,4.7,1.06,43,3,37,10,-63.32883646282552
2025-12-20 01:00:00,2025-12-20 00:10:00,0.0,0.0,0.0,0.0,0.0,6.0,0.55,85,0,70,50,-68.08886275098367
2025-12-20 02:00:00,2025-12-20 01:10:00,0.0,0.0,0.0,0.0,0.0,5.2,0.46,66,2,55,25,-66.61842799897506
2025-12-20 03:00:00,2025-12-20 02:10:00,0.0,0.0,0.0,0.0,0.0,4.7,0.3,77,0,73,22,-59.84018740376734
2025-12-20 04:00:00,2025-12-20 03:10:00,0.0,0.0,0.0,0.0,0.0,4.5,0.18,65,0,65,1,-50.50023234892231
2025-12-20 05:00:00,2025-12-20 04:10:00,0.0,0.0,0.0,0.0,0.0,4.2,0.29,53,0,19,45,-40.18190714425266
2025-12-20 06:00:00,2025-12-20 05:10:00,0.0,0.0,0.0,0.0,0.0,4.2,0.85,99,2,55,99,-29.60419233264582
2025-12-20 07:00:00,2025-12-20 06:10:00,0.0,0.0,0.0,0.0,0.0,4.2,0.98,100,86,27,100,-19.165216813542497
2025-12-20 08:00:00,2025-12-20 07:10:00,0.0,0.0,0.0,0.0,0.0,4.6,0.0,100,77,30,100,-9.170116807939413
2025-12-20 09:00:00,2025-12-20 08:10:00,2654.65087890625,22.0,22.0,19.0,30.9,4.8,0.58,100,79,99,100,0.07277221481067073
2025-12-20 10:00:00,2025-12-20 09:10:00,3205.123046875,67.0,67.0,59.0,43.9,5.8,0.56,100,80,100,100,8.202696324538403
2025-12-20 11:00:00,2025-12-20 10:10:00,3587.865478515625,105.0,105.0,92.0,45.9,6.6,0.7,100,79,100,96,14.786575689128991
2025-12-20 12:00:00,2025-12-20 11:10:00,5403.203125,127.0,127.0,112.0,43.4,7.4,0.64,100,8,100,38,19.343832238511837
2025-12-20 13:00:00,2025-12-20 12:10:00,5125.85205078125,147.0,147.0,113.0,93.0,8.4,0.36,100,10,100,2,21.44140754695399
2025-12-20 14:00:00,2025-12-20 13:10:00,6169.76025390625,146.0,146.0,128.0,52.8,8.6,0.49,100,7,100,0,20.843830031661728
2025-12-20 15:00:00,2025-12-20 14:10:00,6830.13134765625,140.0,140.0,98.0,153.0,8.7,0.45,55,2,54,5,17.620805030245396
2025-12-20 16:00:00,2025-12-20 15:10:00,4075.919677734375,107.0,107.0,56.0,300.0,8.0,0.68,43,6,38,2,12.113459081498137
2025-12-20 17:00:00,2025-12-20 16:10:00,273.44049072265625,18.0,18.0,13.0,55.6,6.4,0.57,60,0,11,55,4.792263647686856
2025-12-20 18:00:00,2025-12-20 17:10:00,0.0,0.0,0.0,0.0,0.0,5.6,0.89,96,2,96,24,-3.8759883653486384
2025-12-20 19:00:00,2025-12-20 18:10:00,0.0,0.0,0.0,0.0,0.0,6.8,0.4,99,37,99,38,-13.490264759003091
2025-12-20 20:00:00,2025-12-20 19:10:00,0.0,0.0,0.0,0.0,0.0,6.9,0.3,100,2,100,37,-23.717179423849906
2025-12-20 21:00:00,2025-12-20 20:10:00,0.0,0.0,0.0,0.0,0.0,6.8,0.4,100,22,100,38,-34.25787270657138
2025-12-20 22:00:00,2025-12-20 21:10:00,0.0,0.0,0.0,0.0,0.0,6.8,0.85,100,96,100,75,-44.78312820331552
2025-12-20 23:00:00,2025-12-20 22:10:00,0.0,0.0,0.0,0.0,0.0,6.8,0.67,100,95,100,99,-54.796133596619114
2025-12-21 00:00:00,2025-12-20 23:10:00,0.0,0.0,0.0,0.0,0.0,6.9,0.46,100,84,100,99,-63.28930770766559
2025-12-21 01:00:00,2025-12-21 00:10:00,0.0,0.0,0.0,0.0,0.0,6.4,0.74,100,100,100,100,-68.09171898431205
2025-12-21 02:00:00,2025-12-21 01:10:00,0.0,0.0,0.0,0.0,0.0,6.4,0.25,100,100,100,93,-66.67041652639926
2025-12-21 03:00:00,2025-12-21 02:10:00,0.0,0.0,0.0,0.0,0.0,6.3,0.27,100,100,100,91,-59.91894030738577
2025-12-21 04:00:00,2025-12-21 03:10:00,0.0,0.0,0.0,0.0,0.0,6.2,0.45,100,100,100,84,-50.589110865911486
2025-12-21 05:00:00,2025-12-21 04:10:00,0.0,0.0,0.0,0.0,0.0,6.1,0.9,100,100,100,100,-40.27399991192551
2025-12-21 06:00:00,2025-12-21 05:10:00,0.0,0.0,0.0,0.0,0.0,6.1,0.81,100,100,100,99,-29.69629964729787
2025-12-21 07:00:00,2025-12-21 06:10:00,0.0,0.0,0.0,0.0,0.0,6.3,0.68,100,100,100,100,-19.255232772228574
2025-12-21 08:00:00,2025-12-21 07:10:00,0.0,0.0,0.0,0.0,0.0,6.4,0.3,100,100,100,95,-9.256051109997873
2025-12-21 09:00:00,2025-12-21 08:10:00,1748.4256591796875,5.0,5.0,5.0,0.0,6.6,0.47,100,100,100,91,-0.006738236349348294
2025-12-21 10:00:00,2025-12-21 09:10:00,2139.862060546875,27.0,27.0,27.0,0.0,6.7,0.97,100,100,100,100,8.132576830168954
2025-12-21 11:00:00,2025-12-21 10:10:00,2455.138671875,50.0,50.0,50.0,0.0,7.0,1.01,100,68,100,99,14.72949390509045
2025-12-21 12:00:00,2025-12-21 11:10:00,2738.837158203125,58.0,58.0,58.0,0.0,7.3,0.58,100,46,100,97,19.303729391931643
2025-12-21 13:00:00,2025-12-21 12:10:00,2649.15576171875,75.0,75.0,74.0,2.7,7.1,0.96,100,95,100,99,21.42151055647376
2025-12-21 14:00:00,2025-12-21 13:10:00,2499.524658203125,57.0,57.0,57.0,0.0,7.5,1.26,100,47,99,100,20.845386910757735
2025-12-21 15:00:00,2025-12-21 14:10:00,2044.6551513671875,74.0,74.0,67.0,25.4,7.8,1.11,100,64,88,100,17.642553151843565
2025-12-21 16:00:00,2025-12-21 15:10:00,2149.10693359375,51.0,51.0,38.0,76.0,7.8,0.18,100,28,99,100,12.152309955624247
2025-12-21 17:00:00,2025-12-21 16:10:00,115.38770294189453,7.0,7.0,7.0,0.0,7.2,0.55,100,100,96,100,4.844501205175219
2025-12-21 18:00:00,2025-12-21 17:10:00,0.0,0.0,0.0,0.0,0.0,6.8,1.04,100,100,100,100,-3.8138652168167155
2025-12-21 19:00:00,2025-12-21 18:10:00,0.0,0.0,0.0,0.0,0.0,6.8,1.28,100,100,99,100,-13.42126489120622
2025-12-21 20:00:00,2025-12-21 19:10:00,0.0,0.0,0.0,0.0,0.0,6.9,0.57,100,100,100,100,-23.64392918897667
2025-12-21 21:00:00,2025-12-21 20:10:00,0.0,0.0,0.0,0.0,0.0,6.8,0.49,100,100,100,100,-34.18297780756686
2025-12-21 22:00:00,2025-12-21 21:10:00,0.0,0.0,0.0,0.0,0.0,6.7,0.96,100,100,100,98,-44.70989253634912
2025-12-21 23:00:00,2025-12-21 22:10:00,0.0,0.0,0.0,0.0,0.0,6.8,1.16,100,100,98,100,-54.730213647917516
2025-12-22 00:00:00,2025-12-21 23:10:00,0.0,0.0,0.0,0.0,0.0,6.8,1.28,100,100,98,98,-63.242711535043306
2025-12-22 01:00:00,2025-12-22 00:10:00,0.0,0.0,0.0,0.0,0.0,6.4,1.87,100,100,77,99,-68.08639558969118
2025-12-22 02:00:00,2025-12-22 01:10:00,0.0,0.0,0.0,0.0,0.0,6.6,1.19,100,100,100,100,-66.71482935453453
2025-12-22 03:00:00,2025-12-22 02:10:00,0.0,0.0,0.0,0.0,0.0,6.6,0.57,100,100,100,99,-59.99155610533267
2025-12-22 04:00:00,2025-12-22 03:10:00,0.0,0.0,0.0,0.0,0.0,6.6,0.73,100,100,100,100,-50.672762148464614
2025-12-22 05:00:00,2025-12-22 04:10:00,0.0,0.0,0.0,0.0,0.0,6.6,0.62,100,100,100,100,-40.361245383084395
2025-12-22 06:00:00,2025-12-22 05:10:00,0.0,0.0,0.0,0.0,0.0,6.5,0.65,100,95,100,98,-29.783597683875467
2025-12-22 07:00:00,2025-12-22 06:10:00,0.0,0.0,0.0,0.0,0.0,6.4,0.96,100,88,100,96,-19.340251140341255
2025-12-22 08:00:00,2025-12-22 07:10:00,0.0,0.0,0.0,0.0,0.0,6.6,0.87,100,70,100,97,-9.336636948675098
2025-12-22 09:00:00,2025-12-22 08:10:00,1768.3768310546875,4.0,4.0,4.0,0.0,6.7,1.03,100,84,100,97,-0.08042980143306365
2025-12-22 10:00:00,2025-12-22 09:10:00,2112.91748046875,20.0,20.0,20.0,0.0,6.8,1.28,100,100,100,98,8.068820546979579
2025-12-22 11:00:00,2025-12-22 10:10:00,1995.34326171875,22.0,22.0,22.0,0.0,7.0,1.22,100,100,100,100,14.67932588601211
2025-12-22 12:00:00,2025-12-22 11:10:00,2167.199462890625,31.0,31.0,31.0,0.0,7.2,1.33,100,95,100,98,19.27099792834597
2025-12-22 13:00:00,2025-12-22 12:10:00,2223.033203125,44.0,44.0,44.0,0.0,7.2,1.6,100,100,100,44,21.409237642832913
2025-12-22 14:00:00,2025-12-22 13:10:00,1919.1771240234375,28.0,28.0,28.0,0.0,7.1,1.74,100,100,100,17,20.854544532111117
2025-12-22 15:00:00,2025-12-22 14:10:00,1483.2860107421875,39.0,39.0,39.0,0.0,7.2,0.82,100,100,100,96,17.67161963017719
2025-12-22 16:00:00,2025-12-22 15:10:00,1147.42919921875,16.0,16.0,16.0,0.0,6.9,1.21,100,100,100,96,12.198029210671148
2025-12-22 17:00:00,2025-12-22 16:10:00,98.4798812866211,3.0,3.0,3.0,0.0,6.6,0.45,100,100,100,95,4.903098667825759
2025-12-22 18:00:00,2025-12-22 17:10:00,0.0,0.0,0.0,0.0,0.0,6.4,0.3,100,100,100,92,-3.7458631429013027
2025-12-22 19:00:00,2025-12-22 18:10:00,0.0,0.0,0.0,0.0,0.0,6.6,0.96,100,100,100,100,-13.346781971590923
2025-12-22 20:00:00,2025-12-22 19:10:00,0.0,0.0,0.0,0.0,0.0,6.7,0.45,100,99,100,100,-23.565463185813446
2025-12-22 21:00:00,2025-12-22 20:10:00,0.0,0.0,0.0,0.0,0.0,6.5,0.83,100,100,100,100,-34.102956255306
2025-12-22 22:00:00,2025-12-22 21:10:00,0.0,0.0,0.0,0.0,0.0,6.4,0.84,100,98,100,100,-44.63136051853067
2025-12-22 23:00:00,2025-12-22 22:10:00,0.0,0.0,0.0,0.0,0.0,6.3,1.0,100,100,100,100,-54.6584276353933
2025-12-23 00:00:00,2025-12-22 23:10:00,0.0,0.0,0.0,0.0,0.0,6.2,0.86,100,100,100,100,-63.189125156810725
2025-12-23 01:00:00,2025-12-23 00:10:00,0.0,0.0,0.0,0.0,0.0,6.1,1.01,100,98,100,100,-68.07291062157661
2025-12-23 02:00:00,2025-12-23 01:10:00,0.0,0.0,0.0,0.0,0.0,6.2,1.5,100,100,100,100,-66.75159828571664
2025-12-23 03:00:00,2025-12-23 02:10:00,0.0,0.0,0.0,0.0,0.0,6.2,2.01,100,100,100,100,-60.05794310871193
2025-12-23 04:00:00,2025-12-23 03:10:00,0.0,0.0,0.0,0.0,0.0,6.0,2.17,100,100,100,100,-50.751096819758864
2025-12-23 05:00:00,2025-12-23 04:10:00,0.0,0.0,0.0,0.0,0.0,5.8,2.45,100,100,100,100,-40.443559449428385
2025-12-23 06:00:00,2025-12-23 05:10:00,0.0,0.0,0.0,0.0,0.0,5.8,2.02,100,100,100,100,-29.86600776903279
2025-12-23 07:00:00,2025-12-23 06:10:00,0.0,0.0,0.0,0.0,0.0,5.6,2.16,100,100,100,100,-19.42019920075058
2025-12-23 08:00:00,2025-12-23 07:10:00,0.0,0.0,0.0,0.0,0.0,5.7,2.1,100,100,100,100,-9.411808663014929
2025-12-23 09:00:00,2025-12-23 08:10:00,1527.841064453125,3.0,3.0,3.0,0.0,5.6,1.66,100,100,100,100,-0.14824543185508898
2025-12-23 10:00:00,2025-12-23 09:10:00,1666.246826171875,12.0,12.0,12.0,0.0,5.7,1.87,100,100,100,100,8.01147413871156
2025-12-23 11:00:00,2025-12-23 10:10:00,1891.26318359375,31.0,31.0,31.0,0.0,6.7,2.0,100,100,100,100,14.636106319085792
2025-12-23 12:00:00,2025-12-23 11:10:00,2141.4638671875,42.0,42.0,42.0,0.0,7.4,1.05,100,100,100,100,19.245659580325682
2025-12-23 13:00:00,2025-12-23 12:10:00,1916.0186767578125,38.0,38.0,38.0,0.0,6.0,1.66,100,100,100,100,21.404597287438826
2025-12-23 14:00:00,2025-12-23 13:10:00,1813.6207275390625,37.0,37.0,37.0,0.0,6.4,1.59,100,100,100,100,20.871298073051406
2025-12-23 15:00:00,2025-12-23 14:10:00,1203.172119140625,36.0,36.0,36.0,0.0,6.6,1.91,100,100,100,100,17.707986287891664
2025-12-23 16:00:00,2025-12-23 15:10:00,1115.5543212890625,21.0,21.0,21.0,0.0,6.4,1.88,100,100,100,100,12.250585648885048
2025-12-23 17:00:00,2025-12-23 16:10:00,140.2201690673828,4.0,4.0,4.0,0.0,6.2,1.67,100,100,100,100,4.9680128561905095
2025-12-23 18:00:00,2025-12-23 17:10:00,0.0,0.0,0.0,0.0,0.0,6.3,1.45,100,100,99,100,-3.672035759703405
2025-12-23 19:00:00,2025-12-23 18:10:00,0.0,0.0,0.0,0.0,0.0,6.4,1.47,100,100,76,100,-13.266878421061826
2025-12-23 20:00:00,2025-12-23 19:10:00,0.0,0.0,0.0,0.0,0.0,6.6,0.8,100,98,53,100,-23.48185124629234
2025-12-23 21:00:00,2025-12-23 20:10:00,0.0,0.0,0.0,0.0,0.0,6.6,0.47,100,90,63,100,-34.01788430161417
2025-12-23 22:00:00,2025-12-23 21:10:00,0.0,0.0,0.0,0.0,0.0,6.2,0.63,100,77,89,100,-44.54761417224386
2025-12-23 23:00:00,2025-12-23 22:10:00,0.0,0.0,0.0,0.0,0.0,5.7,0.86,100,44,68,100,-54.58086185211801
2025-12-24 00:00:00,2025-12-23 23:10:00,0.0,0.0,0.0,0.0,0.0,5.3,0.85,100,16,79,100,-63.12862831360573
2025-12-24 01:00:00,2025-12-24 00:10:00,0.0,0.0,0.0,0.0,0.0,6.2,0.96,100,100,100,100,-68.05128802110391
2025-12-24 02:00:00,2025-12-24 01:10:00,0.0,0.0,0.0,0.0,0.0,6.3,1.1,100,100,100,100,-66.780659282114
2025-12-24 03:00:00,2025-12-24 02:10:00,0.0,0.0,0.0,0.0,0.0,6.9,0.97,100,100,100,99,-60.11801079027519
2025-12-24 04:00:00,2025-12-24 03:10:00,0.0,0.0,0.0,0.0,0.0,6.7,0.91,100,20,27,100,-50.82402601348485
2025-12-24 05:00:00,2025-12-24 04:10:00,0.0,0.0,0.0,0.0,0.0,6.4,0.81,100,48,25,100,-40.52085875720349
2025-12-24 06:00:00,2025-12-24 05:10:00,0.0,0.0,0.0,0.0,0.0,5.1,1.27,98,11,13,98,-29.94345246057468
2025-12-24 07:00:00,2025-12-24 06:10:00,0.0,0.0,0.0,0.0,0.0,5.6,2.15,100,21,13,99,-19.495005987621365
2025-12-24 08:00:00,2025-12-24 07:10:00,0.0,0.0,0.0,0.0,0.0,5.4,1.21,100,2,4,100,-9.48150284118658
2025-12-24 09:00:00,2025-12-24 08:10:00,4617.41943359375,21.0,21.0,18.0,31.6,5.9,1.31,68,7,15,60,-0.2101307633485731
2025-12-24 10:00:00,2025-12-24 09:10:00,8824.7421875,108.0,108.0,55.0,296.5,7.1,1.68,100,26,100,0,7.960581249702443
2025-12-24 11:00:00,2025-12-24 10:10:00,6483.65087890625,122.0,122.0,65.0,203.0,8.2,3.67,100,96,100,0,14.599866664931316
2025-12-24 12:00:00,2025-12-24 11:10:00,2136.924560546875,41.0,41.0,40.0,2.9,7.8,3.04,100,100,100,0,19.227732769468364
2025-12-24 13:00:00,2025-12-24 12:10:00,1802.439208984375,28.0,28.0,28.0,0.0,7.0,3.14,100,100,100,0,21.407594651230536
2025-12-24 14:00:00,2025-12-24 13:10:00,1768.786376953125,25.0,25.0,25.0,0.0,6.8,3.26,100,100,100,0,20.895639407287042
2025-12-24 15:00:00,2025-12-24 14:10:00,1295.3507080078125,20.0,20.0,20.0,0.0,6.6,3.56,100,100,100,0,17.751631695371845
2025-12-24 16:00:00,2025-12-24 15:10:00,919.927001953125,10.0,10.0,10.0,0.0,6.1,4.48,100,100,100,2,12.309944957207758
2025-12-24 17:00:00,2025-12-24 16:10:00,148.5761260986328,2.0,2.0,2.0,0.0,4.8,5.03,100,100,100,98,5.039197731317378
2025-12-24 18:00:00,2025-12-24 17:10:00,0.0,0.0,0.0,0.0,0.0,3.7,4.91,100,100,100,100,-3.592439175704304
2025-12-24 19:00:00,2025-12-24 18:10:00,0.0,0.0,0.0,0.0,0.0,3.4,3.41,100,100,100,100,-13.181618705583581
2025-12-24 20:00:00,2025-12-24 19:10:00,0.0,0.0,0.0,0.0,0.0,3.6,3.18,100,100,100,100,-23.393164757539832
2025-12-24 21:00:00,2025-12-24 20:10:00,0.0,0.0,0.0,0.0,0.0,3.4,3.9,100,100,100,98,-33.92783926926938
2025-12-24 22:00:00,2025-12-24 21:10:00,0.0,0.0,0.0,0.0,0.0,3.9,3.53,100,100,100,41,-44.45873621555466
2025-12-24 23:00:00,2025-12-24 22:10:00,0.0,0.0,0.0,0.0,0.0,4.3,3.05,100,100,100,2,-54.49760334859806
2025-12-25 00:00:00,2025-12-24 23:10:00,0.0,0.0,0.0,0.0,0.0,4.3,2.8,100,100,100,0,-63.06130303919581
2025-12-25 01:00:00,2025-12-25 00:10:00,0.0,0.0,0.0,0.0,0.0,4.3,1.72,100,100,100,0,-68.02155750324371
2025-12-25 02:00:00,2025-12-25 01:10:00,0.0,0.0,0.0,0.0,0.0,4.4,1.52,100,100,100,0,-66.8019527057216
2025-12-25 03:00:00,2025-12-25 02:10:00,0.0,0.0,0.0,0.0,0.0,4.5,1.53,100,100,100,0,-60.17166998395633
2025-12-25 04:00:00,2025-12-25 03:10:00,0.0,0.0,0.0,0.0,0.0,4.5,1.17,100,100,100,0,-50.891461496063805
2025-12-25 05:00:00,2025-12-25 04:10:00,0.0,0.0,0.0,0.0,0.0,4.3,0.83,100,100,100,0,-40.59306078993033
2025-12-25 06:00:00,2025-12-25 05:10:00,0.0,0.0,0.0,0.0,0.0,4.2,1.17,100,100,100,0,-30.01585560788154
2025-12-25 07:00:00,2025-12-25 06:10:00,0.0,0.0,0.0,0.0,0.0,4.3,0.56,100,100,100,0,-19.564602331032177
2025-12-25 08:00:00,2025-12-25 07:10:00,0.0,0.0,0.0,0.0,0.0,4.4,1.3,100,100,100,0,-9.54565835187232
2025-12-25 09:00:00,2025-12-25 08:10:00,1798.081787109375,3.0,3.0,3.0,0.0,5.0,2.35,100,100,100,0,-0.2660341356905549
2025-12-25 10:00:00,2025-12-25 09:10:00,2189.492431640625,18.0,18.0,18.0,0.0,5.4,2.71,100,85,100,0,7.916182494745861
2025-12-25 11:00:00,2025-12-25 10:10:00,2448.500732421875,31.0,31.0,31.0,0.0,5.8,2.73,100,30,100,0,14.570635153814692
2025-12-25 12:00:00,2025-12-25 11:10:00,2483.79638671875,50.0,50.0,50.0,0.0,6.2,2.1,100,71,100,0,19.21723260514481
2025-12-25 13:00:00,2025-12-25 12:10:00,2535.6708984375,54.0,54.0,54.0,0.0,5.2,1.4,100,97,100,0,21.418231573057184
2025-12-25 14:00:00,2025-12-25 13:10:00,2016.108642578125,31.0,31.0,31.0,0.0,5.4,0.94,100,100,100,0,20.927557102192917
2025-12-25 15:00:00,2025-12-25 14:10:00,1454.8475341796875,31.0,31.0,31.0,0.0,5.2,0.89,100,100,100,0,17.80253116866981
2025-12-25 16:00:00,2025-12-25 15:10:00,1541.996826171875,15.0,15.0,15.0,0.0,4.7,1.8,100,88,100,0,12.376069709395175
2025-12-25 17:00:00,2025-12-25 16:10:00,208.77740478515625,3.0,3.0,3.0,0.0,4.1,2.45,100,28,100,0,5.116604404891106
2025-12-25 18:00:00,2025-12-25 17:10:00,0.0,0.0,0.0,0.0,0.0,3.8,2.41,100,71,100,0,-3.5071319707758613
2025-12-25 19:00:00,2025-12-25 18:10:00,0.0,0.0,0.0,0.0,0.0,3.5,2.75,100,100,100,0,-13.09106930257734
2025-12-25 20:00:00,2025-12-25 19:10:00,0.0,0.0,0.0,0.0,0.0,3.3,2.94,100,100,100,0,-23.29947661396602
2025-12-25 21:00:00,2025-12-25 20:10:00,0.0,0.0,0.0,0.0,0.0,3.5,3.11,100,100,100,41,-33.83289948627393
2025-12-25 22:00:00,2025-12-25 21:10:00,0.0,0.0,0.0,0.0,0.0,3.7,3.47,100,93,100,53,-44.36480996944204
2025-12-25 23:00:00,2025-12-25 22:10:00,0.0,0.0,0.0,0.0,0.0,4.1,3.51,100,98,100,100,-54.40873978919795
2025-12-26 00:00:00,2025-12-25 23:10:00,0.0,0.0,0.0,0.0,0.0,4.2,2.9,100,99,100,100,-62.987233430735344
2025-12-26 01:00:00,2025-12-26 00:10:00,0.0,0.0,0.0,0.0,0.0,3.8,2.63,100,99,100,100,-67.9837544246255
2025-12-26 02:00:00,2025-12-26 01:10:00,0.0,0.0,0.0,0.0,0.0,3.4,2.01,100,100,100,99,-66.81542355115882
2025-12-26 03:00:00,2025-12-26 02:10:00,0.0,0.0,0.0,0.0,0.0,3.4,1.0,100,100,100,93,-60.21883309340237
2025-12-26 04:00:00,2025-12-26 03:10:00,0.0,0.0,0.0,0.0,0.0,3.8,1.74,100,96,100,4,-50.95331579647101
2025-12-26 05:00:00,2025-12-26 04:10:00,0.0,0.0,0.0,0.0,0.0,4.2,2.82,100,99,100,0,-40.660083955705296
2025-12-26 06:00:00,2025-12-26 05:10:00,0.0,0.0,0.0,0.0,0.0,4.5,3.02,100,100,100,0,-30.08314241456349
2025-12-26 07:00:00,2025-12-26 06:10:00,0.0,0.0,0.0,0.0,0.0,4.0,2.97,98,57,98,0,-19.628920902103157
2025-12-26 08:00:00,2025-12-26 07:10:00,0.0,0.0,0.0,0.0,0.0,3.8,2.06,99,8,99,0,-9.604216374901602
2025-12-26 09:00:00,2025-12-26 08:10:00,3689.338623046875,8.0,8.0,6.0,21.3,4.2,1.28,100,5,100,0,-0.3159066107710124
2025-12-26 10:00:00,2025-12-26 09:10:00,4374.90625,51.0,51.0,37.0,78.9,4.5,1.98,100,9,100,0,7.878315451225455
2025-12-26 11:00:00,2025-12-26 10:10:00,7725.27099609375,113.0,113.0,69.0,157.0,5.2,2.2,19,10,18,0,14.54843678455695
2025-12-26 12:00:00,2025-12-26 11:10:00,18929.130859375,301.0,301.0,78.0,646.5,7.0,2.31,2,2,0,0,19.214170886223535
2025-12-26 13:00:00,2025-12-26 12:10:00,20672.689453125,341.0,341.0,64.0,754.9,7.8,2.21,0,0,0,0,21.436506571188566
2025-12-26 14:00:00,2025-12-26 13:10:00,17553.90625,312.0,312.0,62.0,724.8,8.5,2.13,0,0,0,0,20.96703641920173
2025-12-26 15:00:00,2025-12-26 14:10:00,12632.828125,242.0,242.0,56.0,663.6,8.6,1.66,0,0,0,0,17.8606567703374
2025-12-26 16:00:00,2025-12-26 15:10:00,5752.00244140625,135.0,135.0,42.0,523.9,7.7,1.23,0,0,0,0,12.448919370713941
2025-12-26 17:00:00,2025-12-26 16:10:00,285.4315185546875,26.0,26.0,12.0,148.8,5.4,0.65,0,0,0,0,5.200181151468775
2025-12-26 18:00:00,2025-12-26 17:10:00,0.0,0.0,0.0,0.0,0.0,4.2,0.2,0,0,0,0,-3.4161751738198256
2025-12-26 19:00:00,2025-12-26 18:10:00,0.0,0.0,0.0,0.0,0.0,3.7,0.18,1,0,0,1,-12.99529866698644
2025-12-26 20:00:00,2025-12-26 19:10:00,0.0,0.0,0.0,0.0,0.0,3.0,0.92,0,0,0,0,-23.200861170454438
2025-12-26 21:00:00,2025-12-26 20:10:00,0.0,0.0,0.0,0.0,0.0,2.1,1.03,0,0,0,0,-33.733144223173085
2025-12-26 22:00:00,2025-12-26 21:10:00,0.0,0.0,0.0,0.0,0.0,1.2,0.6,0,0,0,0,-44.26591927072835
2025-12-26 23:00:00,2025-12-26 22:10:00,0.0,0.0,0.0,0.0,0.0,1.1,0.07,3,3,0,0,-54.314359317420596
2025-12-27 00:00:00,2025-12-26 23:10:00,0.0,0.0,0.0,0.0,0.0,0.8,0.4,11,10,0,0,-62.90650542611423
2025-12-27 01:00:00,2025-12-27 00:10:00,0.0,0.0,0.0,0.0,0.0,0.7,1.39,2,0,2,0,-67.93791963340078
2025-12-27 02:00:00,2025-12-27 01:10:00,0.0,0.0,0.0,0.0,0.0,1.5,0.15,9,0,9,0,-66.82102166928563
2025-12-27 03:00:00,2025-12-27 02:10:00,0.0,0.0,0.0,0.0,0.0,1.2,0.4,7,0,7,0,-60.25941430875468
2025-12-27 04:00:00,2025-12-27 03:10:00,0.0,0.0,0.0,0.0,0.0,1.1,1.39,1,1,0,0,-51.00950234359265
2025-12-27 05:00:00,2025-12-27 04:10:00,0.0,0.0,0.0,0.0,0.0,0.6,1.18,2,2,0,0,-40.72184767916993
2025-12-27 06:00:00,2025-12-27 05:10:00,0.0,0.0,0.0,0.0,0.0,0.3,1.91,3,3,0,0,-30.145239503487492
2025-12-27 07:00:00,2025-12-27 06:10:00,0.0,0.0,0.0,0.0,0.0,-0.2,1.73,0,0,0,0,-19.68789625879452
2025-12-27 08:00:00,2025-12-27 07:10:00,0.0,0.0,0.0,0.0,0.0,0.2,1.9,20,20,0,0,-9.657120431298058
2025-12-27 09:00:00,2025-12-27 08:10:00,7538.0947265625,25.0,25.0,13.0,128.0,0.4,2.19,56,56,0,0,-0.35970198916383267
2025-12-27 10:00:00,2025-12-27 09:10:00,14498.59765625,129.0,129.0,47.0,462.9,2.2,1.85,15,15,0,0,7.8470146533853375
2025-12-27 11:00:00,2025-12-27 10:10:00,16090.0556640625,238.0,238.0,65.0,617.3,4.3,1.07,13,13,0,0,14.533293326029302
2025-12-27 12:00:00,2025-12-27 11:10:00,19198.478515625,316.0,316.0,70.0,712.6,6.6,0.81,8,8,0,0,19.218556105709897
2025-12-27 13:00:00,2025-12-27 12:10:00,21037.09375,349.0,349.0,65.0,772.6,8.9,1.25,0,0,0,0,21.46241484794017
2025-12-27 14:00:00,2025-12-27 13:10:00,18862.248046875,326.0,326.0,61.0,766.0,9.9,1.11,0,0,0,0,21.014059317327487
2025-12-27 15:00:00,2025-12-27 14:10:00,14118.7587890625,253.0,253.0,56.0,699.4,10.2,1.0,0,0,0,0,17.925977313238022
2025-12-27 16:00:00,2025-12-27 15:10:00,6820.51806640625,143.0,143.0,43.0,558.2,8.4,1.11,0,0,0,0,12.52845030533255
2025-12-27 17:00:00,2025-12-27 16:10:00,274.3659362792969,29.0,29.0,13.0,168.5,5.4,0.86,0,0,0,0,5.289873422958643
2025-12-27 18:00:00,2025-12-27 17:10:00,0.0,0.0,0.0,0.0,0.0,4.7,0.7,0,0,0,0,-3.319632238866341
2025-12-27 19:00:00,2025-12-27 18:10:00,0.0,0.0,0.0,0.0,0.0,5.3,0.38,0,0,0,0,-12.89437719683087
2025-12-27 20:00:00,2025-12-27 19:10:00,0.0,0.0,0.0,0.0,0.0,4.4,0.21,0,0,0,0,-23.097394196470447
2025-12-27 21:00:00,2025-12-27 20:10:00,0.0,0.0,0.0,0.0,0.0,3.1,0.47,0,0,0,0,-33.628653633245165
2025-12-27 22:00:00,2025-12-27 21:10:00,0.0,0.0,0.0,0.0,0.0,2.2,1.0,0,0,0,0,-44.16214839057407
2025-12-27 23:00:00,2025-12-27 22:10:00,0.0,0.0,0.0,0.0,0.0,1.1,0.96,0,0,0,0,-54.2145504301178
2025-12-28 00:00:00,2025-12-27 23:10:00,0.0,0.0,0.0,0.0,0.0,0.2,0.92,0,0,0,0,-62.819206589428894
2025-12-28 01:00:00,2025-12-28 00:10:00,0.0,0.0,0.0,0.0,0.0,-0.1,0.92,1,1,0,0,-67.88409930267194
2025-12-28 02:00:00,2025-12-28 01:10:00,0.0,0.0,0.0,0.0,0.0,-0.3,0.35,1,1,0,0,-66.81870197966865
2025-12-28 03:00:00,2025-12-28 02:10:00,0.0,0.0,0.0,0.0,0.0,-0.4,0.21,5,0,0,5,-60.29332983080073
2025-12-28 04:00:00,2025-12-28 03:10:00,0.0,0.0,0.0,0.0,0.0,-0.5,0.57,0,0,0,0,-51.05993561096639
2025-12-28 05:00:00,2025-12-28 04:10:00,0.0,0.0,0.0,0.0,0.0,0.0,1.22,0,0,0,0,-40.77827249820111
2025-12-28 06:00:00,2025-12-28 05:10:00,0.0,0.0,0.0,0.0,0.0,-0.4,0.81,0,0,0,0,-30.20207498429609
2025-12-28 07:00:00,2025-12-28 06:10:00,0.0,0.0,0.0,0.0,0.0,-0.9,0.25,0,0,0,0,-19.74146489252175
2025-12-28 08:00:00,2025-12-28 07:10:00,0.0,0.0,0.0,0.0,0.0,-1.0,0.85,0,0,0,0,-9.704316412896643
2025-12-28 09:00:00,2025-12-28 08:10:00,10633.9326171875,29.0,29.0,12.0,181.7,0.1,0.47,0,0,0,0,-0.39737682535568936
2025-12-28 10:00:00,2025-12-28 09:10:00,16747.796875,146.0,146.0,42.0,588.1,1.5,0.57,0,0,0,0,7.822311588597826
2025-12-28 11:00:00,2025-12-28 10:10:00,19041.6796875,261.0,261.0,55.0,735.0,3.9,0.58,0,0,0,0,14.525223321125381
2025-12-28 12:00:00,2025-12-28 11:10:00,21300.0390625,337.0,337.0,62.0,795.7,6.2,0.5,0,0,0,0,19.23039345823044
2025-12-28 13:00:00,2025-12-28 12:10:00,21510.630859375,364.0,364.0,64.0,814.4,7.5,0.87,0,0,0,0,21.495948297386818
2025-12-28 14:00:00,2025-12-28 13:10:00,19338.158203125,337.0,337.0,61.0,795.2,8.1,0.97,0,0,0,0,21.06860445984158
2025-12-28 15:00:00,2025-12-28 14:10:00,14260.5244140625,262.0,262.0,56.0,727.6,7.7,0.51,0,0,0,0,17.99845836740471
2025-12-28 16:00:00,2025-12-28 15:10:00,6925.83935546875,149.0,149.0,43.0,586.1,5.3,0.86,0,0,0,0,12.614615786518472
2025-12-28 17:00:00,2025-12-28 16:10:00,273.6322937011719,31.0,31.0,13.0,187.7,2.9,1.17,0,0,0,0,5.385623865488841
2025-12-28 18:00:00,2025-12-28 17:10:00,0.0,0.0,0.0,0.0,0.0,2.2,0.71,0,0,0,0,-3.2175690194613527
2025-12-28 19:00:00,2025-12-28 18:10:00,0.0,0.0,0.0,0.0,0.0,1.5,0.61,0,0,0,0,-12.788377198065353
2025-12-28 20:00:00,2025-12-28 19:10:00,0.0,0.0,0.0,0.0,0.0,0.8,1.2,0,0,0,0,-22.9891528308936
2025-12-28 21:00:00,2025-12-28 20:10:00,0.0,0.0,0.0,0.0,0.0,0.9,0.27,0,0,0,0,-33.519508695365445
2025-12-28 22:00:00,2025-12-28 21:10:00,0.0,0.0,0.0,0.0,0.0,0.4,0.18,0,0,0,0,-44.053581958359665
2025-12-28 23:00:00,2025-12-28 22:10:00,0.0,0.0,0.0,0.0,0.0,0.2,0.16,0,0,0,0,-54.10940186061842
2025-12-29 00:00:00,2025-12-28 23:10:00,0.0,0.0,0.0,0.0,0.0,-0.2,0.38,0,0,0,0,-62.72542590545404
2025-12-29 01:00:00,2025-12-29 00:10:00,0.0,0.0,0.0,0.0,0.0,-0.7,0.67,0,0,0,0,-67.82234474914127
2025-12-29 02:00:00,2025-12-29 01:10:00,0.0,0.0,0.0,0.0,0.0,-0.1,0.05,0,0,0,0,-66.80842466997964
2025-12-29 03:00:00,2025-12-29 02:10:00,0.0,0.0,0.0,0.0,0.0,-0.2,0.21,0,0,0,0,-60.320498101486514
2025-12-29 04:00:00,2025-12-29 03:10:00,0.0,0.0,0.0,0.0,0.0,-0.9,0.93,0,0,0,0,-51.104531268675984
2025-12-29 05:00:00,2025-12-29 04:10:00,0.0,0.0,0.0,0.0,0.0,-1.1,1.31,0,0,0,0,-40.82928016532918
2025-12-29 06:00:00,2025-12-29 05:10:00,0.0,0.0,0.0,0.0,0.0,-1.4,1.08,0,0,0,0,-30.253578523509404
2025-12-29 07:00:00,2025-12-29 06:10:00,0.0,0.0,0.0,0.0,0.0,-1.9,1.07,1,1,0,0,-19.789565275718267
2025-12-29 08:00:00,2025-12-29 07:10:00,0.0,0.0,0.0,0.0,0.0,-1.7,0.8,2,2,0,0,-9.745752611679595
2025-12-29 09:00:00,2025-12-29 08:10:00,9959.158203125,27.0,27.0,12.0,160.6,-0.6,1.01,2,2,0,0,-0.4288904417835733
2025-12-29 10:00:00,2025-12-29 09:10:00,15235.029296875,138.0,138.0,45.0,526.4,1.2,0.92,3,3,0,0,7.8042346954896376
2025-12-29 11:00:00,2025-12-29 10:10:00,18120.82421875,250.0,250.0,61.0,673.9,3.3,0.46,6,6,0,0,14.524242093098122
2025-12-29 12:00:00,2025-12-29 11:10:00,20005.529296875,329.0,329.0,64.0,765.6,5.7,0.25,5,5,0,0,19.249684850286673
2025-12-29 13:00:00,2025-12-29 12:10:00,21186.564453125,357.0,357.0,65.0,790.7,7.7,0.94,0,0,0,0,21.537095516131544
2025-12-29 14:00:00,2025-12-29 13:10:00,19054.375,334.0,334.0,62.0,780.9,8.7,1.02,0,0,0,0,21.130647224113712
2025-12-29 15:00:00,2025-12-29 14:10:00,14394.119140625,260.0,260.0,56.0,716.6,8.8,0.4,0,0,0,0,18.078062270004658
2025-12-29 16:00:00,2025-12-29 15:10:00,7054.74072265625,148.0,148.0,43.0,574.8,7.2,0.05,0,0,0,0,12.707366009746533
2025-12-29 17:00:00,2025-12-29 16:10:00,304.1826171875,32.0,32.0,14.0,185.9,5.1,0.1,0,0,0,0,5.487372338809419
2025-12-29 18:00:00,2025-12-29 17:10:00,0.0,0.0,0.0,0.0,0.0,3.9,0.22,0,0,0,0,-3.110053741172625
2025-12-29 19:00:00,2025-12-29 18:10:00,0.0,0.0,0.0,0.0,0.0,3.0,0.18,0,0,0,0,-12.677372848552437
2025-12-29 20:00:00,2025-12-29 19:10:00,0.0,0.0,0.0,0.0,0.0,2.1,0.25,0,0,0,0,-22.876215537369188
2025-12-29 21:00:00,2025-12-29 20:10:00,0.0,0.0,0.0,0.0,0.0,1.6,0.35,0,0,0,0,-33.405791159324345
2025-12-29 22:00:00,2025-12-29 21:10:00,0.0,0.0,0.0,0.0,0.0,1.4,0.15,0,0,0,0,-43.940304890736726
2025-12-29 23:00:00,2025-12-29 22:10:00,0.0,0.0,0.0,0.0,0.0,0.6,0.14,0,0,0,0,-53.99900247068143
2025-12-30 00:00:00,2025-12-29 23:10:00,0.0,0.0,0.0,0.0,0.0,-0.3,0.32,90,90,0,0,-62.62525358384204
2025-12-30 01:00:00,2025-12-30 00:10:00,0.0,0.0,0.0,0.0,0.0,-1.8,0.79,2,2,0,0,-67.75271223873543
2025-12-30 02:00:00,2025-12-30 01:10:00,0.0,0.0,0.0,0.0,0.0,-1.9,0.15,1,1,0,0,-66.79015538048888
2025-12-30 03:00:00,2025-12-30 02:10:00,0.0,0.0,0.0,0.0,0.0,-2.3,0.2,7,7,0,0,-60.34084003965495
2025-12-30 04:00:00,2025-12-30 03:10:00,0.0,0.0,0.0,0.0,0.0,-2.5,0.52,2,2,0,0,-51.14320634208942
2025-12-30 05:00:00,2025-12-30 04:10:00,0.0,0.0,0.0,0.0,0.0,-2.6,0.98,89,89,0,0,-40.8747937538441
2025-12-30 06:00:00,2025-12-30 05:10:00,0.0,0.0,0.0,0.0,0.0,-2.9,0.67,70,70,0,0,-30.29968141727227
2025-12-30 07:00:00,2025-12-30 06:10:00,0.0,0.0,0.0,0.0,0.0,-2.5,0.75,73,73,0,0,-19.832137910456325
2025-12-30 08:00:00,2025-12-30 07:10:00,0.0,0.0,0.0,0.0,0.0,-2.4,0.74,59,59,0,0,-9.781379748968375
2025-12-30 09:00:00,2025-12-30 08:10:00,9326.267578125,28.0,28.0,14.0,150.1,-1.8,0.29,5,5,0,0,-0.4542049418271039
2025-12-30 10:00:00,2025-12-30 09:10:00,15487.8525390625,141.0,141.0,47.0,532.2,-0.1,0.57,6,6,0,0,7.792809363788931
2025-12-30 11:00:00,2025-12-30 10:10:00,18726.345703125,260.0,260.0,55.0,730.2,2.3,0.61,0,0,0,0,14.530361754146883
2025-12-30 12:00:00,2025-12-30 11:10:00,19799.95703125,338.0,338.0,62.0,795.9,4.4,0.54,0,0,0,0,19.276428913197126
2025-12-30 13:00:00,2025-12-30 12:10:00,21112.34375,369.0,369.0,60.0,834.5,6.3,0.51,0,0,0,0,21.58584181708915
2025-12-30 14:00:00,2025-12-30 13:10:00,19377.548828125,340.0,340.0,60.0,800.7,7.7,0.85,0,0,0,0,21.200159714621883
2025-12-30 15:00:00,2025-12-30 14:10:00,15507.5244140625,268.0,268.0,54.0,747.4,8.1,1.37,0,0,0,0,18.16474813846256
2025-12-30 16:00:00,2025-12-30 15:10:00,7124.43798828125,153.0,153.0,43.0,596.0,7.3,2.5,0,0,0,0,12.806648108817889
2025-12-30 17:00:00,2025-12-30 16:10:00,194.4182891845703,32.0,32.0,14.0,183.9,4.8,2.4,19,19,0,0,5.595055938365902
2025-12-30 18:00:00,2025-12-30 17:10:00,0.0,0.0,0.0,0.0,0.0,3.8,2.14,100,100,0,0,-2.9971569720461653
2025-12-30 19:00:00,2025-12-30 18:10:00,0.0,0.0,0.0,0.0,0.0,4.0,2.47,100,100,0,0,-12.56144016095893
2025-12-30 20:00:00,2025-12-30 19:10:00,0.0,0.0,0.0,0.0,0.0,3.5,1.57,95,95,0,0,-22.7586620599674
2025-12-30 21:00:00,2025-12-30 20:10:00,0.0,0.0,0.0,0.0,0.0,3.0,1.47,88,88,0,0,-33.287583493365
2025-12-30 22:00:00,2025-12-30 21:10:00,0.0,0.0,0.0,0.0,0.0,2.0,1.03,43,43,0,0,-43.82240232559715
2025-12-30 23:00:00,2025-12-30 22:10:00,0.0,0.0,0.0,0.0,0.0,0.6,0.87,48,48,1,0,-53.8834411511049
2025-12-31 00:00:00,2025-12-30 23:10:00,0.0,0.0,0.0,0.0,0.0,0.4,1.08,43,43,3,0,-62.51878087362314
2025-12-31 01:00:00,2025-12-31 00:10:00,0.0,0.0,0.0,0.0,0.0,2.5,1.85,76,76,1,0,-67.6752627810264
2025-12-31 02:00:00,2025-12-31 01:10:00,0.0,0.0,0.0,0.0,0.0,2.3,1.2,23,22,6,0,-66.76386537192863
2025-12-31 03:00:00,2025-12-31 02:10:00,0.0,0.0,0.0,0.0,0.0,2.2,1.12,25,22,7,0,-60.35427928075867
2025-12-31 04:00:00,2025-12-31 03:10:00,0.0,0.0,0.0,0.0,0.0,1.1,0.81,20,7,14,0,-51.175879377046655
2025-12-31 05:00:00,2025-12-31 04:10:00,0.0,0.0,0.0,0.0,0.0,0.6,0.11,39,23,22,0,-40.91473776849957
2025-12-31 06:00:00,2025-12-31 05:10:00,0.0,0.0,0.0,0.0,0.0,0.2,0.53,25,12,18,0,-30.340316666778275
2025-12-31 07:00:00,2025-12-31 06:10:00,0.0,0.0,0.0,0.0,0.0,-0.4,0.76,9,7,2,0,-19.86912537821913
2025-12-31 08:00:00,2025-12-31 07:10:00,0.0,0.0,0.0,0.0,0.0,-0.2,0.32,13,13,0,0,-9.811151004596598
2025-12-31 09:00:00,2025-12-31 08:10:00,8217.703125,24.0,24.0,13.0,117.9,0.1,1.08,9,9,0,0,-0.4732852218941538
2025-12-31 10:00:00,2025-12-31 09:10:00,13221.4052734375,126.0,126.0,49.0,435.7,1.4,0.85,16,16,0,0,7.788057935757558
2025-12-31 11:00:00,2025-12-31 10:10:00,15968.5615234375,226.0,226.0,72.0,547.7,3.2,0.68,28,28,0,0,14.543591216137608
2025-12-31 12:00:00,2025-12-31 11:10:00,17305.212890625,298.0,298.0,83.0,618.6,4.8,0.8,45,45,1,0,19.310621018641747
2025-12-31 13:00:00,2025-12-31 12:10:00,16138.34375,328.0,328.0,87.0,648.8,5.8,1.34,66,66,0,0,21.642169246236612
2025-12-31 14:00:00,2025-12-31 13:10:00,16295.0615234375,303.0,303.0,84.0,623.7,6.3,1.1,16,16,1,0,21.27711077912787
2025-12-31 15:00:00,2025-12-31 14:10:00,12577.8251953125,221.0,221.0,86.0,468.6,6.1,1.32,3,2,2,0,18.258471886786587
2025-12-31 16:00:00,2025-12-31 15:10:00,6610.0380859375,131.0,131.0,58.0,391.4,5.4,1.2,13,12,0,0,12.912406175081529
2025-12-31 17:00:00,2025-12-31 16:10:00,201.9133758544922,30.0,30.0,15.0,151.6,3.5,1.05,48,48,0,0,5.708609020177449
2025-12-31 18:00:00,2025-12-31 17:10:00,0.0,0.0,0.0,0.0,0.0,3.3,0.82,100,100,0,0,-2.8789515908486267
2025-12-31 19:00:00,2025-12-31 18:10:00,0.0,0.0,0.0,0.0,0.0,3.2,0.4,100,100,0,0,-12.440656944385665
2025-12-31 20:00:00,2025-12-31 19:10:00,0.0,0.0,0.0,0.0,0.0,3.5,0.1,100,100,0,0,-22.636573378932063
2025-12-31 21:00:00,2025-12-31 20:10:00,0.0,0.0,0.0,0.0,0.0,3.5,0.18,100,100,0,0,-33.164968833690196
2025-12-31 22:00:00,2025-12-31 21:10:00,0.0,0.0,0.0,0.0,0.0,3.0,0.11,100,100,0,0,-43.69995956067848
2025-12-31 23:00:00,2025-12-31 22:10:00,0.0,0.0,0.0,0.0,0.0,2.6,0.22,5,5,0,0,-53.762806730757184
