Family_Type,Sc0_Unit_€,Sc1_Unit_Alloc_€,Savings_Unit_€,Total_Savings_Type_€
A,2255.2561624719174,1863.5099513191956,391.7462111527218,1958.731055763609
B,1761.4860286235782,1863.5099513191956,-102.02392269561733,-510.11961347808665
C,1896.6889319843904,1863.5099513191956,33.178980665194786,165.89490332597393
D,1999.3389396843077,1863.5099513191956,135.82898836511208,679.1449418255604
