Direct_Load_kWh,To_Battery_kWh,Exported_kWh,Curtailed_kWh,Self_Consumption_%,Self_Sufficiency_%
41085.69683242546,1689.5670374838505,0.0,129.69364333058158,99.69771874662605,12.59797183353183
