Band,Sc0_Import_kWh,Sc1_Import_kWh,Sc0_Cost_€,Sc1_Cost_€,Diff_kWh,Diff_€
F1,99564.11751578971,69436.0102611168,12929.894121188032,9017.307472559933,-30128.107254672912,-3912.5866486280993
F2,87161.24334282918,80929.73316581229,10499.966340537261,9749.281235552744,-6231.5101770168985,-750.6851049845172
F3,151474.37263146922,145227.68289699807,16133.989852095678,15468.636188407956,-6246.689734471147,-665.3536636877216
