Family_Type,Annual_kWh_per_unit,Annual_Cost_€_per_unit,Units,Total_kWh,Total_Cost_€
A,19443.1618470205,2255.2561624719174,5,97215.8092351025,11276.280812359586
B,14978.967798442836,1761.4860286235782,5,74894.83899221418,8807.430143117892
C,16167.810934039662,1896.6889319843906,5,80839.05467019831,9483.444659921954
D,17050.006118514622,1999.3389396843077,5,85250.03059257311,9996.69469842154
